patient_id,eye,filename,image_path,dr_stage,dr_label
0,right,0_right.jpg,C:\Users\sures\.cache\kagglehub\datasets\andrewmvd\ocular-disease-recognition-odir5k\versions\2\ODIR-5K\ODIR-5K\Training Images\0_right.jpg,0,No DR
1,left,1_left.jpg,C:\Users\sures\.cache\kagglehub\datasets\andrewmvd\ocular-disease-recognition-odir5k\versions\2\ODIR-5K\ODIR-5K\Training Images\1_left.jpg,0,No DR
1,right,1_right.jpg,C:\Users\sures\.cache\kagglehub\datasets\andrewmvd\ocular-disease-recognition-odir5k\versions\2\ODIR-5K\ODIR-5K\Training Images\1_right.jpg,0,No DR
2,left,2_left.jpg,C:\Users\sures\.cache\kagglehub\datasets\andrewmvd\ocular-disease-recognition-odir5k\versions\2\ODIR-5K\ODIR-5K\Training Images\2_left.jpg,2,Moderate DR
2,right,2_right.jpg,C:\Users\sures\.cache\kagglehub\datasets\andrewmvd\ocular-disease-recognition-odir5k\versions\2\ODIR-5K\ODIR-5K\Training Images\2_right.jpg,2,Moderate DR
4,right,4_right.jpg,C:\Users\sures\.cache\kagglehub\datasets\andrewmvd\ocular-disease-recognition-odir5k\versions\2\ODIR-5K\ODIR-5K\Training Images\4_right.jpg,1,Mild DR
5,left,5_left.jpg,C:\Users\sures\.cache\kagglehub\datasets\andrewmvd\ocular-disease-recognition-odir5k\versions\2\ODIR-5K\ODIR-5K\Training Images\5_left.jpg,2,Moderate DR
5,right,5_right.jpg,C:\Users\sures\.cache\kagglehub\datasets\andrewmvd\ocular-disease-recognition-odir5k\versions\2\ODIR-5K\ODIR-5K\Training Images\5_right.jpg,2,Moderate DR
6,right,6_right.jpg,C:\Users\sures\.cache\kagglehub\datasets\andrewmvd\ocular-disease-recognition-odir5k\versions\2\ODIR-5K\ODIR-5K\Training Images\6_right.jpg,2,Moderate DR
7,right,7_right.jpg,C:\Users\sures\.cache\kagglehub\datasets\andrewmvd\ocular-disease-recognition-odir5k\versions\2\ODIR-5K\ODIR-5K\Training Images\7_right.jpg,1,Mild DR
8,left,8_left.jpg,C:\Users\sures\.cache\kagglehub\datasets\andrewmvd\ocular-disease-recognition-odir5k\versions\2\ODIR-5K\ODIR-5K\Training Images\8_left.jpg,0,No DR
8,right,8_right.jpg,C:\Users\sures\.cache\kagglehub\datasets\andrewmvd\ocular-disease-recognition-odir5k\versions\2\ODIR-5K\ODIR-5K\Training Images\8_right.jpg,0,No DR
9,left,9_left.jpg,C:\Users\sures\.cache\kagglehub\datasets\andrewmvd\ocular-disease-recognition-odir5k\versions\2\ODIR-5K\ODIR-5K\Training Images\9_left.jpg,0,No DR
10,right,10_right.jpg,C:\Users\sures\.cache\kagglehub\datasets\andrewmvd\ocular-disease-recognition-odir5k\versions\2\ODIR-5K\ODIR-5K\Training Images\10_right.jpg,0,No DR
11,left,11_left.jpg,C:\Users\sures\.cache\kagglehub\datasets\andrewmvd\ocular-disease-recognition-odir5k\versions\2\ODIR-5K\ODIR-5K\Training Images\11_left.jpg,2,Moderate DR
11,right,11_right.jpg,C:\Users\sures\.cache\kagglehub\datasets\andrewmvd\ocular-disease-recognition-odir5k\versions\2\ODIR-5K\ODIR-5K\Training Images\11_right.jpg,2,Moderate DR
14,left,14_left.jpg,C:\Users\sures\.cache\kagglehub\datasets\andrewmvd\ocular-disease-recognition-odir5k\versions\2\ODIR-5K\ODIR-5K\Training Images\14_left.jpg,0,No DR
15,left,15_left.jpg,C:\Users\sures\.cache\kagglehub\datasets\andrewmvd\ocular-disease-recognition-odir5k\versions\2\ODIR-5K\ODIR-5K\Training Images\15_left.jpg,0,No DR
16,left,16_left.jpg,C:\Users\sures\.cache\kagglehub\datasets\andrewmvd\ocular-disease-recognition-odir5k\versions\2\ODIR-5K\ODIR-5K\Training Images\16_left.jpg,0,No DR
19,left,19_left.jpg,C:\Users\sures\.cache\kagglehub\datasets\andrewmvd\ocular-disease-recognition-odir5k\versions\2\ODIR-5K\ODIR-5K\Training Images\19_left.jpg,1,Mild DR
19,right,19_right.jpg,C:\Users\sures\.cache\kagglehub\datasets\andrewmvd\ocular-disease-recognition-odir5k\versions\2\ODIR-5K\ODIR-5K\Training Images\19_right.jpg,1,Mild DR
24,left,24_left.jpg,C:\Users\sures\.cache\kagglehub\datasets\andrewmvd\ocular-disease-recognition-odir5k\versions\2\ODIR-5K\ODIR-5K\Training Images\24_left.jpg,0,No DR
26,left,26_left.jpg,C:\Users\sures\.cache\kagglehub\datasets\andrewmvd\ocular-disease-recognition-odir5k\versions\2\ODIR-5K\ODIR-5K\Training Images\26_left.jpg,2,Moderate DR
26,right,26_right.jpg,C:\Users\sures\.cache\kagglehub\datasets\andrewmvd\ocular-disease-recognition-odir5k\versions\2\ODIR-5K\ODIR-5K\Training Images\26_right.jpg,2,Moderate DR
27,left,27_left.jpg,C:\Users\sures\.cache\kagglehub\datasets\andrewmvd\ocular-disease-recognition-odir5k\versions\2\ODIR-5K\ODIR-5K\Training Images\27_left.jpg,0,No DR
27,right,27_right.jpg,C:\Users\sures\.cache\kagglehub\datasets\andrewmvd\ocular-disease-recognition-odir5k\versions\2\ODIR-5K\ODIR-5K\Training Images\27_right.jpg,2,Moderate DR
31,right,31_right.jpg,C:\Users\sures\.cache\kagglehub\datasets\andrewmvd\ocular-disease-recognition-odir5k\versions\2\ODIR-5K\ODIR-5K\Training Images\31_right.jpg,0,No DR
33,left,33_left.jpg,C:\Users\sures\.cache\kagglehub\datasets\andrewmvd\ocular-disease-recognition-odir5k\versions\2\ODIR-5K\ODIR-5K\Training Images\33_left.jpg,0,No DR
35,right,35_right.jpg,C:\Users\sures\.cache\kagglehub\datasets\andrewmvd\ocular-disease-recognition-odir5k\versions\2\ODIR-5K\ODIR-5K\Training Images\35_right.jpg,0,No DR
37,left,37_left.jpg,C:\Users\sures\.cache\kagglehub\datasets\andrewmvd\ocular-disease-recognition-odir5k\versions\2\ODIR-5K\ODIR-5K\Training Images\37_left.jpg,1,Mild DR
37,right,37_right.jpg,C:\Users\sures\.cache\kagglehub\datasets\andrewmvd\ocular-disease-recognition-odir5k\versions\2\ODIR-5K\ODIR-5K\Training Images\37_right.jpg,0,No DR
38,right,38_right.jpg,C:\Users\sures\.cache\kagglehub\datasets\andrewmvd\ocular-disease-recognition-odir5k\versions\2\ODIR-5K\ODIR-5K\Training Images\38_right.jpg,0,No DR
42,left,42_left.jpg,C:\Users\sures\.cache\kagglehub\datasets\andrewmvd\ocular-disease-recognition-odir5k\versions\2\ODIR-5K\ODIR-5K\Training Images\42_left.jpg,0,No DR
46,left,46_left.jpg,C:\Users\sures\.cache\kagglehub\datasets\andrewmvd\ocular-disease-recognition-odir5k\versions\2\ODIR-5K\ODIR-5K\Training Images\46_left.jpg,2,Moderate DR
47,left,47_left.jpg,C:\Users\sures\.cache\kagglehub\datasets\andrewmvd\ocular-disease-recognition-odir5k\versions\2\ODIR-5K\ODIR-5K\Training Images\47_left.jpg,2,Moderate DR
47,right,47_right.jpg,C:\Users\sures\.cache\kagglehub\datasets\andrewmvd\ocular-disease-recognition-odir5k\versions\2\ODIR-5K\ODIR-5K\Training Images\47_right.jpg,0,No DR
49,left,49_left.jpg,C:\Users\sures\.cache\kagglehub\datasets\andrewmvd\ocular-disease-recognition-odir5k\versions\2\ODIR-5K\ODIR-5K\Training Images\49_left.jpg,1,Mild DR
49,right,49_right.jpg,C:\Users\sures\.cache\kagglehub\datasets\andrewmvd\ocular-disease-recognition-odir5k\versions\2\ODIR-5K\ODIR-5K\Training Images\49_right.jpg,0,No DR
52,left,52_left.jpg,C:\Users\sures\.cache\kagglehub\datasets\andrewmvd\ocular-disease-recognition-odir5k\versions\2\ODIR-5K\ODIR-5K\Training Images\52_left.jpg,0,No DR
56,left,56_left.jpg,C:\Users\sures\.cache\kagglehub\datasets\andrewmvd\ocular-disease-recognition-odir5k\versions\2\ODIR-5K\ODIR-5K\Training Images\56_left.jpg,0,No DR
58,left,58_left.jpg,C:\Users\sures\.cache\kagglehub\datasets\andrewmvd\ocular-disease-recognition-odir5k\versions\2\ODIR-5K\ODIR-5K\Training Images\58_left.jpg,0,No DR
60,left,60_left.jpg,C:\Users\sures\.cache\kagglehub\datasets\andrewmvd\ocular-disease-recognition-odir5k\versions\2\ODIR-5K\ODIR-5K\Training Images\60_left.jpg,0,No DR
61,right,61_right.jpg,C:\Users\sures\.cache\kagglehub\datasets\andrewmvd\ocular-disease-recognition-odir5k\versions\2\ODIR-5K\ODIR-5K\Training Images\61_right.jpg,0,No DR
64,left,64_left.jpg,C:\Users\sures\.cache\kagglehub\datasets\andrewmvd\ocular-disease-recognition-odir5k\versions\2\ODIR-5K\ODIR-5K\Training Images\64_left.jpg,1,Mild DR
64,right,64_right.jpg,C:\Users\sures\.cache\kagglehub\datasets\andrewmvd\ocular-disease-recognition-odir5k\versions\2\ODIR-5K\ODIR-5K\Training Images\64_right.jpg,1,Mild DR
65,right,65_right.jpg,C:\Users\sures\.cache\kagglehub\datasets\andrewmvd\ocular-disease-recognition-odir5k\versions\2\ODIR-5K\ODIR-5K\Training Images\65_right.jpg,0,No DR
66,right,66_right.jpg,C:\Users\sures\.cache\kagglehub\datasets\andrewmvd\ocular-disease-recognition-odir5k\versions\2\ODIR-5K\ODIR-5K\Training Images\66_right.jpg,0,No DR
67,left,67_left.jpg,C:\Users\sures\.cache\kagglehub\datasets\andrewmvd\ocular-disease-recognition-odir5k\versions\2\ODIR-5K\ODIR-5K\Training Images\67_left.jpg,1,Mild DR
67,right,67_right.jpg,C:\Users\sures\.cache\kagglehub\datasets\andrewmvd\ocular-disease-recognition-odir5k\versions\2\ODIR-5K\ODIR-5K\Training Images\67_right.jpg,1,Mild DR
68,left,68_left.jpg,C:\Users\sures\.cache\kagglehub\datasets\andrewmvd\ocular-disease-recognition-odir5k\versions\2\ODIR-5K\ODIR-5K\Training Images\68_left.jpg,0,No DR
71,left,71_left.jpg,C:\Users\sures\.cache\kagglehub\datasets\andrewmvd\ocular-disease-recognition-odir5k\versions\2\ODIR-5K\ODIR-5K\Training Images\71_left.jpg,1,Mild DR
71,right,71_right.jpg,C:\Users\sures\.cache\kagglehub\datasets\andrewmvd\ocular-disease-recognition-odir5k\versions\2\ODIR-5K\ODIR-5K\Training Images\71_right.jpg,1,Mild DR
77,left,77_left.jpg,C:\Users\sures\.cache\kagglehub\datasets\andrewmvd\ocular-disease-recognition-odir5k\versions\2\ODIR-5K\ODIR-5K\Training Images\77_left.jpg,2,Moderate DR
78,right,78_right.jpg,C:\Users\sures\.cache\kagglehub\datasets\andrewmvd\ocular-disease-recognition-odir5k\versions\2\ODIR-5K\ODIR-5K\Training Images\78_right.jpg,0,No DR
82,left,82_left.jpg,C:\Users\sures\.cache\kagglehub\datasets\andrewmvd\ocular-disease-recognition-odir5k\versions\2\ODIR-5K\ODIR-5K\Training Images\82_left.jpg,0,No DR
85,left,85_left.jpg,C:\Users\sures\.cache\kagglehub\datasets\andrewmvd\ocular-disease-recognition-odir5k\versions\2\ODIR-5K\ODIR-5K\Training Images\85_left.jpg,0,No DR
86,left,86_left.jpg,C:\Users\sures\.cache\kagglehub\datasets\andrewmvd\ocular-disease-recognition-odir5k\versions\2\ODIR-5K\ODIR-5K\Training Images\86_left.jpg,1,Mild DR
87,left,87_left.jpg,C:\Users\sures\.cache\kagglehub\datasets\andrewmvd\ocular-disease-recognition-odir5k\versions\2\ODIR-5K\ODIR-5K\Training Images\87_left.jpg,2,Moderate DR
87,right,87_right.jpg,C:\Users\sures\.cache\kagglehub\datasets\andrewmvd\ocular-disease-recognition-odir5k\versions\2\ODIR-5K\ODIR-5K\Training Images\87_right.jpg,1,Mild DR
90,left,90_left.jpg,C:\Users\sures\.cache\kagglehub\datasets\andrewmvd\ocular-disease-recognition-odir5k\versions\2\ODIR-5K\ODIR-5K\Training Images\90_left.jpg,2,Moderate DR
90,right,90_right.jpg,C:\Users\sures\.cache\kagglehub\datasets\andrewmvd\ocular-disease-recognition-odir5k\versions\2\ODIR-5K\ODIR-5K\Training Images\90_right.jpg,2,Moderate DR
93,left,93_left.jpg,C:\Users\sures\.cache\kagglehub\datasets\andrewmvd\ocular-disease-recognition-odir5k\versions\2\ODIR-5K\ODIR-5K\Training Images\93_left.jpg,2,Moderate DR
93,right,93_right.jpg,C:\Users\sures\.cache\kagglehub\datasets\andrewmvd\ocular-disease-recognition-odir5k\versions\2\ODIR-5K\ODIR-5K\Training Images\93_right.jpg,2,Moderate DR
94,left,94_left.jpg,C:\Users\sures\.cache\kagglehub\datasets\andrewmvd\ocular-disease-recognition-odir5k\versions\2\ODIR-5K\ODIR-5K\Training Images\94_left.jpg,0,No DR
94,right,94_right.jpg,C:\Users\sures\.cache\kagglehub\datasets\andrewmvd\ocular-disease-recognition-odir5k\versions\2\ODIR-5K\ODIR-5K\Training Images\94_right.jpg,1,Mild DR
96,right,96_right.jpg,C:\Users\sures\.cache\kagglehub\datasets\andrewmvd\ocular-disease-recognition-odir5k\versions\2\ODIR-5K\ODIR-5K\Training Images\96_right.jpg,2,Moderate DR
98,right,98_right.jpg,C:\Users\sures\.cache\kagglehub\datasets\andrewmvd\ocular-disease-recognition-odir5k\versions\2\ODIR-5K\ODIR-5K\Training Images\98_right.jpg,0,No DR
99,right,99_right.jpg,C:\Users\sures\.cache\kagglehub\datasets\andrewmvd\ocular-disease-recognition-odir5k\versions\2\ODIR-5K\ODIR-5K\Training Images\99_right.jpg,0,No DR
100,right,100_right.jpg,C:\Users\sures\.cache\kagglehub\datasets\andrewmvd\ocular-disease-recognition-odir5k\versions\2\ODIR-5K\ODIR-5K\Training Images\100_right.jpg,0,No DR
105,right,105_right.jpg,C:\Users\sures\.cache\kagglehub\datasets\andrewmvd\ocular-disease-recognition-odir5k\versions\2\ODIR-5K\ODIR-5K\Training Images\105_right.jpg,0,No DR
110,right,110_right.jpg,C:\Users\sures\.cache\kagglehub\datasets\andrewmvd\ocular-disease-recognition-odir5k\versions\2\ODIR-5K\ODIR-5K\Training Images\110_right.jpg,0,No DR
111,left,111_left.jpg,C:\Users\sures\.cache\kagglehub\datasets\andrewmvd\ocular-disease-recognition-odir5k\versions\2\ODIR-5K\ODIR-5K\Training Images\111_left.jpg,3,Severe DR
111,right,111_right.jpg,C:\Users\sures\.cache\kagglehub\datasets\andrewmvd\ocular-disease-recognition-odir5k\versions\2\ODIR-5K\ODIR-5K\Training Images\111_right.jpg,2,Moderate DR
113,left,113_left.jpg,C:\Users\sures\.cache\kagglehub\datasets\andrewmvd\ocular-disease-recognition-odir5k\versions\2\ODIR-5K\ODIR-5K\Training Images\113_left.jpg,2,Moderate DR
114,right,114_right.jpg,C:\Users\sures\.cache\kagglehub\datasets\andrewmvd\ocular-disease-recognition-odir5k\versions\2\ODIR-5K\ODIR-5K\Training Images\114_right.jpg,0,No DR
117,left,117_left.jpg,C:\Users\sures\.cache\kagglehub\datasets\andrewmvd\ocular-disease-recognition-odir5k\versions\2\ODIR-5K\ODIR-5K\Training Images\117_left.jpg,0,No DR
118,left,118_left.jpg,C:\Users\sures\.cache\kagglehub\datasets\andrewmvd\ocular-disease-recognition-odir5k\versions\2\ODIR-5K\ODIR-5K\Training Images\118_left.jpg,2,Moderate DR
118,right,118_right.jpg,C:\Users\sures\.cache\kagglehub\datasets\andrewmvd\ocular-disease-recognition-odir5k\versions\2\ODIR-5K\ODIR-5K\Training Images\118_right.jpg,2,Moderate DR
120,left,120_left.jpg,C:\Users\sures\.cache\kagglehub\datasets\andrewmvd\ocular-disease-recognition-odir5k\versions\2\ODIR-5K\ODIR-5K\Training Images\120_left.jpg,4,Proliferative DR
120,right,120_right.jpg,C:\Users\sures\.cache\kagglehub\datasets\andrewmvd\ocular-disease-recognition-odir5k\versions\2\ODIR-5K\ODIR-5K\Training Images\120_right.jpg,4,Proliferative DR
122,right,122_right.jpg,C:\Users\sures\.cache\kagglehub\datasets\andrewmvd\ocular-disease-recognition-odir5k\versions\2\ODIR-5K\ODIR-5K\Training Images\122_right.jpg,0,No DR
123,right,123_right.jpg,C:\Users\sures\.cache\kagglehub\datasets\andrewmvd\ocular-disease-recognition-odir5k\versions\2\ODIR-5K\ODIR-5K\Training Images\123_right.jpg,1,Mild DR
125,right,125_right.jpg,C:\Users\sures\.cache\kagglehub\datasets\andrewmvd\ocular-disease-recognition-odir5k\versions\2\ODIR-5K\ODIR-5K\Training Images\125_right.jpg,0,No DR
128,left,128_left.jpg,C:\Users\sures\.cache\kagglehub\datasets\andrewmvd\ocular-disease-recognition-odir5k\versions\2\ODIR-5K\ODIR-5K\Training Images\128_left.jpg,0,No DR
129,right,129_right.jpg,C:\Users\sures\.cache\kagglehub\datasets\andrewmvd\ocular-disease-recognition-odir5k\versions\2\ODIR-5K\ODIR-5K\Training Images\129_right.jpg,0,No DR
132,left,132_left.jpg,C:\Users\sures\.cache\kagglehub\datasets\andrewmvd\ocular-disease-recognition-odir5k\versions\2\ODIR-5K\ODIR-5K\Training Images\132_left.jpg,0,No DR
133,left,133_left.jpg,C:\Users\sures\.cache\kagglehub\datasets\andrewmvd\ocular-disease-recognition-odir5k\versions\2\ODIR-5K\ODIR-5K\Training Images\133_left.jpg,2,Moderate DR
133,right,133_right.jpg,C:\Users\sures\.cache\kagglehub\datasets\andrewmvd\ocular-disease-recognition-odir5k\versions\2\ODIR-5K\ODIR-5K\Training Images\133_right.jpg,2,Moderate DR
137,left,137_left.jpg,C:\Users\sures\.cache\kagglehub\datasets\andrewmvd\ocular-disease-recognition-odir5k\versions\2\ODIR-5K\ODIR-5K\Training Images\137_left.jpg,0,No DR
137,right,137_right.jpg,C:\Users\sures\.cache\kagglehub\datasets\andrewmvd\ocular-disease-recognition-odir5k\versions\2\ODIR-5K\ODIR-5K\Training Images\137_right.jpg,2,Moderate DR
139,left,139_left.jpg,C:\Users\sures\.cache\kagglehub\datasets\andrewmvd\ocular-disease-recognition-odir5k\versions\2\ODIR-5K\ODIR-5K\Training Images\139_left.jpg,3,Severe DR
139,right,139_right.jpg,C:\Users\sures\.cache\kagglehub\datasets\andrewmvd\ocular-disease-recognition-odir5k\versions\2\ODIR-5K\ODIR-5K\Training Images\139_right.jpg,3,Severe DR
140,left,140_left.jpg,C:\Users\sures\.cache\kagglehub\datasets\andrewmvd\ocular-disease-recognition-odir5k\versions\2\ODIR-5K\ODIR-5K\Training Images\140_left.jpg,0,No DR
143,left,143_left.jpg,C:\Users\sures\.cache\kagglehub\datasets\andrewmvd\ocular-disease-recognition-odir5k\versions\2\ODIR-5K\ODIR-5K\Training Images\143_left.jpg,0,No DR
144,right,144_right.jpg,C:\Users\sures\.cache\kagglehub\datasets\andrewmvd\ocular-disease-recognition-odir5k\versions\2\ODIR-5K\ODIR-5K\Training Images\144_right.jpg,0,No DR
148,right,148_right.jpg,C:\Users\sures\.cache\kagglehub\datasets\andrewmvd\ocular-disease-recognition-odir5k\versions\2\ODIR-5K\ODIR-5K\Training Images\148_right.jpg,2,Moderate DR
149,left,149_left.jpg,C:\Users\sures\.cache\kagglehub\datasets\andrewmvd\ocular-disease-recognition-odir5k\versions\2\ODIR-5K\ODIR-5K\Training Images\149_left.jpg,0,No DR
150,right,150_right.jpg,C:\Users\sures\.cache\kagglehub\datasets\andrewmvd\ocular-disease-recognition-odir5k\versions\2\ODIR-5K\ODIR-5K\Training Images\150_right.jpg,0,No DR
159,left,159_left.jpg,C:\Users\sures\.cache\kagglehub\datasets\andrewmvd\ocular-disease-recognition-odir5k\versions\2\ODIR-5K\ODIR-5K\Training Images\159_left.jpg,1,Mild DR
159,right,159_right.jpg,C:\Users\sures\.cache\kagglehub\datasets\andrewmvd\ocular-disease-recognition-odir5k\versions\2\ODIR-5K\ODIR-5K\Training Images\159_right.jpg,0,No DR
161,left,161_left.jpg,C:\Users\sures\.cache\kagglehub\datasets\andrewmvd\ocular-disease-recognition-odir5k\versions\2\ODIR-5K\ODIR-5K\Training Images\161_left.jpg,1,Mild DR
161,right,161_right.jpg,C:\Users\sures\.cache\kagglehub\datasets\andrewmvd\ocular-disease-recognition-odir5k\versions\2\ODIR-5K\ODIR-5K\Training Images\161_right.jpg,1,Mild DR
165,right,165_right.jpg,C:\Users\sures\.cache\kagglehub\datasets\andrewmvd\ocular-disease-recognition-odir5k\versions\2\ODIR-5K\ODIR-5K\Training Images\165_right.jpg,0,No DR
166,left,166_left.jpg,C:\Users\sures\.cache\kagglehub\datasets\andrewmvd\ocular-disease-recognition-odir5k\versions\2\ODIR-5K\ODIR-5K\Training Images\166_left.jpg,0,No DR
169,left,169_left.jpg,C:\Users\sures\.cache\kagglehub\datasets\andrewmvd\ocular-disease-recognition-odir5k\versions\2\ODIR-5K\ODIR-5K\Training Images\169_left.jpg,2,Moderate DR
169,right,169_right.jpg,C:\Users\sures\.cache\kagglehub\datasets\andrewmvd\ocular-disease-recognition-odir5k\versions\2\ODIR-5K\ODIR-5K\Training Images\169_right.jpg,2,Moderate DR
170,right,170_right.jpg,C:\Users\sures\.cache\kagglehub\datasets\andrewmvd\ocular-disease-recognition-odir5k\versions\2\ODIR-5K\ODIR-5K\Training Images\170_right.jpg,0,No DR
173,left,173_left.jpg,C:\Users\sures\.cache\kagglehub\datasets\andrewmvd\ocular-disease-recognition-odir5k\versions\2\ODIR-5K\ODIR-5K\Training Images\173_left.jpg,0,No DR
175,right,175_right.jpg,C:\Users\sures\.cache\kagglehub\datasets\andrewmvd\ocular-disease-recognition-odir5k\versions\2\ODIR-5K\ODIR-5K\Training Images\175_right.jpg,2,Moderate DR
176,left,176_left.jpg,C:\Users\sures\.cache\kagglehub\datasets\andrewmvd\ocular-disease-recognition-odir5k\versions\2\ODIR-5K\ODIR-5K\Training Images\176_left.jpg,2,Moderate DR
176,right,176_right.jpg,C:\Users\sures\.cache\kagglehub\datasets\andrewmvd\ocular-disease-recognition-odir5k\versions\2\ODIR-5K\ODIR-5K\Training Images\176_right.jpg,2,Moderate DR
180,right,180_right.jpg,C:\Users\sures\.cache\kagglehub\datasets\andrewmvd\ocular-disease-recognition-odir5k\versions\2\ODIR-5K\ODIR-5K\Training Images\180_right.jpg,0,No DR
182,right,182_right.jpg,C:\Users\sures\.cache\kagglehub\datasets\andrewmvd\ocular-disease-recognition-odir5k\versions\2\ODIR-5K\ODIR-5K\Training Images\182_right.jpg,0,No DR
183,right,183_right.jpg,C:\Users\sures\.cache\kagglehub\datasets\andrewmvd\ocular-disease-recognition-odir5k\versions\2\ODIR-5K\ODIR-5K\Training Images\183_right.jpg,0,No DR
184,left,184_left.jpg,C:\Users\sures\.cache\kagglehub\datasets\andrewmvd\ocular-disease-recognition-odir5k\versions\2\ODIR-5K\ODIR-5K\Training Images\184_left.jpg,0,No DR
184,right,184_right.jpg,C:\Users\sures\.cache\kagglehub\datasets\andrewmvd\ocular-disease-recognition-odir5k\versions\2\ODIR-5K\ODIR-5K\Training Images\184_right.jpg,2,Moderate DR
186,left,186_left.jpg,C:\Users\sures\.cache\kagglehub\datasets\andrewmvd\ocular-disease-recognition-odir5k\versions\2\ODIR-5K\ODIR-5K\Training Images\186_left.jpg,2,Moderate DR
186,right,186_right.jpg,C:\Users\sures\.cache\kagglehub\datasets\andrewmvd\ocular-disease-recognition-odir5k\versions\2\ODIR-5K\ODIR-5K\Training Images\186_right.jpg,1,Mild DR
187,left,187_left.jpg,C:\Users\sures\.cache\kagglehub\datasets\andrewmvd\ocular-disease-recognition-odir5k\versions\2\ODIR-5K\ODIR-5K\Training Images\187_left.jpg,0,No DR
188,left,188_left.jpg,C:\Users\sures\.cache\kagglehub\datasets\andrewmvd\ocular-disease-recognition-odir5k\versions\2\ODIR-5K\ODIR-5K\Training Images\188_left.jpg,4,Proliferative DR
189,left,189_left.jpg,C:\Users\sures\.cache\kagglehub\datasets\andrewmvd\ocular-disease-recognition-odir5k\versions\2\ODIR-5K\ODIR-5K\Training Images\189_left.jpg,0,No DR
190,left,190_left.jpg,C:\Users\sures\.cache\kagglehub\datasets\andrewmvd\ocular-disease-recognition-odir5k\versions\2\ODIR-5K\ODIR-5K\Training Images\190_left.jpg,0,No DR
194,left,194_left.jpg,C:\Users\sures\.cache\kagglehub\datasets\andrewmvd\ocular-disease-recognition-odir5k\versions\2\ODIR-5K\ODIR-5K\Training Images\194_left.jpg,0,No DR
195,left,195_left.jpg,C:\Users\sures\.cache\kagglehub\datasets\andrewmvd\ocular-disease-recognition-odir5k\versions\2\ODIR-5K\ODIR-5K\Training Images\195_left.jpg,2,Moderate DR
195,right,195_right.jpg,C:\Users\sures\.cache\kagglehub\datasets\andrewmvd\ocular-disease-recognition-odir5k\versions\2\ODIR-5K\ODIR-5K\Training Images\195_right.jpg,2,Moderate DR
196,right,196_right.jpg,C:\Users\sures\.cache\kagglehub\datasets\andrewmvd\ocular-disease-recognition-odir5k\versions\2\ODIR-5K\ODIR-5K\Training Images\196_right.jpg,0,No DR
200,right,200_right.jpg,C:\Users\sures\.cache\kagglehub\datasets\andrewmvd\ocular-disease-recognition-odir5k\versions\2\ODIR-5K\ODIR-5K\Training Images\200_right.jpg,0,No DR
201,left,201_left.jpg,C:\Users\sures\.cache\kagglehub\datasets\andrewmvd\ocular-disease-recognition-odir5k\versions\2\ODIR-5K\ODIR-5K\Training Images\201_left.jpg,2,Moderate DR
205,right,205_right.jpg,C:\Users\sures\.cache\kagglehub\datasets\andrewmvd\ocular-disease-recognition-odir5k\versions\2\ODIR-5K\ODIR-5K\Training Images\205_right.jpg,0,No DR
206,left,206_left.jpg,C:\Users\sures\.cache\kagglehub\datasets\andrewmvd\ocular-disease-recognition-odir5k\versions\2\ODIR-5K\ODIR-5K\Training Images\206_left.jpg,1,Mild DR
206,right,206_right.jpg,C:\Users\sures\.cache\kagglehub\datasets\andrewmvd\ocular-disease-recognition-odir5k\versions\2\ODIR-5K\ODIR-5K\Training Images\206_right.jpg,2,Moderate DR
207,left,207_left.jpg,C:\Users\sures\.cache\kagglehub\datasets\andrewmvd\ocular-disease-recognition-odir5k\versions\2\ODIR-5K\ODIR-5K\Training Images\207_left.jpg,1,Mild DR
207,right,207_right.jpg,C:\Users\sures\.cache\kagglehub\datasets\andrewmvd\ocular-disease-recognition-odir5k\versions\2\ODIR-5K\ODIR-5K\Training Images\207_right.jpg,1,Mild DR
211,left,211_left.jpg,C:\Users\sures\.cache\kagglehub\datasets\andrewmvd\ocular-disease-recognition-odir5k\versions\2\ODIR-5K\ODIR-5K\Training Images\211_left.jpg,2,Moderate DR
211,right,211_right.jpg,C:\Users\sures\.cache\kagglehub\datasets\andrewmvd\ocular-disease-recognition-odir5k\versions\2\ODIR-5K\ODIR-5K\Training Images\211_right.jpg,2,Moderate DR
212,left,212_left.jpg,C:\Users\sures\.cache\kagglehub\datasets\andrewmvd\ocular-disease-recognition-odir5k\versions\2\ODIR-5K\ODIR-5K\Training Images\212_left.jpg,1,Mild DR
212,right,212_right.jpg,C:\Users\sures\.cache\kagglehub\datasets\andrewmvd\ocular-disease-recognition-odir5k\versions\2\ODIR-5K\ODIR-5K\Training Images\212_right.jpg,1,Mild DR
213,left,213_left.jpg,C:\Users\sures\.cache\kagglehub\datasets\andrewmvd\ocular-disease-recognition-odir5k\versions\2\ODIR-5K\ODIR-5K\Training Images\213_left.jpg,0,No DR
214,left,214_left.jpg,C:\Users\sures\.cache\kagglehub\datasets\andrewmvd\ocular-disease-recognition-odir5k\versions\2\ODIR-5K\ODIR-5K\Training Images\214_left.jpg,0,No DR
215,right,215_right.jpg,C:\Users\sures\.cache\kagglehub\datasets\andrewmvd\ocular-disease-recognition-odir5k\versions\2\ODIR-5K\ODIR-5K\Training Images\215_right.jpg,0,No DR
217,right,217_right.jpg,C:\Users\sures\.cache\kagglehub\datasets\andrewmvd\ocular-disease-recognition-odir5k\versions\2\ODIR-5K\ODIR-5K\Training Images\217_right.jpg,2,Moderate DR
219,right,219_right.jpg,C:\Users\sures\.cache\kagglehub\datasets\andrewmvd\ocular-disease-recognition-odir5k\versions\2\ODIR-5K\ODIR-5K\Training Images\219_right.jpg,0,No DR
221,left,221_left.jpg,C:\Users\sures\.cache\kagglehub\datasets\andrewmvd\ocular-disease-recognition-odir5k\versions\2\ODIR-5K\ODIR-5K\Training Images\221_left.jpg,2,Moderate DR
221,right,221_right.jpg,C:\Users\sures\.cache\kagglehub\datasets\andrewmvd\ocular-disease-recognition-odir5k\versions\2\ODIR-5K\ODIR-5K\Training Images\221_right.jpg,2,Moderate DR
222,left,222_left.jpg,C:\Users\sures\.cache\kagglehub\datasets\andrewmvd\ocular-disease-recognition-odir5k\versions\2\ODIR-5K\ODIR-5K\Training Images\222_left.jpg,0,No DR
223,left,223_left.jpg,C:\Users\sures\.cache\kagglehub\datasets\andrewmvd\ocular-disease-recognition-odir5k\versions\2\ODIR-5K\ODIR-5K\Training Images\223_left.jpg,2,Moderate DR
223,right,223_right.jpg,C:\Users\sures\.cache\kagglehub\datasets\andrewmvd\ocular-disease-recognition-odir5k\versions\2\ODIR-5K\ODIR-5K\Training Images\223_right.jpg,2,Moderate DR
224,left,224_left.jpg,C:\Users\sures\.cache\kagglehub\datasets\andrewmvd\ocular-disease-recognition-odir5k\versions\2\ODIR-5K\ODIR-5K\Training Images\224_left.jpg,2,Moderate DR
224,right,224_right.jpg,C:\Users\sures\.cache\kagglehub\datasets\andrewmvd\ocular-disease-recognition-odir5k\versions\2\ODIR-5K\ODIR-5K\Training Images\224_right.jpg,2,Moderate DR
225,right,225_right.jpg,C:\Users\sures\.cache\kagglehub\datasets\andrewmvd\ocular-disease-recognition-odir5k\versions\2\ODIR-5K\ODIR-5K\Training Images\225_right.jpg,2,Moderate DR
227,left,227_left.jpg,C:\Users\sures\.cache\kagglehub\datasets\andrewmvd\ocular-disease-recognition-odir5k\versions\2\ODIR-5K\ODIR-5K\Training Images\227_left.jpg,0,No DR
228,left,228_left.jpg,C:\Users\sures\.cache\kagglehub\datasets\andrewmvd\ocular-disease-recognition-odir5k\versions\2\ODIR-5K\ODIR-5K\Training Images\228_left.jpg,0,No DR
231,left,231_left.jpg,C:\Users\sures\.cache\kagglehub\datasets\andrewmvd\ocular-disease-recognition-odir5k\versions\2\ODIR-5K\ODIR-5K\Training Images\231_left.jpg,2,Moderate DR
232,left,232_left.jpg,C:\Users\sures\.cache\kagglehub\datasets\andrewmvd\ocular-disease-recognition-odir5k\versions\2\ODIR-5K\ODIR-5K\Training Images\232_left.jpg,0,No DR
233,left,233_left.jpg,C:\Users\sures\.cache\kagglehub\datasets\andrewmvd\ocular-disease-recognition-odir5k\versions\2\ODIR-5K\ODIR-5K\Training Images\233_left.jpg,0,No DR
234,left,234_left.jpg,C:\Users\sures\.cache\kagglehub\datasets\andrewmvd\ocular-disease-recognition-odir5k\versions\2\ODIR-5K\ODIR-5K\Training Images\234_left.jpg,1,Mild DR
234,right,234_right.jpg,C:\Users\sures\.cache\kagglehub\datasets\andrewmvd\ocular-disease-recognition-odir5k\versions\2\ODIR-5K\ODIR-5K\Training Images\234_right.jpg,1,Mild DR
237,left,237_left.jpg,C:\Users\sures\.cache\kagglehub\datasets\andrewmvd\ocular-disease-recognition-odir5k\versions\2\ODIR-5K\ODIR-5K\Training Images\237_left.jpg,0,No DR
242,right,242_right.jpg,C:\Users\sures\.cache\kagglehub\datasets\andrewmvd\ocular-disease-recognition-odir5k\versions\2\ODIR-5K\ODIR-5K\Training Images\242_right.jpg,0,No DR
244,right,244_right.jpg,C:\Users\sures\.cache\kagglehub\datasets\andrewmvd\ocular-disease-recognition-odir5k\versions\2\ODIR-5K\ODIR-5K\Training Images\244_right.jpg,0,No DR
245,left,245_left.jpg,C:\Users\sures\.cache\kagglehub\datasets\andrewmvd\ocular-disease-recognition-odir5k\versions\2\ODIR-5K\ODIR-5K\Training Images\245_left.jpg,0,No DR
249,left,249_left.jpg,C:\Users\sures\.cache\kagglehub\datasets\andrewmvd\ocular-disease-recognition-odir5k\versions\2\ODIR-5K\ODIR-5K\Training Images\249_left.jpg,2,Moderate DR
249,right,249_right.jpg,C:\Users\sures\.cache\kagglehub\datasets\andrewmvd\ocular-disease-recognition-odir5k\versions\2\ODIR-5K\ODIR-5K\Training Images\249_right.jpg,4,Proliferative DR
251,left,251_left.jpg,C:\Users\sures\.cache\kagglehub\datasets\andrewmvd\ocular-disease-recognition-odir5k\versions\2\ODIR-5K\ODIR-5K\Training Images\251_left.jpg,2,Moderate DR
251,right,251_right.jpg,C:\Users\sures\.cache\kagglehub\datasets\andrewmvd\ocular-disease-recognition-odir5k\versions\2\ODIR-5K\ODIR-5K\Training Images\251_right.jpg,2,Moderate DR
252,left,252_left.jpg,C:\Users\sures\.cache\kagglehub\datasets\andrewmvd\ocular-disease-recognition-odir5k\versions\2\ODIR-5K\ODIR-5K\Training Images\252_left.jpg,0,No DR
255,left,255_left.jpg,C:\Users\sures\.cache\kagglehub\datasets\andrewmvd\ocular-disease-recognition-odir5k\versions\2\ODIR-5K\ODIR-5K\Training Images\255_left.jpg,0,No DR
258,left,258_left.jpg,C:\Users\sures\.cache\kagglehub\datasets\andrewmvd\ocular-disease-recognition-odir5k\versions\2\ODIR-5K\ODIR-5K\Training Images\258_left.jpg,0,No DR
262,left,262_left.jpg,C:\Users\sures\.cache\kagglehub\datasets\andrewmvd\ocular-disease-recognition-odir5k\versions\2\ODIR-5K\ODIR-5K\Training Images\262_left.jpg,2,Moderate DR
262,right,262_right.jpg,C:\Users\sures\.cache\kagglehub\datasets\andrewmvd\ocular-disease-recognition-odir5k\versions\2\ODIR-5K\ODIR-5K\Training Images\262_right.jpg,2,Moderate DR
263,left,263_left.jpg,C:\Users\sures\.cache\kagglehub\datasets\andrewmvd\ocular-disease-recognition-odir5k\versions\2\ODIR-5K\ODIR-5K\Training Images\263_left.jpg,2,Moderate DR
273,left,273_left.jpg,C:\Users\sures\.cache\kagglehub\datasets\andrewmvd\ocular-disease-recognition-odir5k\versions\2\ODIR-5K\ODIR-5K\Training Images\273_left.jpg,0,No DR
277,left,277_left.jpg,C:\Users\sures\.cache\kagglehub\datasets\andrewmvd\ocular-disease-recognition-odir5k\versions\2\ODIR-5K\ODIR-5K\Training Images\277_left.jpg,0,No DR
278,left,278_left.jpg,C:\Users\sures\.cache\kagglehub\datasets\andrewmvd\ocular-disease-recognition-odir5k\versions\2\ODIR-5K\ODIR-5K\Training Images\278_left.jpg,0,No DR
279,left,279_left.jpg,C:\Users\sures\.cache\kagglehub\datasets\andrewmvd\ocular-disease-recognition-odir5k\versions\2\ODIR-5K\ODIR-5K\Training Images\279_left.jpg,2,Moderate DR
279,right,279_right.jpg,C:\Users\sures\.cache\kagglehub\datasets\andrewmvd\ocular-disease-recognition-odir5k\versions\2\ODIR-5K\ODIR-5K\Training Images\279_right.jpg,0,No DR
282,left,282_left.jpg,C:\Users\sures\.cache\kagglehub\datasets\andrewmvd\ocular-disease-recognition-odir5k\versions\2\ODIR-5K\ODIR-5K\Training Images\282_left.jpg,2,Moderate DR
282,right,282_right.jpg,C:\Users\sures\.cache\kagglehub\datasets\andrewmvd\ocular-disease-recognition-odir5k\versions\2\ODIR-5K\ODIR-5K\Training Images\282_right.jpg,0,No DR
284,left,284_left.jpg,C:\Users\sures\.cache\kagglehub\datasets\andrewmvd\ocular-disease-recognition-odir5k\versions\2\ODIR-5K\ODIR-5K\Training Images\284_left.jpg,2,Moderate DR
284,right,284_right.jpg,C:\Users\sures\.cache\kagglehub\datasets\andrewmvd\ocular-disease-recognition-odir5k\versions\2\ODIR-5K\ODIR-5K\Training Images\284_right.jpg,2,Moderate DR
285,left,285_left.jpg,C:\Users\sures\.cache\kagglehub\datasets\andrewmvd\ocular-disease-recognition-odir5k\versions\2\ODIR-5K\ODIR-5K\Training Images\285_left.jpg,0,No DR
288,left,288_left.jpg,C:\Users\sures\.cache\kagglehub\datasets\andrewmvd\ocular-disease-recognition-odir5k\versions\2\ODIR-5K\ODIR-5K\Training Images\288_left.jpg,2,Moderate DR
288,right,288_right.jpg,C:\Users\sures\.cache\kagglehub\datasets\andrewmvd\ocular-disease-recognition-odir5k\versions\2\ODIR-5K\ODIR-5K\Training Images\288_right.jpg,2,Moderate DR
289,left,289_left.jpg,C:\Users\sures\.cache\kagglehub\datasets\andrewmvd\ocular-disease-recognition-odir5k\versions\2\ODIR-5K\ODIR-5K\Training Images\289_left.jpg,1,Mild DR
289,right,289_right.jpg,C:\Users\sures\.cache\kagglehub\datasets\andrewmvd\ocular-disease-recognition-odir5k\versions\2\ODIR-5K\ODIR-5K\Training Images\289_right.jpg,1,Mild DR
291,left,291_left.jpg,C:\Users\sures\.cache\kagglehub\datasets\andrewmvd\ocular-disease-recognition-odir5k\versions\2\ODIR-5K\ODIR-5K\Training Images\291_left.jpg,0,No DR
291,right,291_right.jpg,C:\Users\sures\.cache\kagglehub\datasets\andrewmvd\ocular-disease-recognition-odir5k\versions\2\ODIR-5K\ODIR-5K\Training Images\291_right.jpg,2,Moderate DR
294,right,294_right.jpg,C:\Users\sures\.cache\kagglehub\datasets\andrewmvd\ocular-disease-recognition-odir5k\versions\2\ODIR-5K\ODIR-5K\Training Images\294_right.jpg,0,No DR
296,left,296_left.jpg,C:\Users\sures\.cache\kagglehub\datasets\andrewmvd\ocular-disease-recognition-odir5k\versions\2\ODIR-5K\ODIR-5K\Training Images\296_left.jpg,2,Moderate DR
296,right,296_right.jpg,C:\Users\sures\.cache\kagglehub\datasets\andrewmvd\ocular-disease-recognition-odir5k\versions\2\ODIR-5K\ODIR-5K\Training Images\296_right.jpg,2,Moderate DR
299,left,299_left.jpg,C:\Users\sures\.cache\kagglehub\datasets\andrewmvd\ocular-disease-recognition-odir5k\versions\2\ODIR-5K\ODIR-5K\Training Images\299_left.jpg,2,Moderate DR
299,right,299_right.jpg,C:\Users\sures\.cache\kagglehub\datasets\andrewmvd\ocular-disease-recognition-odir5k\versions\2\ODIR-5K\ODIR-5K\Training Images\299_right.jpg,2,Moderate DR
302,left,302_left.jpg,C:\Users\sures\.cache\kagglehub\datasets\andrewmvd\ocular-disease-recognition-odir5k\versions\2\ODIR-5K\ODIR-5K\Training Images\302_left.jpg,0,No DR
304,left,304_left.jpg,C:\Users\sures\.cache\kagglehub\datasets\andrewmvd\ocular-disease-recognition-odir5k\versions\2\ODIR-5K\ODIR-5K\Training Images\304_left.jpg,2,Moderate DR
304,right,304_right.jpg,C:\Users\sures\.cache\kagglehub\datasets\andrewmvd\ocular-disease-recognition-odir5k\versions\2\ODIR-5K\ODIR-5K\Training Images\304_right.jpg,2,Moderate DR
305,left,305_left.jpg,C:\Users\sures\.cache\kagglehub\datasets\andrewmvd\ocular-disease-recognition-odir5k\versions\2\ODIR-5K\ODIR-5K\Training Images\305_left.jpg,1,Mild DR
306,left,306_left.jpg,C:\Users\sures\.cache\kagglehub\datasets\andrewmvd\ocular-disease-recognition-odir5k\versions\2\ODIR-5K\ODIR-5K\Training Images\306_left.jpg,0,No DR
308,left,308_left.jpg,C:\Users\sures\.cache\kagglehub\datasets\andrewmvd\ocular-disease-recognition-odir5k\versions\2\ODIR-5K\ODIR-5K\Training Images\308_left.jpg,1,Mild DR
309,left,309_left.jpg,C:\Users\sures\.cache\kagglehub\datasets\andrewmvd\ocular-disease-recognition-odir5k\versions\2\ODIR-5K\ODIR-5K\Training Images\309_left.jpg,2,Moderate DR
309,right,309_right.jpg,C:\Users\sures\.cache\kagglehub\datasets\andrewmvd\ocular-disease-recognition-odir5k\versions\2\ODIR-5K\ODIR-5K\Training Images\309_right.jpg,2,Moderate DR
310,left,310_left.jpg,C:\Users\sures\.cache\kagglehub\datasets\andrewmvd\ocular-disease-recognition-odir5k\versions\2\ODIR-5K\ODIR-5K\Training Images\310_left.jpg,0,No DR
311,left,311_left.jpg,C:\Users\sures\.cache\kagglehub\datasets\andrewmvd\ocular-disease-recognition-odir5k\versions\2\ODIR-5K\ODIR-5K\Training Images\311_left.jpg,1,Mild DR
312,right,312_right.jpg,C:\Users\sures\.cache\kagglehub\datasets\andrewmvd\ocular-disease-recognition-odir5k\versions\2\ODIR-5K\ODIR-5K\Training Images\312_right.jpg,2,Moderate DR
314,left,314_left.jpg,C:\Users\sures\.cache\kagglehub\datasets\andrewmvd\ocular-disease-recognition-odir5k\versions\2\ODIR-5K\ODIR-5K\Training Images\314_left.jpg,2,Moderate DR
327,left,327_left.jpg,C:\Users\sures\.cache\kagglehub\datasets\andrewmvd\ocular-disease-recognition-odir5k\versions\2\ODIR-5K\ODIR-5K\Training Images\327_left.jpg,2,Moderate DR
327,right,327_right.jpg,C:\Users\sures\.cache\kagglehub\datasets\andrewmvd\ocular-disease-recognition-odir5k\versions\2\ODIR-5K\ODIR-5K\Training Images\327_right.jpg,2,Moderate DR
329,right,329_right.jpg,C:\Users\sures\.cache\kagglehub\datasets\andrewmvd\ocular-disease-recognition-odir5k\versions\2\ODIR-5K\ODIR-5K\Training Images\329_right.jpg,0,No DR
330,right,330_right.jpg,C:\Users\sures\.cache\kagglehub\datasets\andrewmvd\ocular-disease-recognition-odir5k\versions\2\ODIR-5K\ODIR-5K\Training Images\330_right.jpg,0,No DR
332,left,332_left.jpg,C:\Users\sures\.cache\kagglehub\datasets\andrewmvd\ocular-disease-recognition-odir5k\versions\2\ODIR-5K\ODIR-5K\Training Images\332_left.jpg,0,No DR
333,left,333_left.jpg,C:\Users\sures\.cache\kagglehub\datasets\andrewmvd\ocular-disease-recognition-odir5k\versions\2\ODIR-5K\ODIR-5K\Training Images\333_left.jpg,0,No DR
339,left,339_left.jpg,C:\Users\sures\.cache\kagglehub\datasets\andrewmvd\ocular-disease-recognition-odir5k\versions\2\ODIR-5K\ODIR-5K\Training Images\339_left.jpg,0,No DR
340,left,340_left.jpg,C:\Users\sures\.cache\kagglehub\datasets\andrewmvd\ocular-disease-recognition-odir5k\versions\2\ODIR-5K\ODIR-5K\Training Images\340_left.jpg,2,Moderate DR
340,right,340_right.jpg,C:\Users\sures\.cache\kagglehub\datasets\andrewmvd\ocular-disease-recognition-odir5k\versions\2\ODIR-5K\ODIR-5K\Training Images\340_right.jpg,0,No DR
341,left,341_left.jpg,C:\Users\sures\.cache\kagglehub\datasets\andrewmvd\ocular-disease-recognition-odir5k\versions\2\ODIR-5K\ODIR-5K\Training Images\341_left.jpg,2,Moderate DR
341,right,341_right.jpg,C:\Users\sures\.cache\kagglehub\datasets\andrewmvd\ocular-disease-recognition-odir5k\versions\2\ODIR-5K\ODIR-5K\Training Images\341_right.jpg,2,Moderate DR
342,left,342_left.jpg,C:\Users\sures\.cache\kagglehub\datasets\andrewmvd\ocular-disease-recognition-odir5k\versions\2\ODIR-5K\ODIR-5K\Training Images\342_left.jpg,2,Moderate DR
342,right,342_right.jpg,C:\Users\sures\.cache\kagglehub\datasets\andrewmvd\ocular-disease-recognition-odir5k\versions\2\ODIR-5K\ODIR-5K\Training Images\342_right.jpg,2,Moderate DR
347,left,347_left.jpg,C:\Users\sures\.cache\kagglehub\datasets\andrewmvd\ocular-disease-recognition-odir5k\versions\2\ODIR-5K\ODIR-5K\Training Images\347_left.jpg,0,No DR
348,left,348_left.jpg,C:\Users\sures\.cache\kagglehub\datasets\andrewmvd\ocular-disease-recognition-odir5k\versions\2\ODIR-5K\ODIR-5K\Training Images\348_left.jpg,2,Moderate DR
348,right,348_right.jpg,C:\Users\sures\.cache\kagglehub\datasets\andrewmvd\ocular-disease-recognition-odir5k\versions\2\ODIR-5K\ODIR-5K\Training Images\348_right.jpg,2,Moderate DR
350,right,350_right.jpg,C:\Users\sures\.cache\kagglehub\datasets\andrewmvd\ocular-disease-recognition-odir5k\versions\2\ODIR-5K\ODIR-5K\Training Images\350_right.jpg,0,No DR
353,left,353_left.jpg,C:\Users\sures\.cache\kagglehub\datasets\andrewmvd\ocular-disease-recognition-odir5k\versions\2\ODIR-5K\ODIR-5K\Training Images\353_left.jpg,0,No DR
356,left,356_left.jpg,C:\Users\sures\.cache\kagglehub\datasets\andrewmvd\ocular-disease-recognition-odir5k\versions\2\ODIR-5K\ODIR-5K\Training Images\356_left.jpg,0,No DR
358,left,358_left.jpg,C:\Users\sures\.cache\kagglehub\datasets\andrewmvd\ocular-disease-recognition-odir5k\versions\2\ODIR-5K\ODIR-5K\Training Images\358_left.jpg,1,Mild DR
358,right,358_right.jpg,C:\Users\sures\.cache\kagglehub\datasets\andrewmvd\ocular-disease-recognition-odir5k\versions\2\ODIR-5K\ODIR-5K\Training Images\358_right.jpg,1,Mild DR
360,right,360_right.jpg,C:\Users\sures\.cache\kagglehub\datasets\andrewmvd\ocular-disease-recognition-odir5k\versions\2\ODIR-5K\ODIR-5K\Training Images\360_right.jpg,2,Moderate DR
363,right,363_right.jpg,C:\Users\sures\.cache\kagglehub\datasets\andrewmvd\ocular-disease-recognition-odir5k\versions\2\ODIR-5K\ODIR-5K\Training Images\363_right.jpg,0,No DR
367,right,367_right.jpg,C:\Users\sures\.cache\kagglehub\datasets\andrewmvd\ocular-disease-recognition-odir5k\versions\2\ODIR-5K\ODIR-5K\Training Images\367_right.jpg,2,Moderate DR
368,left,368_left.jpg,C:\Users\sures\.cache\kagglehub\datasets\andrewmvd\ocular-disease-recognition-odir5k\versions\2\ODIR-5K\ODIR-5K\Training Images\368_left.jpg,1,Mild DR
370,right,370_right.jpg,C:\Users\sures\.cache\kagglehub\datasets\andrewmvd\ocular-disease-recognition-odir5k\versions\2\ODIR-5K\ODIR-5K\Training Images\370_right.jpg,0,No DR
373,left,373_left.jpg,C:\Users\sures\.cache\kagglehub\datasets\andrewmvd\ocular-disease-recognition-odir5k\versions\2\ODIR-5K\ODIR-5K\Training Images\373_left.jpg,0,No DR
376,left,376_left.jpg,C:\Users\sures\.cache\kagglehub\datasets\andrewmvd\ocular-disease-recognition-odir5k\versions\2\ODIR-5K\ODIR-5K\Training Images\376_left.jpg,0,No DR
376,right,376_right.jpg,C:\Users\sures\.cache\kagglehub\datasets\andrewmvd\ocular-disease-recognition-odir5k\versions\2\ODIR-5K\ODIR-5K\Training Images\376_right.jpg,2,Moderate DR
380,left,380_left.jpg,C:\Users\sures\.cache\kagglehub\datasets\andrewmvd\ocular-disease-recognition-odir5k\versions\2\ODIR-5K\ODIR-5K\Training Images\380_left.jpg,1,Mild DR
381,right,381_right.jpg,C:\Users\sures\.cache\kagglehub\datasets\andrewmvd\ocular-disease-recognition-odir5k\versions\2\ODIR-5K\ODIR-5K\Training Images\381_right.jpg,0,No DR
383,left,383_left.jpg,C:\Users\sures\.cache\kagglehub\datasets\andrewmvd\ocular-disease-recognition-odir5k\versions\2\ODIR-5K\ODIR-5K\Training Images\383_left.jpg,2,Moderate DR
383,right,383_right.jpg,C:\Users\sures\.cache\kagglehub\datasets\andrewmvd\ocular-disease-recognition-odir5k\versions\2\ODIR-5K\ODIR-5K\Training Images\383_right.jpg,1,Mild DR
386,left,386_left.jpg,C:\Users\sures\.cache\kagglehub\datasets\andrewmvd\ocular-disease-recognition-odir5k\versions\2\ODIR-5K\ODIR-5K\Training Images\386_left.jpg,2,Moderate DR
386,right,386_right.jpg,C:\Users\sures\.cache\kagglehub\datasets\andrewmvd\ocular-disease-recognition-odir5k\versions\2\ODIR-5K\ODIR-5K\Training Images\386_right.jpg,2,Moderate DR
390,left,390_left.jpg,C:\Users\sures\.cache\kagglehub\datasets\andrewmvd\ocular-disease-recognition-odir5k\versions\2\ODIR-5K\ODIR-5K\Training Images\390_left.jpg,0,No DR
391,left,391_left.jpg,C:\Users\sures\.cache\kagglehub\datasets\andrewmvd\ocular-disease-recognition-odir5k\versions\2\ODIR-5K\ODIR-5K\Training Images\391_left.jpg,0,No DR
391,right,391_right.jpg,C:\Users\sures\.cache\kagglehub\datasets\andrewmvd\ocular-disease-recognition-odir5k\versions\2\ODIR-5K\ODIR-5K\Training Images\391_right.jpg,1,Mild DR
393,left,393_left.jpg,C:\Users\sures\.cache\kagglehub\datasets\andrewmvd\ocular-disease-recognition-odir5k\versions\2\ODIR-5K\ODIR-5K\Training Images\393_left.jpg,0,No DR
396,left,396_left.jpg,C:\Users\sures\.cache\kagglehub\datasets\andrewmvd\ocular-disease-recognition-odir5k\versions\2\ODIR-5K\ODIR-5K\Training Images\396_left.jpg,0,No DR
398,right,398_right.jpg,C:\Users\sures\.cache\kagglehub\datasets\andrewmvd\ocular-disease-recognition-odir5k\versions\2\ODIR-5K\ODIR-5K\Training Images\398_right.jpg,2,Moderate DR
399,left,399_left.jpg,C:\Users\sures\.cache\kagglehub\datasets\andrewmvd\ocular-disease-recognition-odir5k\versions\2\ODIR-5K\ODIR-5K\Training Images\399_left.jpg,3,Severe DR
399,right,399_right.jpg,C:\Users\sures\.cache\kagglehub\datasets\andrewmvd\ocular-disease-recognition-odir5k\versions\2\ODIR-5K\ODIR-5K\Training Images\399_right.jpg,0,No DR
400,left,400_left.jpg,C:\Users\sures\.cache\kagglehub\datasets\andrewmvd\ocular-disease-recognition-odir5k\versions\2\ODIR-5K\ODIR-5K\Training Images\400_left.jpg,0,No DR
403,right,403_right.jpg,C:\Users\sures\.cache\kagglehub\datasets\andrewmvd\ocular-disease-recognition-odir5k\versions\2\ODIR-5K\ODIR-5K\Training Images\403_right.jpg,0,No DR
407,right,407_right.jpg,C:\Users\sures\.cache\kagglehub\datasets\andrewmvd\ocular-disease-recognition-odir5k\versions\2\ODIR-5K\ODIR-5K\Training Images\407_right.jpg,1,Mild DR
408,right,408_right.jpg,C:\Users\sures\.cache\kagglehub\datasets\andrewmvd\ocular-disease-recognition-odir5k\versions\2\ODIR-5K\ODIR-5K\Training Images\408_right.jpg,0,No DR
411,left,411_left.jpg,C:\Users\sures\.cache\kagglehub\datasets\andrewmvd\ocular-disease-recognition-odir5k\versions\2\ODIR-5K\ODIR-5K\Training Images\411_left.jpg,2,Moderate DR
411,right,411_right.jpg,C:\Users\sures\.cache\kagglehub\datasets\andrewmvd\ocular-disease-recognition-odir5k\versions\2\ODIR-5K\ODIR-5K\Training Images\411_right.jpg,2,Moderate DR
413,left,413_left.jpg,C:\Users\sures\.cache\kagglehub\datasets\andrewmvd\ocular-disease-recognition-odir5k\versions\2\ODIR-5K\ODIR-5K\Training Images\413_left.jpg,2,Moderate DR
413,right,413_right.jpg,C:\Users\sures\.cache\kagglehub\datasets\andrewmvd\ocular-disease-recognition-odir5k\versions\2\ODIR-5K\ODIR-5K\Training Images\413_right.jpg,2,Moderate DR
415,left,415_left.jpg,C:\Users\sures\.cache\kagglehub\datasets\andrewmvd\ocular-disease-recognition-odir5k\versions\2\ODIR-5K\ODIR-5K\Training Images\415_left.jpg,2,Moderate DR
415,right,415_right.jpg,C:\Users\sures\.cache\kagglehub\datasets\andrewmvd\ocular-disease-recognition-odir5k\versions\2\ODIR-5K\ODIR-5K\Training Images\415_right.jpg,2,Moderate DR
416,left,416_left.jpg,C:\Users\sures\.cache\kagglehub\datasets\andrewmvd\ocular-disease-recognition-odir5k\versions\2\ODIR-5K\ODIR-5K\Training Images\416_left.jpg,0,No DR
417,right,417_right.jpg,C:\Users\sures\.cache\kagglehub\datasets\andrewmvd\ocular-disease-recognition-odir5k\versions\2\ODIR-5K\ODIR-5K\Training Images\417_right.jpg,0,No DR
418,right,418_right.jpg,C:\Users\sures\.cache\kagglehub\datasets\andrewmvd\ocular-disease-recognition-odir5k\versions\2\ODIR-5K\ODIR-5K\Training Images\418_right.jpg,0,No DR
420,left,420_left.jpg,C:\Users\sures\.cache\kagglehub\datasets\andrewmvd\ocular-disease-recognition-odir5k\versions\2\ODIR-5K\ODIR-5K\Training Images\420_left.jpg,2,Moderate DR
420,right,420_right.jpg,C:\Users\sures\.cache\kagglehub\datasets\andrewmvd\ocular-disease-recognition-odir5k\versions\2\ODIR-5K\ODIR-5K\Training Images\420_right.jpg,1,Mild DR
425,left,425_left.jpg,C:\Users\sures\.cache\kagglehub\datasets\andrewmvd\ocular-disease-recognition-odir5k\versions\2\ODIR-5K\ODIR-5K\Training Images\425_left.jpg,0,No DR
427,left,427_left.jpg,C:\Users\sures\.cache\kagglehub\datasets\andrewmvd\ocular-disease-recognition-odir5k\versions\2\ODIR-5K\ODIR-5K\Training Images\427_left.jpg,4,Proliferative DR
427,right,427_right.jpg,C:\Users\sures\.cache\kagglehub\datasets\andrewmvd\ocular-disease-recognition-odir5k\versions\2\ODIR-5K\ODIR-5K\Training Images\427_right.jpg,0,No DR
430,left,430_left.jpg,C:\Users\sures\.cache\kagglehub\datasets\andrewmvd\ocular-disease-recognition-odir5k\versions\2\ODIR-5K\ODIR-5K\Training Images\430_left.jpg,1,Mild DR
430,right,430_right.jpg,C:\Users\sures\.cache\kagglehub\datasets\andrewmvd\ocular-disease-recognition-odir5k\versions\2\ODIR-5K\ODIR-5K\Training Images\430_right.jpg,2,Moderate DR
431,right,431_right.jpg,C:\Users\sures\.cache\kagglehub\datasets\andrewmvd\ocular-disease-recognition-odir5k\versions\2\ODIR-5K\ODIR-5K\Training Images\431_right.jpg,1,Mild DR
433,right,433_right.jpg,C:\Users\sures\.cache\kagglehub\datasets\andrewmvd\ocular-disease-recognition-odir5k\versions\2\ODIR-5K\ODIR-5K\Training Images\433_right.jpg,0,No DR
434,left,434_left.jpg,C:\Users\sures\.cache\kagglehub\datasets\andrewmvd\ocular-disease-recognition-odir5k\versions\2\ODIR-5K\ODIR-5K\Training Images\434_left.jpg,0,No DR
435,left,435_left.jpg,C:\Users\sures\.cache\kagglehub\datasets\andrewmvd\ocular-disease-recognition-odir5k\versions\2\ODIR-5K\ODIR-5K\Training Images\435_left.jpg,2,Moderate DR
435,right,435_right.jpg,C:\Users\sures\.cache\kagglehub\datasets\andrewmvd\ocular-disease-recognition-odir5k\versions\2\ODIR-5K\ODIR-5K\Training Images\435_right.jpg,2,Moderate DR
436,left,436_left.jpg,C:\Users\sures\.cache\kagglehub\datasets\andrewmvd\ocular-disease-recognition-odir5k\versions\2\ODIR-5K\ODIR-5K\Training Images\436_left.jpg,0,No DR
436,right,436_right.jpg,C:\Users\sures\.cache\kagglehub\datasets\andrewmvd\ocular-disease-recognition-odir5k\versions\2\ODIR-5K\ODIR-5K\Training Images\436_right.jpg,2,Moderate DR
441,left,441_left.jpg,C:\Users\sures\.cache\kagglehub\datasets\andrewmvd\ocular-disease-recognition-odir5k\versions\2\ODIR-5K\ODIR-5K\Training Images\441_left.jpg,1,Mild DR
441,right,441_right.jpg,C:\Users\sures\.cache\kagglehub\datasets\andrewmvd\ocular-disease-recognition-odir5k\versions\2\ODIR-5K\ODIR-5K\Training Images\441_right.jpg,2,Moderate DR
442,left,442_left.jpg,C:\Users\sures\.cache\kagglehub\datasets\andrewmvd\ocular-disease-recognition-odir5k\versions\2\ODIR-5K\ODIR-5K\Training Images\442_left.jpg,2,Moderate DR
442,right,442_right.jpg,C:\Users\sures\.cache\kagglehub\datasets\andrewmvd\ocular-disease-recognition-odir5k\versions\2\ODIR-5K\ODIR-5K\Training Images\442_right.jpg,2,Moderate DR
443,right,443_right.jpg,C:\Users\sures\.cache\kagglehub\datasets\andrewmvd\ocular-disease-recognition-odir5k\versions\2\ODIR-5K\ODIR-5K\Training Images\443_right.jpg,0,No DR
445,left,445_left.jpg,C:\Users\sures\.cache\kagglehub\datasets\andrewmvd\ocular-disease-recognition-odir5k\versions\2\ODIR-5K\ODIR-5K\Training Images\445_left.jpg,3,Severe DR
445,right,445_right.jpg,C:\Users\sures\.cache\kagglehub\datasets\andrewmvd\ocular-disease-recognition-odir5k\versions\2\ODIR-5K\ODIR-5K\Training Images\445_right.jpg,3,Severe DR
448,right,448_right.jpg,C:\Users\sures\.cache\kagglehub\datasets\andrewmvd\ocular-disease-recognition-odir5k\versions\2\ODIR-5K\ODIR-5K\Training Images\448_right.jpg,2,Moderate DR
456,right,456_right.jpg,C:\Users\sures\.cache\kagglehub\datasets\andrewmvd\ocular-disease-recognition-odir5k\versions\2\ODIR-5K\ODIR-5K\Training Images\456_right.jpg,0,No DR
457,left,457_left.jpg,C:\Users\sures\.cache\kagglehub\datasets\andrewmvd\ocular-disease-recognition-odir5k\versions\2\ODIR-5K\ODIR-5K\Training Images\457_left.jpg,0,No DR
458,right,458_right.jpg,C:\Users\sures\.cache\kagglehub\datasets\andrewmvd\ocular-disease-recognition-odir5k\versions\2\ODIR-5K\ODIR-5K\Training Images\458_right.jpg,0,No DR
461,left,461_left.jpg,C:\Users\sures\.cache\kagglehub\datasets\andrewmvd\ocular-disease-recognition-odir5k\versions\2\ODIR-5K\ODIR-5K\Training Images\461_left.jpg,0,No DR
462,left,462_left.jpg,C:\Users\sures\.cache\kagglehub\datasets\andrewmvd\ocular-disease-recognition-odir5k\versions\2\ODIR-5K\ODIR-5K\Training Images\462_left.jpg,2,Moderate DR
462,right,462_right.jpg,C:\Users\sures\.cache\kagglehub\datasets\andrewmvd\ocular-disease-recognition-odir5k\versions\2\ODIR-5K\ODIR-5K\Training Images\462_right.jpg,1,Mild DR
463,right,463_right.jpg,C:\Users\sures\.cache\kagglehub\datasets\andrewmvd\ocular-disease-recognition-odir5k\versions\2\ODIR-5K\ODIR-5K\Training Images\463_right.jpg,0,No DR
466,left,466_left.jpg,C:\Users\sures\.cache\kagglehub\datasets\andrewmvd\ocular-disease-recognition-odir5k\versions\2\ODIR-5K\ODIR-5K\Training Images\466_left.jpg,2,Moderate DR
466,right,466_right.jpg,C:\Users\sures\.cache\kagglehub\datasets\andrewmvd\ocular-disease-recognition-odir5k\versions\2\ODIR-5K\ODIR-5K\Training Images\466_right.jpg,2,Moderate DR
469,left,469_left.jpg,C:\Users\sures\.cache\kagglehub\datasets\andrewmvd\ocular-disease-recognition-odir5k\versions\2\ODIR-5K\ODIR-5K\Training Images\469_left.jpg,2,Moderate DR
469,right,469_right.jpg,C:\Users\sures\.cache\kagglehub\datasets\andrewmvd\ocular-disease-recognition-odir5k\versions\2\ODIR-5K\ODIR-5K\Training Images\469_right.jpg,2,Moderate DR
470,right,470_right.jpg,C:\Users\sures\.cache\kagglehub\datasets\andrewmvd\ocular-disease-recognition-odir5k\versions\2\ODIR-5K\ODIR-5K\Training Images\470_right.jpg,0,No DR
473,left,473_left.jpg,C:\Users\sures\.cache\kagglehub\datasets\andrewmvd\ocular-disease-recognition-odir5k\versions\2\ODIR-5K\ODIR-5K\Training Images\473_left.jpg,3,Severe DR
475,left,475_left.jpg,C:\Users\sures\.cache\kagglehub\datasets\andrewmvd\ocular-disease-recognition-odir5k\versions\2\ODIR-5K\ODIR-5K\Training Images\475_left.jpg,2,Moderate DR
476,left,476_left.jpg,C:\Users\sures\.cache\kagglehub\datasets\andrewmvd\ocular-disease-recognition-odir5k\versions\2\ODIR-5K\ODIR-5K\Training Images\476_left.jpg,0,No DR
479,left,479_left.jpg,C:\Users\sures\.cache\kagglehub\datasets\andrewmvd\ocular-disease-recognition-odir5k\versions\2\ODIR-5K\ODIR-5K\Training Images\479_left.jpg,2,Moderate DR
479,right,479_right.jpg,C:\Users\sures\.cache\kagglehub\datasets\andrewmvd\ocular-disease-recognition-odir5k\versions\2\ODIR-5K\ODIR-5K\Training Images\479_right.jpg,2,Moderate DR
481,right,481_right.jpg,C:\Users\sures\.cache\kagglehub\datasets\andrewmvd\ocular-disease-recognition-odir5k\versions\2\ODIR-5K\ODIR-5K\Training Images\481_right.jpg,0,No DR
483,right,483_right.jpg,C:\Users\sures\.cache\kagglehub\datasets\andrewmvd\ocular-disease-recognition-odir5k\versions\2\ODIR-5K\ODIR-5K\Training Images\483_right.jpg,0,No DR
484,left,484_left.jpg,C:\Users\sures\.cache\kagglehub\datasets\andrewmvd\ocular-disease-recognition-odir5k\versions\2\ODIR-5K\ODIR-5K\Training Images\484_left.jpg,2,Moderate DR
484,right,484_right.jpg,C:\Users\sures\.cache\kagglehub\datasets\andrewmvd\ocular-disease-recognition-odir5k\versions\2\ODIR-5K\ODIR-5K\Training Images\484_right.jpg,1,Mild DR
488,left,488_left.jpg,C:\Users\sures\.cache\kagglehub\datasets\andrewmvd\ocular-disease-recognition-odir5k\versions\2\ODIR-5K\ODIR-5K\Training Images\488_left.jpg,0,No DR
491,left,491_left.jpg,C:\Users\sures\.cache\kagglehub\datasets\andrewmvd\ocular-disease-recognition-odir5k\versions\2\ODIR-5K\ODIR-5K\Training Images\491_left.jpg,1,Mild DR
491,right,491_right.jpg,C:\Users\sures\.cache\kagglehub\datasets\andrewmvd\ocular-disease-recognition-odir5k\versions\2\ODIR-5K\ODIR-5K\Training Images\491_right.jpg,2,Moderate DR
492,left,492_left.jpg,C:\Users\sures\.cache\kagglehub\datasets\andrewmvd\ocular-disease-recognition-odir5k\versions\2\ODIR-5K\ODIR-5K\Training Images\492_left.jpg,2,Moderate DR
492,right,492_right.jpg,C:\Users\sures\.cache\kagglehub\datasets\andrewmvd\ocular-disease-recognition-odir5k\versions\2\ODIR-5K\ODIR-5K\Training Images\492_right.jpg,2,Moderate DR
494,right,494_right.jpg,C:\Users\sures\.cache\kagglehub\datasets\andrewmvd\ocular-disease-recognition-odir5k\versions\2\ODIR-5K\ODIR-5K\Training Images\494_right.jpg,2,Moderate DR
495,left,495_left.jpg,C:\Users\sures\.cache\kagglehub\datasets\andrewmvd\ocular-disease-recognition-odir5k\versions\2\ODIR-5K\ODIR-5K\Training Images\495_left.jpg,2,Moderate DR
495,right,495_right.jpg,C:\Users\sures\.cache\kagglehub\datasets\andrewmvd\ocular-disease-recognition-odir5k\versions\2\ODIR-5K\ODIR-5K\Training Images\495_right.jpg,2,Moderate DR
496,left,496_left.jpg,C:\Users\sures\.cache\kagglehub\datasets\andrewmvd\ocular-disease-recognition-odir5k\versions\2\ODIR-5K\ODIR-5K\Training Images\496_left.jpg,0,No DR
497,left,497_left.jpg,C:\Users\sures\.cache\kagglehub\datasets\andrewmvd\ocular-disease-recognition-odir5k\versions\2\ODIR-5K\ODIR-5K\Training Images\497_left.jpg,2,Moderate DR
497,right,497_right.jpg,C:\Users\sures\.cache\kagglehub\datasets\andrewmvd\ocular-disease-recognition-odir5k\versions\2\ODIR-5K\ODIR-5K\Training Images\497_right.jpg,2,Moderate DR
498,left,498_left.jpg,C:\Users\sures\.cache\kagglehub\datasets\andrewmvd\ocular-disease-recognition-odir5k\versions\2\ODIR-5K\ODIR-5K\Training Images\498_left.jpg,2,Moderate DR
498,right,498_right.jpg,C:\Users\sures\.cache\kagglehub\datasets\andrewmvd\ocular-disease-recognition-odir5k\versions\2\ODIR-5K\ODIR-5K\Training Images\498_right.jpg,2,Moderate DR
500,right,500_right.jpg,C:\Users\sures\.cache\kagglehub\datasets\andrewmvd\ocular-disease-recognition-odir5k\versions\2\ODIR-5K\ODIR-5K\Training Images\500_right.jpg,0,No DR
501,right,501_right.jpg,C:\Users\sures\.cache\kagglehub\datasets\andrewmvd\ocular-disease-recognition-odir5k\versions\2\ODIR-5K\ODIR-5K\Training Images\501_right.jpg,0,No DR
503,right,503_right.jpg,C:\Users\sures\.cache\kagglehub\datasets\andrewmvd\ocular-disease-recognition-odir5k\versions\2\ODIR-5K\ODIR-5K\Training Images\503_right.jpg,0,No DR
506,right,506_right.jpg,C:\Users\sures\.cache\kagglehub\datasets\andrewmvd\ocular-disease-recognition-odir5k\versions\2\ODIR-5K\ODIR-5K\Training Images\506_right.jpg,1,Mild DR
507,left,507_left.jpg,C:\Users\sures\.cache\kagglehub\datasets\andrewmvd\ocular-disease-recognition-odir5k\versions\2\ODIR-5K\ODIR-5K\Training Images\507_left.jpg,2,Moderate DR
507,right,507_right.jpg,C:\Users\sures\.cache\kagglehub\datasets\andrewmvd\ocular-disease-recognition-odir5k\versions\2\ODIR-5K\ODIR-5K\Training Images\507_right.jpg,2,Moderate DR
508,right,508_right.jpg,C:\Users\sures\.cache\kagglehub\datasets\andrewmvd\ocular-disease-recognition-odir5k\versions\2\ODIR-5K\ODIR-5K\Training Images\508_right.jpg,0,No DR
509,left,509_left.jpg,C:\Users\sures\.cache\kagglehub\datasets\andrewmvd\ocular-disease-recognition-odir5k\versions\2\ODIR-5K\ODIR-5K\Training Images\509_left.jpg,0,No DR
512,left,512_left.jpg,C:\Users\sures\.cache\kagglehub\datasets\andrewmvd\ocular-disease-recognition-odir5k\versions\2\ODIR-5K\ODIR-5K\Training Images\512_left.jpg,1,Mild DR
512,right,512_right.jpg,C:\Users\sures\.cache\kagglehub\datasets\andrewmvd\ocular-disease-recognition-odir5k\versions\2\ODIR-5K\ODIR-5K\Training Images\512_right.jpg,0,No DR
518,right,518_right.jpg,C:\Users\sures\.cache\kagglehub\datasets\andrewmvd\ocular-disease-recognition-odir5k\versions\2\ODIR-5K\ODIR-5K\Training Images\518_right.jpg,1,Mild DR
519,left,519_left.jpg,C:\Users\sures\.cache\kagglehub\datasets\andrewmvd\ocular-disease-recognition-odir5k\versions\2\ODIR-5K\ODIR-5K\Training Images\519_left.jpg,2,Moderate DR
519,right,519_right.jpg,C:\Users\sures\.cache\kagglehub\datasets\andrewmvd\ocular-disease-recognition-odir5k\versions\2\ODIR-5K\ODIR-5K\Training Images\519_right.jpg,2,Moderate DR
522,left,522_left.jpg,C:\Users\sures\.cache\kagglehub\datasets\andrewmvd\ocular-disease-recognition-odir5k\versions\2\ODIR-5K\ODIR-5K\Training Images\522_left.jpg,0,No DR
522,right,522_right.jpg,C:\Users\sures\.cache\kagglehub\datasets\andrewmvd\ocular-disease-recognition-odir5k\versions\2\ODIR-5K\ODIR-5K\Training Images\522_right.jpg,1,Mild DR
523,left,523_left.jpg,C:\Users\sures\.cache\kagglehub\datasets\andrewmvd\ocular-disease-recognition-odir5k\versions\2\ODIR-5K\ODIR-5K\Training Images\523_left.jpg,0,No DR
527,right,527_right.jpg,C:\Users\sures\.cache\kagglehub\datasets\andrewmvd\ocular-disease-recognition-odir5k\versions\2\ODIR-5K\ODIR-5K\Training Images\527_right.jpg,0,No DR
528,left,528_left.jpg,C:\Users\sures\.cache\kagglehub\datasets\andrewmvd\ocular-disease-recognition-odir5k\versions\2\ODIR-5K\ODIR-5K\Training Images\528_left.jpg,0,No DR
534,right,534_right.jpg,C:\Users\sures\.cache\kagglehub\datasets\andrewmvd\ocular-disease-recognition-odir5k\versions\2\ODIR-5K\ODIR-5K\Training Images\534_right.jpg,0,No DR
535,left,535_left.jpg,C:\Users\sures\.cache\kagglehub\datasets\andrewmvd\ocular-disease-recognition-odir5k\versions\2\ODIR-5K\ODIR-5K\Training Images\535_left.jpg,2,Moderate DR
535,right,535_right.jpg,C:\Users\sures\.cache\kagglehub\datasets\andrewmvd\ocular-disease-recognition-odir5k\versions\2\ODIR-5K\ODIR-5K\Training Images\535_right.jpg,2,Moderate DR
537,left,537_left.jpg,C:\Users\sures\.cache\kagglehub\datasets\andrewmvd\ocular-disease-recognition-odir5k\versions\2\ODIR-5K\ODIR-5K\Training Images\537_left.jpg,1,Mild DR
537,right,537_right.jpg,C:\Users\sures\.cache\kagglehub\datasets\andrewmvd\ocular-disease-recognition-odir5k\versions\2\ODIR-5K\ODIR-5K\Training Images\537_right.jpg,1,Mild DR
540,left,540_left.jpg,C:\Users\sures\.cache\kagglehub\datasets\andrewmvd\ocular-disease-recognition-odir5k\versions\2\ODIR-5K\ODIR-5K\Training Images\540_left.jpg,0,No DR
540,right,540_right.jpg,C:\Users\sures\.cache\kagglehub\datasets\andrewmvd\ocular-disease-recognition-odir5k\versions\2\ODIR-5K\ODIR-5K\Training Images\540_right.jpg,1,Mild DR
542,left,542_left.jpg,C:\Users\sures\.cache\kagglehub\datasets\andrewmvd\ocular-disease-recognition-odir5k\versions\2\ODIR-5K\ODIR-5K\Training Images\542_left.jpg,1,Mild DR
544,left,544_left.jpg,C:\Users\sures\.cache\kagglehub\datasets\andrewmvd\ocular-disease-recognition-odir5k\versions\2\ODIR-5K\ODIR-5K\Training Images\544_left.jpg,0,No DR
544,right,544_right.jpg,C:\Users\sures\.cache\kagglehub\datasets\andrewmvd\ocular-disease-recognition-odir5k\versions\2\ODIR-5K\ODIR-5K\Training Images\544_right.jpg,2,Moderate DR
545,right,545_right.jpg,C:\Users\sures\.cache\kagglehub\datasets\andrewmvd\ocular-disease-recognition-odir5k\versions\2\ODIR-5K\ODIR-5K\Training Images\545_right.jpg,0,No DR
546,right,546_right.jpg,C:\Users\sures\.cache\kagglehub\datasets\andrewmvd\ocular-disease-recognition-odir5k\versions\2\ODIR-5K\ODIR-5K\Training Images\546_right.jpg,2,Moderate DR
549,left,549_left.jpg,C:\Users\sures\.cache\kagglehub\datasets\andrewmvd\ocular-disease-recognition-odir5k\versions\2\ODIR-5K\ODIR-5K\Training Images\549_left.jpg,2,Moderate DR
549,right,549_right.jpg,C:\Users\sures\.cache\kagglehub\datasets\andrewmvd\ocular-disease-recognition-odir5k\versions\2\ODIR-5K\ODIR-5K\Training Images\549_right.jpg,0,No DR
552,right,552_right.jpg,C:\Users\sures\.cache\kagglehub\datasets\andrewmvd\ocular-disease-recognition-odir5k\versions\2\ODIR-5K\ODIR-5K\Training Images\552_right.jpg,0,No DR
554,left,554_left.jpg,C:\Users\sures\.cache\kagglehub\datasets\andrewmvd\ocular-disease-recognition-odir5k\versions\2\ODIR-5K\ODIR-5K\Training Images\554_left.jpg,0,No DR
555,right,555_right.jpg,C:\Users\sures\.cache\kagglehub\datasets\andrewmvd\ocular-disease-recognition-odir5k\versions\2\ODIR-5K\ODIR-5K\Training Images\555_right.jpg,0,No DR
556,left,556_left.jpg,C:\Users\sures\.cache\kagglehub\datasets\andrewmvd\ocular-disease-recognition-odir5k\versions\2\ODIR-5K\ODIR-5K\Training Images\556_left.jpg,2,Moderate DR
556,right,556_right.jpg,C:\Users\sures\.cache\kagglehub\datasets\andrewmvd\ocular-disease-recognition-odir5k\versions\2\ODIR-5K\ODIR-5K\Training Images\556_right.jpg,2,Moderate DR
557,right,557_right.jpg,C:\Users\sures\.cache\kagglehub\datasets\andrewmvd\ocular-disease-recognition-odir5k\versions\2\ODIR-5K\ODIR-5K\Training Images\557_right.jpg,1,Mild DR
558,left,558_left.jpg,C:\Users\sures\.cache\kagglehub\datasets\andrewmvd\ocular-disease-recognition-odir5k\versions\2\ODIR-5K\ODIR-5K\Training Images\558_left.jpg,1,Mild DR
559,left,559_left.jpg,C:\Users\sures\.cache\kagglehub\datasets\andrewmvd\ocular-disease-recognition-odir5k\versions\2\ODIR-5K\ODIR-5K\Training Images\559_left.jpg,0,No DR
562,left,562_left.jpg,C:\Users\sures\.cache\kagglehub\datasets\andrewmvd\ocular-disease-recognition-odir5k\versions\2\ODIR-5K\ODIR-5K\Training Images\562_left.jpg,3,Severe DR
562,right,562_right.jpg,C:\Users\sures\.cache\kagglehub\datasets\andrewmvd\ocular-disease-recognition-odir5k\versions\2\ODIR-5K\ODIR-5K\Training Images\562_right.jpg,3,Severe DR
563,left,563_left.jpg,C:\Users\sures\.cache\kagglehub\datasets\andrewmvd\ocular-disease-recognition-odir5k\versions\2\ODIR-5K\ODIR-5K\Training Images\563_left.jpg,2,Moderate DR
563,right,563_right.jpg,C:\Users\sures\.cache\kagglehub\datasets\andrewmvd\ocular-disease-recognition-odir5k\versions\2\ODIR-5K\ODIR-5K\Training Images\563_right.jpg,2,Moderate DR
566,right,566_right.jpg,C:\Users\sures\.cache\kagglehub\datasets\andrewmvd\ocular-disease-recognition-odir5k\versions\2\ODIR-5K\ODIR-5K\Training Images\566_right.jpg,2,Moderate DR
567,left,567_left.jpg,C:\Users\sures\.cache\kagglehub\datasets\andrewmvd\ocular-disease-recognition-odir5k\versions\2\ODIR-5K\ODIR-5K\Training Images\567_left.jpg,1,Mild DR
569,left,569_left.jpg,C:\Users\sures\.cache\kagglehub\datasets\andrewmvd\ocular-disease-recognition-odir5k\versions\2\ODIR-5K\ODIR-5K\Training Images\569_left.jpg,4,Proliferative DR
569,right,569_right.jpg,C:\Users\sures\.cache\kagglehub\datasets\andrewmvd\ocular-disease-recognition-odir5k\versions\2\ODIR-5K\ODIR-5K\Training Images\569_right.jpg,2,Moderate DR
570,left,570_left.jpg,C:\Users\sures\.cache\kagglehub\datasets\andrewmvd\ocular-disease-recognition-odir5k\versions\2\ODIR-5K\ODIR-5K\Training Images\570_left.jpg,0,No DR
571,right,571_right.jpg,C:\Users\sures\.cache\kagglehub\datasets\andrewmvd\ocular-disease-recognition-odir5k\versions\2\ODIR-5K\ODIR-5K\Training Images\571_right.jpg,1,Mild DR
574,left,574_left.jpg,C:\Users\sures\.cache\kagglehub\datasets\andrewmvd\ocular-disease-recognition-odir5k\versions\2\ODIR-5K\ODIR-5K\Training Images\574_left.jpg,1,Mild DR
574,right,574_right.jpg,C:\Users\sures\.cache\kagglehub\datasets\andrewmvd\ocular-disease-recognition-odir5k\versions\2\ODIR-5K\ODIR-5K\Training Images\574_right.jpg,2,Moderate DR
575,left,575_left.jpg,C:\Users\sures\.cache\kagglehub\datasets\andrewmvd\ocular-disease-recognition-odir5k\versions\2\ODIR-5K\ODIR-5K\Training Images\575_left.jpg,0,No DR
576,left,576_left.jpg,C:\Users\sures\.cache\kagglehub\datasets\andrewmvd\ocular-disease-recognition-odir5k\versions\2\ODIR-5K\ODIR-5K\Training Images\576_left.jpg,2,Moderate DR
576,right,576_right.jpg,C:\Users\sures\.cache\kagglehub\datasets\andrewmvd\ocular-disease-recognition-odir5k\versions\2\ODIR-5K\ODIR-5K\Training Images\576_right.jpg,2,Moderate DR
579,right,579_right.jpg,C:\Users\sures\.cache\kagglehub\datasets\andrewmvd\ocular-disease-recognition-odir5k\versions\2\ODIR-5K\ODIR-5K\Training Images\579_right.jpg,1,Mild DR
580,left,580_left.jpg,C:\Users\sures\.cache\kagglehub\datasets\andrewmvd\ocular-disease-recognition-odir5k\versions\2\ODIR-5K\ODIR-5K\Training Images\580_left.jpg,0,No DR
582,left,582_left.jpg,C:\Users\sures\.cache\kagglehub\datasets\andrewmvd\ocular-disease-recognition-odir5k\versions\2\ODIR-5K\ODIR-5K\Training Images\582_left.jpg,3,Severe DR
582,right,582_right.jpg,C:\Users\sures\.cache\kagglehub\datasets\andrewmvd\ocular-disease-recognition-odir5k\versions\2\ODIR-5K\ODIR-5K\Training Images\582_right.jpg,3,Severe DR
584,right,584_right.jpg,C:\Users\sures\.cache\kagglehub\datasets\andrewmvd\ocular-disease-recognition-odir5k\versions\2\ODIR-5K\ODIR-5K\Training Images\584_right.jpg,0,No DR
587,right,587_right.jpg,C:\Users\sures\.cache\kagglehub\datasets\andrewmvd\ocular-disease-recognition-odir5k\versions\2\ODIR-5K\ODIR-5K\Training Images\587_right.jpg,0,No DR
591,left,591_left.jpg,C:\Users\sures\.cache\kagglehub\datasets\andrewmvd\ocular-disease-recognition-odir5k\versions\2\ODIR-5K\ODIR-5K\Training Images\591_left.jpg,0,No DR
592,left,592_left.jpg,C:\Users\sures\.cache\kagglehub\datasets\andrewmvd\ocular-disease-recognition-odir5k\versions\2\ODIR-5K\ODIR-5K\Training Images\592_left.jpg,2,Moderate DR
592,right,592_right.jpg,C:\Users\sures\.cache\kagglehub\datasets\andrewmvd\ocular-disease-recognition-odir5k\versions\2\ODIR-5K\ODIR-5K\Training Images\592_right.jpg,2,Moderate DR
593,left,593_left.jpg,C:\Users\sures\.cache\kagglehub\datasets\andrewmvd\ocular-disease-recognition-odir5k\versions\2\ODIR-5K\ODIR-5K\Training Images\593_left.jpg,0,No DR
593,right,593_right.jpg,C:\Users\sures\.cache\kagglehub\datasets\andrewmvd\ocular-disease-recognition-odir5k\versions\2\ODIR-5K\ODIR-5K\Training Images\593_right.jpg,3,Severe DR
594,right,594_right.jpg,C:\Users\sures\.cache\kagglehub\datasets\andrewmvd\ocular-disease-recognition-odir5k\versions\2\ODIR-5K\ODIR-5K\Training Images\594_right.jpg,2,Moderate DR
596,right,596_right.jpg,C:\Users\sures\.cache\kagglehub\datasets\andrewmvd\ocular-disease-recognition-odir5k\versions\2\ODIR-5K\ODIR-5K\Training Images\596_right.jpg,2,Moderate DR
597,left,597_left.jpg,C:\Users\sures\.cache\kagglehub\datasets\andrewmvd\ocular-disease-recognition-odir5k\versions\2\ODIR-5K\ODIR-5K\Training Images\597_left.jpg,2,Moderate DR
597,right,597_right.jpg,C:\Users\sures\.cache\kagglehub\datasets\andrewmvd\ocular-disease-recognition-odir5k\versions\2\ODIR-5K\ODIR-5K\Training Images\597_right.jpg,2,Moderate DR
598,left,598_left.jpg,C:\Users\sures\.cache\kagglehub\datasets\andrewmvd\ocular-disease-recognition-odir5k\versions\2\ODIR-5K\ODIR-5K\Training Images\598_left.jpg,1,Mild DR
598,right,598_right.jpg,C:\Users\sures\.cache\kagglehub\datasets\andrewmvd\ocular-disease-recognition-odir5k\versions\2\ODIR-5K\ODIR-5K\Training Images\598_right.jpg,0,No DR
599,left,599_left.jpg,C:\Users\sures\.cache\kagglehub\datasets\andrewmvd\ocular-disease-recognition-odir5k\versions\2\ODIR-5K\ODIR-5K\Training Images\599_left.jpg,0,No DR
602,right,602_right.jpg,C:\Users\sures\.cache\kagglehub\datasets\andrewmvd\ocular-disease-recognition-odir5k\versions\2\ODIR-5K\ODIR-5K\Training Images\602_right.jpg,0,No DR
604,left,604_left.jpg,C:\Users\sures\.cache\kagglehub\datasets\andrewmvd\ocular-disease-recognition-odir5k\versions\2\ODIR-5K\ODIR-5K\Training Images\604_left.jpg,2,Moderate DR
604,right,604_right.jpg,C:\Users\sures\.cache\kagglehub\datasets\andrewmvd\ocular-disease-recognition-odir5k\versions\2\ODIR-5K\ODIR-5K\Training Images\604_right.jpg,2,Moderate DR
605,left,605_left.jpg,C:\Users\sures\.cache\kagglehub\datasets\andrewmvd\ocular-disease-recognition-odir5k\versions\2\ODIR-5K\ODIR-5K\Training Images\605_left.jpg,2,Moderate DR
605,right,605_right.jpg,C:\Users\sures\.cache\kagglehub\datasets\andrewmvd\ocular-disease-recognition-odir5k\versions\2\ODIR-5K\ODIR-5K\Training Images\605_right.jpg,2,Moderate DR
612,left,612_left.jpg,C:\Users\sures\.cache\kagglehub\datasets\andrewmvd\ocular-disease-recognition-odir5k\versions\2\ODIR-5K\ODIR-5K\Training Images\612_left.jpg,2,Moderate DR
612,right,612_right.jpg,C:\Users\sures\.cache\kagglehub\datasets\andrewmvd\ocular-disease-recognition-odir5k\versions\2\ODIR-5K\ODIR-5K\Training Images\612_right.jpg,2,Moderate DR
616,left,616_left.jpg,C:\Users\sures\.cache\kagglehub\datasets\andrewmvd\ocular-disease-recognition-odir5k\versions\2\ODIR-5K\ODIR-5K\Training Images\616_left.jpg,2,Moderate DR
616,right,616_right.jpg,C:\Users\sures\.cache\kagglehub\datasets\andrewmvd\ocular-disease-recognition-odir5k\versions\2\ODIR-5K\ODIR-5K\Training Images\616_right.jpg,2,Moderate DR
617,left,617_left.jpg,C:\Users\sures\.cache\kagglehub\datasets\andrewmvd\ocular-disease-recognition-odir5k\versions\2\ODIR-5K\ODIR-5K\Training Images\617_left.jpg,0,No DR
622,left,622_left.jpg,C:\Users\sures\.cache\kagglehub\datasets\andrewmvd\ocular-disease-recognition-odir5k\versions\2\ODIR-5K\ODIR-5K\Training Images\622_left.jpg,2,Moderate DR
622,right,622_right.jpg,C:\Users\sures\.cache\kagglehub\datasets\andrewmvd\ocular-disease-recognition-odir5k\versions\2\ODIR-5K\ODIR-5K\Training Images\622_right.jpg,2,Moderate DR
623,right,623_right.jpg,C:\Users\sures\.cache\kagglehub\datasets\andrewmvd\ocular-disease-recognition-odir5k\versions\2\ODIR-5K\ODIR-5K\Training Images\623_right.jpg,0,No DR
627,left,627_left.jpg,C:\Users\sures\.cache\kagglehub\datasets\andrewmvd\ocular-disease-recognition-odir5k\versions\2\ODIR-5K\ODIR-5K\Training Images\627_left.jpg,2,Moderate DR
627,right,627_right.jpg,C:\Users\sures\.cache\kagglehub\datasets\andrewmvd\ocular-disease-recognition-odir5k\versions\2\ODIR-5K\ODIR-5K\Training Images\627_right.jpg,1,Mild DR
630,left,630_left.jpg,C:\Users\sures\.cache\kagglehub\datasets\andrewmvd\ocular-disease-recognition-odir5k\versions\2\ODIR-5K\ODIR-5K\Training Images\630_left.jpg,1,Mild DR
630,right,630_right.jpg,C:\Users\sures\.cache\kagglehub\datasets\andrewmvd\ocular-disease-recognition-odir5k\versions\2\ODIR-5K\ODIR-5K\Training Images\630_right.jpg,2,Moderate DR
634,left,634_left.jpg,C:\Users\sures\.cache\kagglehub\datasets\andrewmvd\ocular-disease-recognition-odir5k\versions\2\ODIR-5K\ODIR-5K\Training Images\634_left.jpg,2,Moderate DR
634,right,634_right.jpg,C:\Users\sures\.cache\kagglehub\datasets\andrewmvd\ocular-disease-recognition-odir5k\versions\2\ODIR-5K\ODIR-5K\Training Images\634_right.jpg,2,Moderate DR
635,left,635_left.jpg,C:\Users\sures\.cache\kagglehub\datasets\andrewmvd\ocular-disease-recognition-odir5k\versions\2\ODIR-5K\ODIR-5K\Training Images\635_left.jpg,2,Moderate DR
638,right,638_right.jpg,C:\Users\sures\.cache\kagglehub\datasets\andrewmvd\ocular-disease-recognition-odir5k\versions\2\ODIR-5K\ODIR-5K\Training Images\638_right.jpg,0,No DR
641,left,641_left.jpg,C:\Users\sures\.cache\kagglehub\datasets\andrewmvd\ocular-disease-recognition-odir5k\versions\2\ODIR-5K\ODIR-5K\Training Images\641_left.jpg,0,No DR
642,left,642_left.jpg,C:\Users\sures\.cache\kagglehub\datasets\andrewmvd\ocular-disease-recognition-odir5k\versions\2\ODIR-5K\ODIR-5K\Training Images\642_left.jpg,4,Proliferative DR
642,right,642_right.jpg,C:\Users\sures\.cache\kagglehub\datasets\andrewmvd\ocular-disease-recognition-odir5k\versions\2\ODIR-5K\ODIR-5K\Training Images\642_right.jpg,2,Moderate DR
643,left,643_left.jpg,C:\Users\sures\.cache\kagglehub\datasets\andrewmvd\ocular-disease-recognition-odir5k\versions\2\ODIR-5K\ODIR-5K\Training Images\643_left.jpg,0,No DR
647,left,647_left.jpg,C:\Users\sures\.cache\kagglehub\datasets\andrewmvd\ocular-disease-recognition-odir5k\versions\2\ODIR-5K\ODIR-5K\Training Images\647_left.jpg,2,Moderate DR
647,right,647_right.jpg,C:\Users\sures\.cache\kagglehub\datasets\andrewmvd\ocular-disease-recognition-odir5k\versions\2\ODIR-5K\ODIR-5K\Training Images\647_right.jpg,2,Moderate DR
650,left,650_left.jpg,C:\Users\sures\.cache\kagglehub\datasets\andrewmvd\ocular-disease-recognition-odir5k\versions\2\ODIR-5K\ODIR-5K\Training Images\650_left.jpg,0,No DR
654,left,654_left.jpg,C:\Users\sures\.cache\kagglehub\datasets\andrewmvd\ocular-disease-recognition-odir5k\versions\2\ODIR-5K\ODIR-5K\Training Images\654_left.jpg,2,Moderate DR
654,right,654_right.jpg,C:\Users\sures\.cache\kagglehub\datasets\andrewmvd\ocular-disease-recognition-odir5k\versions\2\ODIR-5K\ODIR-5K\Training Images\654_right.jpg,2,Moderate DR
664,left,664_left.jpg,C:\Users\sures\.cache\kagglehub\datasets\andrewmvd\ocular-disease-recognition-odir5k\versions\2\ODIR-5K\ODIR-5K\Training Images\664_left.jpg,2,Moderate DR
666,right,666_right.jpg,C:\Users\sures\.cache\kagglehub\datasets\andrewmvd\ocular-disease-recognition-odir5k\versions\2\ODIR-5K\ODIR-5K\Training Images\666_right.jpg,2,Moderate DR
668,right,668_right.jpg,C:\Users\sures\.cache\kagglehub\datasets\andrewmvd\ocular-disease-recognition-odir5k\versions\2\ODIR-5K\ODIR-5K\Training Images\668_right.jpg,2,Moderate DR
672,right,672_right.jpg,C:\Users\sures\.cache\kagglehub\datasets\andrewmvd\ocular-disease-recognition-odir5k\versions\2\ODIR-5K\ODIR-5K\Training Images\672_right.jpg,1,Mild DR
676,right,676_right.jpg,C:\Users\sures\.cache\kagglehub\datasets\andrewmvd\ocular-disease-recognition-odir5k\versions\2\ODIR-5K\ODIR-5K\Training Images\676_right.jpg,2,Moderate DR
677,left,677_left.jpg,C:\Users\sures\.cache\kagglehub\datasets\andrewmvd\ocular-disease-recognition-odir5k\versions\2\ODIR-5K\ODIR-5K\Training Images\677_left.jpg,2,Moderate DR
677,right,677_right.jpg,C:\Users\sures\.cache\kagglehub\datasets\andrewmvd\ocular-disease-recognition-odir5k\versions\2\ODIR-5K\ODIR-5K\Training Images\677_right.jpg,0,No DR
680,right,680_right.jpg,C:\Users\sures\.cache\kagglehub\datasets\andrewmvd\ocular-disease-recognition-odir5k\versions\2\ODIR-5K\ODIR-5K\Training Images\680_right.jpg,0,No DR
682,left,682_left.jpg,C:\Users\sures\.cache\kagglehub\datasets\andrewmvd\ocular-disease-recognition-odir5k\versions\2\ODIR-5K\ODIR-5K\Training Images\682_left.jpg,1,Mild DR
682,right,682_right.jpg,C:\Users\sures\.cache\kagglehub\datasets\andrewmvd\ocular-disease-recognition-odir5k\versions\2\ODIR-5K\ODIR-5K\Training Images\682_right.jpg,1,Mild DR
684,left,684_left.jpg,C:\Users\sures\.cache\kagglehub\datasets\andrewmvd\ocular-disease-recognition-odir5k\versions\2\ODIR-5K\ODIR-5K\Training Images\684_left.jpg,2,Moderate DR
684,right,684_right.jpg,C:\Users\sures\.cache\kagglehub\datasets\andrewmvd\ocular-disease-recognition-odir5k\versions\2\ODIR-5K\ODIR-5K\Training Images\684_right.jpg,2,Moderate DR
685,right,685_right.jpg,C:\Users\sures\.cache\kagglehub\datasets\andrewmvd\ocular-disease-recognition-odir5k\versions\2\ODIR-5K\ODIR-5K\Training Images\685_right.jpg,0,No DR
687,left,687_left.jpg,C:\Users\sures\.cache\kagglehub\datasets\andrewmvd\ocular-disease-recognition-odir5k\versions\2\ODIR-5K\ODIR-5K\Training Images\687_left.jpg,2,Moderate DR
687,right,687_right.jpg,C:\Users\sures\.cache\kagglehub\datasets\andrewmvd\ocular-disease-recognition-odir5k\versions\2\ODIR-5K\ODIR-5K\Training Images\687_right.jpg,2,Moderate DR
690,left,690_left.jpg,C:\Users\sures\.cache\kagglehub\datasets\andrewmvd\ocular-disease-recognition-odir5k\versions\2\ODIR-5K\ODIR-5K\Training Images\690_left.jpg,1,Mild DR
690,right,690_right.jpg,C:\Users\sures\.cache\kagglehub\datasets\andrewmvd\ocular-disease-recognition-odir5k\versions\2\ODIR-5K\ODIR-5K\Training Images\690_right.jpg,2,Moderate DR
691,right,691_right.jpg,C:\Users\sures\.cache\kagglehub\datasets\andrewmvd\ocular-disease-recognition-odir5k\versions\2\ODIR-5K\ODIR-5K\Training Images\691_right.jpg,2,Moderate DR
697,left,697_left.jpg,C:\Users\sures\.cache\kagglehub\datasets\andrewmvd\ocular-disease-recognition-odir5k\versions\2\ODIR-5K\ODIR-5K\Training Images\697_left.jpg,2,Moderate DR
697,right,697_right.jpg,C:\Users\sures\.cache\kagglehub\datasets\andrewmvd\ocular-disease-recognition-odir5k\versions\2\ODIR-5K\ODIR-5K\Training Images\697_right.jpg,2,Moderate DR
698,left,698_left.jpg,C:\Users\sures\.cache\kagglehub\datasets\andrewmvd\ocular-disease-recognition-odir5k\versions\2\ODIR-5K\ODIR-5K\Training Images\698_left.jpg,2,Moderate DR
699,right,699_right.jpg,C:\Users\sures\.cache\kagglehub\datasets\andrewmvd\ocular-disease-recognition-odir5k\versions\2\ODIR-5K\ODIR-5K\Training Images\699_right.jpg,2,Moderate DR
700,left,700_left.jpg,C:\Users\sures\.cache\kagglehub\datasets\andrewmvd\ocular-disease-recognition-odir5k\versions\2\ODIR-5K\ODIR-5K\Training Images\700_left.jpg,2,Moderate DR
701,left,701_left.jpg,C:\Users\sures\.cache\kagglehub\datasets\andrewmvd\ocular-disease-recognition-odir5k\versions\2\ODIR-5K\ODIR-5K\Training Images\701_left.jpg,0,No DR
701,right,701_right.jpg,C:\Users\sures\.cache\kagglehub\datasets\andrewmvd\ocular-disease-recognition-odir5k\versions\2\ODIR-5K\ODIR-5K\Training Images\701_right.jpg,2,Moderate DR
702,left,702_left.jpg,C:\Users\sures\.cache\kagglehub\datasets\andrewmvd\ocular-disease-recognition-odir5k\versions\2\ODIR-5K\ODIR-5K\Training Images\702_left.jpg,0,No DR
705,right,705_right.jpg,C:\Users\sures\.cache\kagglehub\datasets\andrewmvd\ocular-disease-recognition-odir5k\versions\2\ODIR-5K\ODIR-5K\Training Images\705_right.jpg,0,No DR
707,left,707_left.jpg,C:\Users\sures\.cache\kagglehub\datasets\andrewmvd\ocular-disease-recognition-odir5k\versions\2\ODIR-5K\ODIR-5K\Training Images\707_left.jpg,2,Moderate DR
707,right,707_right.jpg,C:\Users\sures\.cache\kagglehub\datasets\andrewmvd\ocular-disease-recognition-odir5k\versions\2\ODIR-5K\ODIR-5K\Training Images\707_right.jpg,1,Mild DR
708,right,708_right.jpg,C:\Users\sures\.cache\kagglehub\datasets\andrewmvd\ocular-disease-recognition-odir5k\versions\2\ODIR-5K\ODIR-5K\Training Images\708_right.jpg,1,Mild DR
709,left,709_left.jpg,C:\Users\sures\.cache\kagglehub\datasets\andrewmvd\ocular-disease-recognition-odir5k\versions\2\ODIR-5K\ODIR-5K\Training Images\709_left.jpg,4,Proliferative DR
709,right,709_right.jpg,C:\Users\sures\.cache\kagglehub\datasets\andrewmvd\ocular-disease-recognition-odir5k\versions\2\ODIR-5K\ODIR-5K\Training Images\709_right.jpg,3,Severe DR
710,left,710_left.jpg,C:\Users\sures\.cache\kagglehub\datasets\andrewmvd\ocular-disease-recognition-odir5k\versions\2\ODIR-5K\ODIR-5K\Training Images\710_left.jpg,0,No DR
715,right,715_right.jpg,C:\Users\sures\.cache\kagglehub\datasets\andrewmvd\ocular-disease-recognition-odir5k\versions\2\ODIR-5K\ODIR-5K\Training Images\715_right.jpg,0,No DR
718,left,718_left.jpg,C:\Users\sures\.cache\kagglehub\datasets\andrewmvd\ocular-disease-recognition-odir5k\versions\2\ODIR-5K\ODIR-5K\Training Images\718_left.jpg,2,Moderate DR
718,right,718_right.jpg,C:\Users\sures\.cache\kagglehub\datasets\andrewmvd\ocular-disease-recognition-odir5k\versions\2\ODIR-5K\ODIR-5K\Training Images\718_right.jpg,2,Moderate DR
722,left,722_left.jpg,C:\Users\sures\.cache\kagglehub\datasets\andrewmvd\ocular-disease-recognition-odir5k\versions\2\ODIR-5K\ODIR-5K\Training Images\722_left.jpg,1,Mild DR
730,right,730_right.jpg,C:\Users\sures\.cache\kagglehub\datasets\andrewmvd\ocular-disease-recognition-odir5k\versions\2\ODIR-5K\ODIR-5K\Training Images\730_right.jpg,1,Mild DR
732,left,732_left.jpg,C:\Users\sures\.cache\kagglehub\datasets\andrewmvd\ocular-disease-recognition-odir5k\versions\2\ODIR-5K\ODIR-5K\Training Images\732_left.jpg,0,No DR
735,left,735_left.jpg,C:\Users\sures\.cache\kagglehub\datasets\andrewmvd\ocular-disease-recognition-odir5k\versions\2\ODIR-5K\ODIR-5K\Training Images\735_left.jpg,1,Mild DR
735,right,735_right.jpg,C:\Users\sures\.cache\kagglehub\datasets\andrewmvd\ocular-disease-recognition-odir5k\versions\2\ODIR-5K\ODIR-5K\Training Images\735_right.jpg,1,Mild DR
737,left,737_left.jpg,C:\Users\sures\.cache\kagglehub\datasets\andrewmvd\ocular-disease-recognition-odir5k\versions\2\ODIR-5K\ODIR-5K\Training Images\737_left.jpg,0,No DR
738,right,738_right.jpg,C:\Users\sures\.cache\kagglehub\datasets\andrewmvd\ocular-disease-recognition-odir5k\versions\2\ODIR-5K\ODIR-5K\Training Images\738_right.jpg,0,No DR
740,left,740_left.jpg,C:\Users\sures\.cache\kagglehub\datasets\andrewmvd\ocular-disease-recognition-odir5k\versions\2\ODIR-5K\ODIR-5K\Training Images\740_left.jpg,0,No DR
740,right,740_right.jpg,C:\Users\sures\.cache\kagglehub\datasets\andrewmvd\ocular-disease-recognition-odir5k\versions\2\ODIR-5K\ODIR-5K\Training Images\740_right.jpg,1,Mild DR
743,left,743_left.jpg,C:\Users\sures\.cache\kagglehub\datasets\andrewmvd\ocular-disease-recognition-odir5k\versions\2\ODIR-5K\ODIR-5K\Training Images\743_left.jpg,2,Moderate DR
746,left,746_left.jpg,C:\Users\sures\.cache\kagglehub\datasets\andrewmvd\ocular-disease-recognition-odir5k\versions\2\ODIR-5K\ODIR-5K\Training Images\746_left.jpg,1,Mild DR
746,right,746_right.jpg,C:\Users\sures\.cache\kagglehub\datasets\andrewmvd\ocular-disease-recognition-odir5k\versions\2\ODIR-5K\ODIR-5K\Training Images\746_right.jpg,1,Mild DR
748,left,748_left.jpg,C:\Users\sures\.cache\kagglehub\datasets\andrewmvd\ocular-disease-recognition-odir5k\versions\2\ODIR-5K\ODIR-5K\Training Images\748_left.jpg,2,Moderate DR
748,right,748_right.jpg,C:\Users\sures\.cache\kagglehub\datasets\andrewmvd\ocular-disease-recognition-odir5k\versions\2\ODIR-5K\ODIR-5K\Training Images\748_right.jpg,1,Mild DR
749,right,749_right.jpg,C:\Users\sures\.cache\kagglehub\datasets\andrewmvd\ocular-disease-recognition-odir5k\versions\2\ODIR-5K\ODIR-5K\Training Images\749_right.jpg,0,No DR
750,right,750_right.jpg,C:\Users\sures\.cache\kagglehub\datasets\andrewmvd\ocular-disease-recognition-odir5k\versions\2\ODIR-5K\ODIR-5K\Training Images\750_right.jpg,2,Moderate DR
751,right,751_right.jpg,C:\Users\sures\.cache\kagglehub\datasets\andrewmvd\ocular-disease-recognition-odir5k\versions\2\ODIR-5K\ODIR-5K\Training Images\751_right.jpg,0,No DR
752,left,752_left.jpg,C:\Users\sures\.cache\kagglehub\datasets\andrewmvd\ocular-disease-recognition-odir5k\versions\2\ODIR-5K\ODIR-5K\Training Images\752_left.jpg,2,Moderate DR
753,right,753_right.jpg,C:\Users\sures\.cache\kagglehub\datasets\andrewmvd\ocular-disease-recognition-odir5k\versions\2\ODIR-5K\ODIR-5K\Training Images\753_right.jpg,2,Moderate DR
763,left,763_left.jpg,C:\Users\sures\.cache\kagglehub\datasets\andrewmvd\ocular-disease-recognition-odir5k\versions\2\ODIR-5K\ODIR-5K\Training Images\763_left.jpg,2,Moderate DR
763,right,763_right.jpg,C:\Users\sures\.cache\kagglehub\datasets\andrewmvd\ocular-disease-recognition-odir5k\versions\2\ODIR-5K\ODIR-5K\Training Images\763_right.jpg,2,Moderate DR
765,left,765_left.jpg,C:\Users\sures\.cache\kagglehub\datasets\andrewmvd\ocular-disease-recognition-odir5k\versions\2\ODIR-5K\ODIR-5K\Training Images\765_left.jpg,3,Severe DR
765,right,765_right.jpg,C:\Users\sures\.cache\kagglehub\datasets\andrewmvd\ocular-disease-recognition-odir5k\versions\2\ODIR-5K\ODIR-5K\Training Images\765_right.jpg,3,Severe DR
766,left,766_left.jpg,C:\Users\sures\.cache\kagglehub\datasets\andrewmvd\ocular-disease-recognition-odir5k\versions\2\ODIR-5K\ODIR-5K\Training Images\766_left.jpg,0,No DR
768,right,768_right.jpg,C:\Users\sures\.cache\kagglehub\datasets\andrewmvd\ocular-disease-recognition-odir5k\versions\2\ODIR-5K\ODIR-5K\Training Images\768_right.jpg,2,Moderate DR
769,left,769_left.jpg,C:\Users\sures\.cache\kagglehub\datasets\andrewmvd\ocular-disease-recognition-odir5k\versions\2\ODIR-5K\ODIR-5K\Training Images\769_left.jpg,1,Mild DR
771,right,771_right.jpg,C:\Users\sures\.cache\kagglehub\datasets\andrewmvd\ocular-disease-recognition-odir5k\versions\2\ODIR-5K\ODIR-5K\Training Images\771_right.jpg,0,No DR
772,right,772_right.jpg,C:\Users\sures\.cache\kagglehub\datasets\andrewmvd\ocular-disease-recognition-odir5k\versions\2\ODIR-5K\ODIR-5K\Training Images\772_right.jpg,0,No DR
775,left,775_left.jpg,C:\Users\sures\.cache\kagglehub\datasets\andrewmvd\ocular-disease-recognition-odir5k\versions\2\ODIR-5K\ODIR-5K\Training Images\775_left.jpg,1,Mild DR
775,right,775_right.jpg,C:\Users\sures\.cache\kagglehub\datasets\andrewmvd\ocular-disease-recognition-odir5k\versions\2\ODIR-5K\ODIR-5K\Training Images\775_right.jpg,1,Mild DR
779,left,779_left.jpg,C:\Users\sures\.cache\kagglehub\datasets\andrewmvd\ocular-disease-recognition-odir5k\versions\2\ODIR-5K\ODIR-5K\Training Images\779_left.jpg,1,Mild DR
780,right,780_right.jpg,C:\Users\sures\.cache\kagglehub\datasets\andrewmvd\ocular-disease-recognition-odir5k\versions\2\ODIR-5K\ODIR-5K\Training Images\780_right.jpg,0,No DR
783,left,783_left.jpg,C:\Users\sures\.cache\kagglehub\datasets\andrewmvd\ocular-disease-recognition-odir5k\versions\2\ODIR-5K\ODIR-5K\Training Images\783_left.jpg,1,Mild DR
783,right,783_right.jpg,C:\Users\sures\.cache\kagglehub\datasets\andrewmvd\ocular-disease-recognition-odir5k\versions\2\ODIR-5K\ODIR-5K\Training Images\783_right.jpg,2,Moderate DR
784,left,784_left.jpg,C:\Users\sures\.cache\kagglehub\datasets\andrewmvd\ocular-disease-recognition-odir5k\versions\2\ODIR-5K\ODIR-5K\Training Images\784_left.jpg,2,Moderate DR
784,right,784_right.jpg,C:\Users\sures\.cache\kagglehub\datasets\andrewmvd\ocular-disease-recognition-odir5k\versions\2\ODIR-5K\ODIR-5K\Training Images\784_right.jpg,2,Moderate DR
785,left,785_left.jpg,C:\Users\sures\.cache\kagglehub\datasets\andrewmvd\ocular-disease-recognition-odir5k\versions\2\ODIR-5K\ODIR-5K\Training Images\785_left.jpg,0,No DR
785,right,785_right.jpg,C:\Users\sures\.cache\kagglehub\datasets\andrewmvd\ocular-disease-recognition-odir5k\versions\2\ODIR-5K\ODIR-5K\Training Images\785_right.jpg,1,Mild DR
786,left,786_left.jpg,C:\Users\sures\.cache\kagglehub\datasets\andrewmvd\ocular-disease-recognition-odir5k\versions\2\ODIR-5K\ODIR-5K\Training Images\786_left.jpg,3,Severe DR
786,right,786_right.jpg,C:\Users\sures\.cache\kagglehub\datasets\andrewmvd\ocular-disease-recognition-odir5k\versions\2\ODIR-5K\ODIR-5K\Training Images\786_right.jpg,3,Severe DR
791,left,791_left.jpg,C:\Users\sures\.cache\kagglehub\datasets\andrewmvd\ocular-disease-recognition-odir5k\versions\2\ODIR-5K\ODIR-5K\Training Images\791_left.jpg,2,Moderate DR
791,right,791_right.jpg,C:\Users\sures\.cache\kagglehub\datasets\andrewmvd\ocular-disease-recognition-odir5k\versions\2\ODIR-5K\ODIR-5K\Training Images\791_right.jpg,2,Moderate DR
794,left,794_left.jpg,C:\Users\sures\.cache\kagglehub\datasets\andrewmvd\ocular-disease-recognition-odir5k\versions\2\ODIR-5K\ODIR-5K\Training Images\794_left.jpg,2,Moderate DR
794,right,794_right.jpg,C:\Users\sures\.cache\kagglehub\datasets\andrewmvd\ocular-disease-recognition-odir5k\versions\2\ODIR-5K\ODIR-5K\Training Images\794_right.jpg,2,Moderate DR
796,left,796_left.jpg,C:\Users\sures\.cache\kagglehub\datasets\andrewmvd\ocular-disease-recognition-odir5k\versions\2\ODIR-5K\ODIR-5K\Training Images\796_left.jpg,2,Moderate DR
796,right,796_right.jpg,C:\Users\sures\.cache\kagglehub\datasets\andrewmvd\ocular-disease-recognition-odir5k\versions\2\ODIR-5K\ODIR-5K\Training Images\796_right.jpg,2,Moderate DR
798,right,798_right.jpg,C:\Users\sures\.cache\kagglehub\datasets\andrewmvd\ocular-disease-recognition-odir5k\versions\2\ODIR-5K\ODIR-5K\Training Images\798_right.jpg,0,No DR
800,left,800_left.jpg,C:\Users\sures\.cache\kagglehub\datasets\andrewmvd\ocular-disease-recognition-odir5k\versions\2\ODIR-5K\ODIR-5K\Training Images\800_left.jpg,0,No DR
801,left,801_left.jpg,C:\Users\sures\.cache\kagglehub\datasets\andrewmvd\ocular-disease-recognition-odir5k\versions\2\ODIR-5K\ODIR-5K\Training Images\801_left.jpg,2,Moderate DR
801,right,801_right.jpg,C:\Users\sures\.cache\kagglehub\datasets\andrewmvd\ocular-disease-recognition-odir5k\versions\2\ODIR-5K\ODIR-5K\Training Images\801_right.jpg,2,Moderate DR
803,left,803_left.jpg,C:\Users\sures\.cache\kagglehub\datasets\andrewmvd\ocular-disease-recognition-odir5k\versions\2\ODIR-5K\ODIR-5K\Training Images\803_left.jpg,0,No DR
803,right,803_right.jpg,C:\Users\sures\.cache\kagglehub\datasets\andrewmvd\ocular-disease-recognition-odir5k\versions\2\ODIR-5K\ODIR-5K\Training Images\803_right.jpg,1,Mild DR
805,right,805_right.jpg,C:\Users\sures\.cache\kagglehub\datasets\andrewmvd\ocular-disease-recognition-odir5k\versions\2\ODIR-5K\ODIR-5K\Training Images\805_right.jpg,0,No DR
807,left,807_left.jpg,C:\Users\sures\.cache\kagglehub\datasets\andrewmvd\ocular-disease-recognition-odir5k\versions\2\ODIR-5K\ODIR-5K\Training Images\807_left.jpg,2,Moderate DR
807,right,807_right.jpg,C:\Users\sures\.cache\kagglehub\datasets\andrewmvd\ocular-disease-recognition-odir5k\versions\2\ODIR-5K\ODIR-5K\Training Images\807_right.jpg,0,No DR
808,left,808_left.jpg,C:\Users\sures\.cache\kagglehub\datasets\andrewmvd\ocular-disease-recognition-odir5k\versions\2\ODIR-5K\ODIR-5K\Training Images\808_left.jpg,1,Mild DR
812,left,812_left.jpg,C:\Users\sures\.cache\kagglehub\datasets\andrewmvd\ocular-disease-recognition-odir5k\versions\2\ODIR-5K\ODIR-5K\Training Images\812_left.jpg,2,Moderate DR
812,right,812_right.jpg,C:\Users\sures\.cache\kagglehub\datasets\andrewmvd\ocular-disease-recognition-odir5k\versions\2\ODIR-5K\ODIR-5K\Training Images\812_right.jpg,2,Moderate DR
813,left,813_left.jpg,C:\Users\sures\.cache\kagglehub\datasets\andrewmvd\ocular-disease-recognition-odir5k\versions\2\ODIR-5K\ODIR-5K\Training Images\813_left.jpg,3,Severe DR
813,right,813_right.jpg,C:\Users\sures\.cache\kagglehub\datasets\andrewmvd\ocular-disease-recognition-odir5k\versions\2\ODIR-5K\ODIR-5K\Training Images\813_right.jpg,3,Severe DR
814,right,814_right.jpg,C:\Users\sures\.cache\kagglehub\datasets\andrewmvd\ocular-disease-recognition-odir5k\versions\2\ODIR-5K\ODIR-5K\Training Images\814_right.jpg,1,Mild DR
818,left,818_left.jpg,C:\Users\sures\.cache\kagglehub\datasets\andrewmvd\ocular-disease-recognition-odir5k\versions\2\ODIR-5K\ODIR-5K\Training Images\818_left.jpg,2,Moderate DR
819,left,819_left.jpg,C:\Users\sures\.cache\kagglehub\datasets\andrewmvd\ocular-disease-recognition-odir5k\versions\2\ODIR-5K\ODIR-5K\Training Images\819_left.jpg,2,Moderate DR
819,right,819_right.jpg,C:\Users\sures\.cache\kagglehub\datasets\andrewmvd\ocular-disease-recognition-odir5k\versions\2\ODIR-5K\ODIR-5K\Training Images\819_right.jpg,2,Moderate DR
820,right,820_right.jpg,C:\Users\sures\.cache\kagglehub\datasets\andrewmvd\ocular-disease-recognition-odir5k\versions\2\ODIR-5K\ODIR-5K\Training Images\820_right.jpg,0,No DR
822,left,822_left.jpg,C:\Users\sures\.cache\kagglehub\datasets\andrewmvd\ocular-disease-recognition-odir5k\versions\2\ODIR-5K\ODIR-5K\Training Images\822_left.jpg,0,No DR
824,right,824_right.jpg,C:\Users\sures\.cache\kagglehub\datasets\andrewmvd\ocular-disease-recognition-odir5k\versions\2\ODIR-5K\ODIR-5K\Training Images\824_right.jpg,0,No DR
825,left,825_left.jpg,C:\Users\sures\.cache\kagglehub\datasets\andrewmvd\ocular-disease-recognition-odir5k\versions\2\ODIR-5K\ODIR-5K\Training Images\825_left.jpg,2,Moderate DR
825,right,825_right.jpg,C:\Users\sures\.cache\kagglehub\datasets\andrewmvd\ocular-disease-recognition-odir5k\versions\2\ODIR-5K\ODIR-5K\Training Images\825_right.jpg,2,Moderate DR
831,right,831_right.jpg,C:\Users\sures\.cache\kagglehub\datasets\andrewmvd\ocular-disease-recognition-odir5k\versions\2\ODIR-5K\ODIR-5K\Training Images\831_right.jpg,2,Moderate DR
832,left,832_left.jpg,C:\Users\sures\.cache\kagglehub\datasets\andrewmvd\ocular-disease-recognition-odir5k\versions\2\ODIR-5K\ODIR-5K\Training Images\832_left.jpg,0,No DR
832,right,832_right.jpg,C:\Users\sures\.cache\kagglehub\datasets\andrewmvd\ocular-disease-recognition-odir5k\versions\2\ODIR-5K\ODIR-5K\Training Images\832_right.jpg,0,No DR
835,left,835_left.jpg,C:\Users\sures\.cache\kagglehub\datasets\andrewmvd\ocular-disease-recognition-odir5k\versions\2\ODIR-5K\ODIR-5K\Training Images\835_left.jpg,0,No DR
837,right,837_right.jpg,C:\Users\sures\.cache\kagglehub\datasets\andrewmvd\ocular-disease-recognition-odir5k\versions\2\ODIR-5K\ODIR-5K\Training Images\837_right.jpg,0,No DR
840,right,840_right.jpg,C:\Users\sures\.cache\kagglehub\datasets\andrewmvd\ocular-disease-recognition-odir5k\versions\2\ODIR-5K\ODIR-5K\Training Images\840_right.jpg,0,No DR
841,right,841_right.jpg,C:\Users\sures\.cache\kagglehub\datasets\andrewmvd\ocular-disease-recognition-odir5k\versions\2\ODIR-5K\ODIR-5K\Training Images\841_right.jpg,0,No DR
844,left,844_left.jpg,C:\Users\sures\.cache\kagglehub\datasets\andrewmvd\ocular-disease-recognition-odir5k\versions\2\ODIR-5K\ODIR-5K\Training Images\844_left.jpg,0,No DR
845,right,845_right.jpg,C:\Users\sures\.cache\kagglehub\datasets\andrewmvd\ocular-disease-recognition-odir5k\versions\2\ODIR-5K\ODIR-5K\Training Images\845_right.jpg,0,No DR
850,left,850_left.jpg,C:\Users\sures\.cache\kagglehub\datasets\andrewmvd\ocular-disease-recognition-odir5k\versions\2\ODIR-5K\ODIR-5K\Training Images\850_left.jpg,2,Moderate DR
850,right,850_right.jpg,C:\Users\sures\.cache\kagglehub\datasets\andrewmvd\ocular-disease-recognition-odir5k\versions\2\ODIR-5K\ODIR-5K\Training Images\850_right.jpg,2,Moderate DR
857,left,857_left.jpg,C:\Users\sures\.cache\kagglehub\datasets\andrewmvd\ocular-disease-recognition-odir5k\versions\2\ODIR-5K\ODIR-5K\Training Images\857_left.jpg,2,Moderate DR
857,right,857_right.jpg,C:\Users\sures\.cache\kagglehub\datasets\andrewmvd\ocular-disease-recognition-odir5k\versions\2\ODIR-5K\ODIR-5K\Training Images\857_right.jpg,3,Severe DR
859,left,859_left.jpg,C:\Users\sures\.cache\kagglehub\datasets\andrewmvd\ocular-disease-recognition-odir5k\versions\2\ODIR-5K\ODIR-5K\Training Images\859_left.jpg,0,No DR
860,left,860_left.jpg,C:\Users\sures\.cache\kagglehub\datasets\andrewmvd\ocular-disease-recognition-odir5k\versions\2\ODIR-5K\ODIR-5K\Training Images\860_left.jpg,2,Moderate DR
860,right,860_right.jpg,C:\Users\sures\.cache\kagglehub\datasets\andrewmvd\ocular-disease-recognition-odir5k\versions\2\ODIR-5K\ODIR-5K\Training Images\860_right.jpg,2,Moderate DR
862,right,862_right.jpg,C:\Users\sures\.cache\kagglehub\datasets\andrewmvd\ocular-disease-recognition-odir5k\versions\2\ODIR-5K\ODIR-5K\Training Images\862_right.jpg,0,No DR
864,left,864_left.jpg,C:\Users\sures\.cache\kagglehub\datasets\andrewmvd\ocular-disease-recognition-odir5k\versions\2\ODIR-5K\ODIR-5K\Training Images\864_left.jpg,4,Proliferative DR
864,right,864_right.jpg,C:\Users\sures\.cache\kagglehub\datasets\andrewmvd\ocular-disease-recognition-odir5k\versions\2\ODIR-5K\ODIR-5K\Training Images\864_right.jpg,3,Severe DR
865,left,865_left.jpg,C:\Users\sures\.cache\kagglehub\datasets\andrewmvd\ocular-disease-recognition-odir5k\versions\2\ODIR-5K\ODIR-5K\Training Images\865_left.jpg,1,Mild DR
865,right,865_right.jpg,C:\Users\sures\.cache\kagglehub\datasets\andrewmvd\ocular-disease-recognition-odir5k\versions\2\ODIR-5K\ODIR-5K\Training Images\865_right.jpg,1,Mild DR
868,right,868_right.jpg,C:\Users\sures\.cache\kagglehub\datasets\andrewmvd\ocular-disease-recognition-odir5k\versions\2\ODIR-5K\ODIR-5K\Training Images\868_right.jpg,2,Moderate DR
869,left,869_left.jpg,C:\Users\sures\.cache\kagglehub\datasets\andrewmvd\ocular-disease-recognition-odir5k\versions\2\ODIR-5K\ODIR-5K\Training Images\869_left.jpg,0,No DR
871,left,871_left.jpg,C:\Users\sures\.cache\kagglehub\datasets\andrewmvd\ocular-disease-recognition-odir5k\versions\2\ODIR-5K\ODIR-5K\Training Images\871_left.jpg,2,Moderate DR
872,right,872_right.jpg,C:\Users\sures\.cache\kagglehub\datasets\andrewmvd\ocular-disease-recognition-odir5k\versions\2\ODIR-5K\ODIR-5K\Training Images\872_right.jpg,0,No DR
874,left,874_left.jpg,C:\Users\sures\.cache\kagglehub\datasets\andrewmvd\ocular-disease-recognition-odir5k\versions\2\ODIR-5K\ODIR-5K\Training Images\874_left.jpg,2,Moderate DR
874,right,874_right.jpg,C:\Users\sures\.cache\kagglehub\datasets\andrewmvd\ocular-disease-recognition-odir5k\versions\2\ODIR-5K\ODIR-5K\Training Images\874_right.jpg,2,Moderate DR
878,right,878_right.jpg,C:\Users\sures\.cache\kagglehub\datasets\andrewmvd\ocular-disease-recognition-odir5k\versions\2\ODIR-5K\ODIR-5K\Training Images\878_right.jpg,0,No DR
879,right,879_right.jpg,C:\Users\sures\.cache\kagglehub\datasets\andrewmvd\ocular-disease-recognition-odir5k\versions\2\ODIR-5K\ODIR-5K\Training Images\879_right.jpg,0,No DR
880,right,880_right.jpg,C:\Users\sures\.cache\kagglehub\datasets\andrewmvd\ocular-disease-recognition-odir5k\versions\2\ODIR-5K\ODIR-5K\Training Images\880_right.jpg,2,Moderate DR
881,left,881_left.jpg,C:\Users\sures\.cache\kagglehub\datasets\andrewmvd\ocular-disease-recognition-odir5k\versions\2\ODIR-5K\ODIR-5K\Training Images\881_left.jpg,1,Mild DR
883,right,883_right.jpg,C:\Users\sures\.cache\kagglehub\datasets\andrewmvd\ocular-disease-recognition-odir5k\versions\2\ODIR-5K\ODIR-5K\Training Images\883_right.jpg,0,No DR
884,right,884_right.jpg,C:\Users\sures\.cache\kagglehub\datasets\andrewmvd\ocular-disease-recognition-odir5k\versions\2\ODIR-5K\ODIR-5K\Training Images\884_right.jpg,0,No DR
885,left,885_left.jpg,C:\Users\sures\.cache\kagglehub\datasets\andrewmvd\ocular-disease-recognition-odir5k\versions\2\ODIR-5K\ODIR-5K\Training Images\885_left.jpg,0,No DR
890,left,890_left.jpg,C:\Users\sures\.cache\kagglehub\datasets\andrewmvd\ocular-disease-recognition-odir5k\versions\2\ODIR-5K\ODIR-5K\Training Images\890_left.jpg,1,Mild DR
890,right,890_right.jpg,C:\Users\sures\.cache\kagglehub\datasets\andrewmvd\ocular-disease-recognition-odir5k\versions\2\ODIR-5K\ODIR-5K\Training Images\890_right.jpg,2,Moderate DR
892,left,892_left.jpg,C:\Users\sures\.cache\kagglehub\datasets\andrewmvd\ocular-disease-recognition-odir5k\versions\2\ODIR-5K\ODIR-5K\Training Images\892_left.jpg,0,No DR
893,right,893_right.jpg,C:\Users\sures\.cache\kagglehub\datasets\andrewmvd\ocular-disease-recognition-odir5k\versions\2\ODIR-5K\ODIR-5K\Training Images\893_right.jpg,0,No DR
894,left,894_left.jpg,C:\Users\sures\.cache\kagglehub\datasets\andrewmvd\ocular-disease-recognition-odir5k\versions\2\ODIR-5K\ODIR-5K\Training Images\894_left.jpg,0,No DR
896,left,896_left.jpg,C:\Users\sures\.cache\kagglehub\datasets\andrewmvd\ocular-disease-recognition-odir5k\versions\2\ODIR-5K\ODIR-5K\Training Images\896_left.jpg,0,No DR
897,right,897_right.jpg,C:\Users\sures\.cache\kagglehub\datasets\andrewmvd\ocular-disease-recognition-odir5k\versions\2\ODIR-5K\ODIR-5K\Training Images\897_right.jpg,0,No DR
901,left,901_left.jpg,C:\Users\sures\.cache\kagglehub\datasets\andrewmvd\ocular-disease-recognition-odir5k\versions\2\ODIR-5K\ODIR-5K\Training Images\901_left.jpg,0,No DR
903,left,903_left.jpg,C:\Users\sures\.cache\kagglehub\datasets\andrewmvd\ocular-disease-recognition-odir5k\versions\2\ODIR-5K\ODIR-5K\Training Images\903_left.jpg,0,No DR
905,left,905_left.jpg,C:\Users\sures\.cache\kagglehub\datasets\andrewmvd\ocular-disease-recognition-odir5k\versions\2\ODIR-5K\ODIR-5K\Training Images\905_left.jpg,2,Moderate DR
905,right,905_right.jpg,C:\Users\sures\.cache\kagglehub\datasets\andrewmvd\ocular-disease-recognition-odir5k\versions\2\ODIR-5K\ODIR-5K\Training Images\905_right.jpg,2,Moderate DR
909,right,909_right.jpg,C:\Users\sures\.cache\kagglehub\datasets\andrewmvd\ocular-disease-recognition-odir5k\versions\2\ODIR-5K\ODIR-5K\Training Images\909_right.jpg,0,No DR
911,left,911_left.jpg,C:\Users\sures\.cache\kagglehub\datasets\andrewmvd\ocular-disease-recognition-odir5k\versions\2\ODIR-5K\ODIR-5K\Training Images\911_left.jpg,2,Moderate DR
911,right,911_right.jpg,C:\Users\sures\.cache\kagglehub\datasets\andrewmvd\ocular-disease-recognition-odir5k\versions\2\ODIR-5K\ODIR-5K\Training Images\911_right.jpg,2,Moderate DR
913,left,913_left.jpg,C:\Users\sures\.cache\kagglehub\datasets\andrewmvd\ocular-disease-recognition-odir5k\versions\2\ODIR-5K\ODIR-5K\Training Images\913_left.jpg,2,Moderate DR
913,right,913_right.jpg,C:\Users\sures\.cache\kagglehub\datasets\andrewmvd\ocular-disease-recognition-odir5k\versions\2\ODIR-5K\ODIR-5K\Training Images\913_right.jpg,1,Mild DR
916,left,916_left.jpg,C:\Users\sures\.cache\kagglehub\datasets\andrewmvd\ocular-disease-recognition-odir5k\versions\2\ODIR-5K\ODIR-5K\Training Images\916_left.jpg,3,Severe DR
916,right,916_right.jpg,C:\Users\sures\.cache\kagglehub\datasets\andrewmvd\ocular-disease-recognition-odir5k\versions\2\ODIR-5K\ODIR-5K\Training Images\916_right.jpg,2,Moderate DR
917,left,917_left.jpg,C:\Users\sures\.cache\kagglehub\datasets\andrewmvd\ocular-disease-recognition-odir5k\versions\2\ODIR-5K\ODIR-5K\Training Images\917_left.jpg,0,No DR
917,right,917_right.jpg,C:\Users\sures\.cache\kagglehub\datasets\andrewmvd\ocular-disease-recognition-odir5k\versions\2\ODIR-5K\ODIR-5K\Training Images\917_right.jpg,2,Moderate DR
918,right,918_right.jpg,C:\Users\sures\.cache\kagglehub\datasets\andrewmvd\ocular-disease-recognition-odir5k\versions\2\ODIR-5K\ODIR-5K\Training Images\918_right.jpg,0,No DR
923,left,923_left.jpg,C:\Users\sures\.cache\kagglehub\datasets\andrewmvd\ocular-disease-recognition-odir5k\versions\2\ODIR-5K\ODIR-5K\Training Images\923_left.jpg,2,Moderate DR
923,right,923_right.jpg,C:\Users\sures\.cache\kagglehub\datasets\andrewmvd\ocular-disease-recognition-odir5k\versions\2\ODIR-5K\ODIR-5K\Training Images\923_right.jpg,2,Moderate DR
925,left,925_left.jpg,C:\Users\sures\.cache\kagglehub\datasets\andrewmvd\ocular-disease-recognition-odir5k\versions\2\ODIR-5K\ODIR-5K\Training Images\925_left.jpg,0,No DR
926,left,926_left.jpg,C:\Users\sures\.cache\kagglehub\datasets\andrewmvd\ocular-disease-recognition-odir5k\versions\2\ODIR-5K\ODIR-5K\Training Images\926_left.jpg,2,Moderate DR
926,right,926_right.jpg,C:\Users\sures\.cache\kagglehub\datasets\andrewmvd\ocular-disease-recognition-odir5k\versions\2\ODIR-5K\ODIR-5K\Training Images\926_right.jpg,2,Moderate DR
929,left,929_left.jpg,C:\Users\sures\.cache\kagglehub\datasets\andrewmvd\ocular-disease-recognition-odir5k\versions\2\ODIR-5K\ODIR-5K\Training Images\929_left.jpg,1,Mild DR
932,left,932_left.jpg,C:\Users\sures\.cache\kagglehub\datasets\andrewmvd\ocular-disease-recognition-odir5k\versions\2\ODIR-5K\ODIR-5K\Training Images\932_left.jpg,0,No DR
938,right,938_right.jpg,C:\Users\sures\.cache\kagglehub\datasets\andrewmvd\ocular-disease-recognition-odir5k\versions\2\ODIR-5K\ODIR-5K\Training Images\938_right.jpg,1,Mild DR
939,left,939_left.jpg,C:\Users\sures\.cache\kagglehub\datasets\andrewmvd\ocular-disease-recognition-odir5k\versions\2\ODIR-5K\ODIR-5K\Training Images\939_left.jpg,0,No DR
939,right,939_right.jpg,C:\Users\sures\.cache\kagglehub\datasets\andrewmvd\ocular-disease-recognition-odir5k\versions\2\ODIR-5K\ODIR-5K\Training Images\939_right.jpg,0,No DR
940,right,940_right.jpg,C:\Users\sures\.cache\kagglehub\datasets\andrewmvd\ocular-disease-recognition-odir5k\versions\2\ODIR-5K\ODIR-5K\Training Images\940_right.jpg,0,No DR
942,right,942_right.jpg,C:\Users\sures\.cache\kagglehub\datasets\andrewmvd\ocular-disease-recognition-odir5k\versions\2\ODIR-5K\ODIR-5K\Training Images\942_right.jpg,0,No DR
945,left,945_left.jpg,C:\Users\sures\.cache\kagglehub\datasets\andrewmvd\ocular-disease-recognition-odir5k\versions\2\ODIR-5K\ODIR-5K\Training Images\945_left.jpg,0,No DR
946,left,946_left.jpg,C:\Users\sures\.cache\kagglehub\datasets\andrewmvd\ocular-disease-recognition-odir5k\versions\2\ODIR-5K\ODIR-5K\Training Images\946_left.jpg,0,No DR
947,left,947_left.jpg,C:\Users\sures\.cache\kagglehub\datasets\andrewmvd\ocular-disease-recognition-odir5k\versions\2\ODIR-5K\ODIR-5K\Training Images\947_left.jpg,3,Severe DR
947,right,947_right.jpg,C:\Users\sures\.cache\kagglehub\datasets\andrewmvd\ocular-disease-recognition-odir5k\versions\2\ODIR-5K\ODIR-5K\Training Images\947_right.jpg,3,Severe DR
948,left,948_left.jpg,C:\Users\sures\.cache\kagglehub\datasets\andrewmvd\ocular-disease-recognition-odir5k\versions\2\ODIR-5K\ODIR-5K\Training Images\948_left.jpg,2,Moderate DR
948,right,948_right.jpg,C:\Users\sures\.cache\kagglehub\datasets\andrewmvd\ocular-disease-recognition-odir5k\versions\2\ODIR-5K\ODIR-5K\Training Images\948_right.jpg,2,Moderate DR
949,left,949_left.jpg,C:\Users\sures\.cache\kagglehub\datasets\andrewmvd\ocular-disease-recognition-odir5k\versions\2\ODIR-5K\ODIR-5K\Training Images\949_left.jpg,2,Moderate DR
950,left,950_left.jpg,C:\Users\sures\.cache\kagglehub\datasets\andrewmvd\ocular-disease-recognition-odir5k\versions\2\ODIR-5K\ODIR-5K\Training Images\950_left.jpg,0,No DR
952,left,952_left.jpg,C:\Users\sures\.cache\kagglehub\datasets\andrewmvd\ocular-disease-recognition-odir5k\versions\2\ODIR-5K\ODIR-5K\Training Images\952_left.jpg,1,Mild DR
952,right,952_right.jpg,C:\Users\sures\.cache\kagglehub\datasets\andrewmvd\ocular-disease-recognition-odir5k\versions\2\ODIR-5K\ODIR-5K\Training Images\952_right.jpg,1,Mild DR
953,left,953_left.jpg,C:\Users\sures\.cache\kagglehub\datasets\andrewmvd\ocular-disease-recognition-odir5k\versions\2\ODIR-5K\ODIR-5K\Training Images\953_left.jpg,2,Moderate DR
953,right,953_right.jpg,C:\Users\sures\.cache\kagglehub\datasets\andrewmvd\ocular-disease-recognition-odir5k\versions\2\ODIR-5K\ODIR-5K\Training Images\953_right.jpg,2,Moderate DR
954,right,954_right.jpg,C:\Users\sures\.cache\kagglehub\datasets\andrewmvd\ocular-disease-recognition-odir5k\versions\2\ODIR-5K\ODIR-5K\Training Images\954_right.jpg,0,No DR
955,left,955_left.jpg,C:\Users\sures\.cache\kagglehub\datasets\andrewmvd\ocular-disease-recognition-odir5k\versions\2\ODIR-5K\ODIR-5K\Training Images\955_left.jpg,0,No DR
960,left,960_left.jpg,C:\Users\sures\.cache\kagglehub\datasets\andrewmvd\ocular-disease-recognition-odir5k\versions\2\ODIR-5K\ODIR-5K\Training Images\960_left.jpg,3,Severe DR
960,right,960_right.jpg,C:\Users\sures\.cache\kagglehub\datasets\andrewmvd\ocular-disease-recognition-odir5k\versions\2\ODIR-5K\ODIR-5K\Training Images\960_right.jpg,3,Severe DR
962,left,962_left.jpg,C:\Users\sures\.cache\kagglehub\datasets\andrewmvd\ocular-disease-recognition-odir5k\versions\2\ODIR-5K\ODIR-5K\Training Images\962_left.jpg,1,Mild DR
964,left,964_left.jpg,C:\Users\sures\.cache\kagglehub\datasets\andrewmvd\ocular-disease-recognition-odir5k\versions\2\ODIR-5K\ODIR-5K\Training Images\964_left.jpg,2,Moderate DR
964,right,964_right.jpg,C:\Users\sures\.cache\kagglehub\datasets\andrewmvd\ocular-disease-recognition-odir5k\versions\2\ODIR-5K\ODIR-5K\Training Images\964_right.jpg,2,Moderate DR
965,right,965_right.jpg,C:\Users\sures\.cache\kagglehub\datasets\andrewmvd\ocular-disease-recognition-odir5k\versions\2\ODIR-5K\ODIR-5K\Training Images\965_right.jpg,0,No DR
966,left,966_left.jpg,C:\Users\sures\.cache\kagglehub\datasets\andrewmvd\ocular-disease-recognition-odir5k\versions\2\ODIR-5K\ODIR-5K\Training Images\966_left.jpg,2,Moderate DR
966,right,966_right.jpg,C:\Users\sures\.cache\kagglehub\datasets\andrewmvd\ocular-disease-recognition-odir5k\versions\2\ODIR-5K\ODIR-5K\Training Images\966_right.jpg,0,No DR
972,left,972_left.jpg,C:\Users\sures\.cache\kagglehub\datasets\andrewmvd\ocular-disease-recognition-odir5k\versions\2\ODIR-5K\ODIR-5K\Training Images\972_left.jpg,2,Moderate DR
972,right,972_right.jpg,C:\Users\sures\.cache\kagglehub\datasets\andrewmvd\ocular-disease-recognition-odir5k\versions\2\ODIR-5K\ODIR-5K\Training Images\972_right.jpg,1,Mild DR
974,right,974_right.jpg,C:\Users\sures\.cache\kagglehub\datasets\andrewmvd\ocular-disease-recognition-odir5k\versions\2\ODIR-5K\ODIR-5K\Training Images\974_right.jpg,0,No DR
976,left,976_left.jpg,C:\Users\sures\.cache\kagglehub\datasets\andrewmvd\ocular-disease-recognition-odir5k\versions\2\ODIR-5K\ODIR-5K\Training Images\976_left.jpg,1,Mild DR
976,right,976_right.jpg,C:\Users\sures\.cache\kagglehub\datasets\andrewmvd\ocular-disease-recognition-odir5k\versions\2\ODIR-5K\ODIR-5K\Training Images\976_right.jpg,2,Moderate DR
978,left,978_left.jpg,C:\Users\sures\.cache\kagglehub\datasets\andrewmvd\ocular-disease-recognition-odir5k\versions\2\ODIR-5K\ODIR-5K\Training Images\978_left.jpg,1,Mild DR
978,right,978_right.jpg,C:\Users\sures\.cache\kagglehub\datasets\andrewmvd\ocular-disease-recognition-odir5k\versions\2\ODIR-5K\ODIR-5K\Training Images\978_right.jpg,1,Mild DR
987,right,987_right.jpg,C:\Users\sures\.cache\kagglehub\datasets\andrewmvd\ocular-disease-recognition-odir5k\versions\2\ODIR-5K\ODIR-5K\Training Images\987_right.jpg,0,No DR
990,left,990_left.jpg,C:\Users\sures\.cache\kagglehub\datasets\andrewmvd\ocular-disease-recognition-odir5k\versions\2\ODIR-5K\ODIR-5K\Training Images\990_left.jpg,0,No DR
996,right,996_right.jpg,C:\Users\sures\.cache\kagglehub\datasets\andrewmvd\ocular-disease-recognition-odir5k\versions\2\ODIR-5K\ODIR-5K\Training Images\996_right.jpg,0,No DR
1005,right,1005_right.jpg,C:\Users\sures\.cache\kagglehub\datasets\andrewmvd\ocular-disease-recognition-odir5k\versions\2\ODIR-5K\ODIR-5K\Training Images\1005_right.jpg,0,No DR
1006,left,1006_left.jpg,C:\Users\sures\.cache\kagglehub\datasets\andrewmvd\ocular-disease-recognition-odir5k\versions\2\ODIR-5K\ODIR-5K\Training Images\1006_left.jpg,0,No DR
1008,left,1008_left.jpg,C:\Users\sures\.cache\kagglehub\datasets\andrewmvd\ocular-disease-recognition-odir5k\versions\2\ODIR-5K\ODIR-5K\Training Images\1008_left.jpg,0,No DR
1010,left,1010_left.jpg,C:\Users\sures\.cache\kagglehub\datasets\andrewmvd\ocular-disease-recognition-odir5k\versions\2\ODIR-5K\ODIR-5K\Training Images\1010_left.jpg,0,No DR
1013,left,1013_left.jpg,C:\Users\sures\.cache\kagglehub\datasets\andrewmvd\ocular-disease-recognition-odir5k\versions\2\ODIR-5K\ODIR-5K\Training Images\1013_left.jpg,0,No DR
1014,right,1014_right.jpg,C:\Users\sures\.cache\kagglehub\datasets\andrewmvd\ocular-disease-recognition-odir5k\versions\2\ODIR-5K\ODIR-5K\Training Images\1014_right.jpg,0,No DR
1016,left,1016_left.jpg,C:\Users\sures\.cache\kagglehub\datasets\andrewmvd\ocular-disease-recognition-odir5k\versions\2\ODIR-5K\ODIR-5K\Training Images\1016_left.jpg,0,No DR
1018,right,1018_right.jpg,C:\Users\sures\.cache\kagglehub\datasets\andrewmvd\ocular-disease-recognition-odir5k\versions\2\ODIR-5K\ODIR-5K\Training Images\1018_right.jpg,0,No DR
1019,right,1019_right.jpg,C:\Users\sures\.cache\kagglehub\datasets\andrewmvd\ocular-disease-recognition-odir5k\versions\2\ODIR-5K\ODIR-5K\Training Images\1019_right.jpg,0,No DR
1022,left,1022_left.jpg,C:\Users\sures\.cache\kagglehub\datasets\andrewmvd\ocular-disease-recognition-odir5k\versions\2\ODIR-5K\ODIR-5K\Training Images\1022_left.jpg,2,Moderate DR
1022,right,1022_right.jpg,C:\Users\sures\.cache\kagglehub\datasets\andrewmvd\ocular-disease-recognition-odir5k\versions\2\ODIR-5K\ODIR-5K\Training Images\1022_right.jpg,2,Moderate DR
1024,right,1024_right.jpg,C:\Users\sures\.cache\kagglehub\datasets\andrewmvd\ocular-disease-recognition-odir5k\versions\2\ODIR-5K\ODIR-5K\Training Images\1024_right.jpg,1,Mild DR
1028,right,1028_right.jpg,C:\Users\sures\.cache\kagglehub\datasets\andrewmvd\ocular-disease-recognition-odir5k\versions\2\ODIR-5K\ODIR-5K\Training Images\1028_right.jpg,0,No DR
1032,left,1032_left.jpg,C:\Users\sures\.cache\kagglehub\datasets\andrewmvd\ocular-disease-recognition-odir5k\versions\2\ODIR-5K\ODIR-5K\Training Images\1032_left.jpg,0,No DR
1033,left,1033_left.jpg,C:\Users\sures\.cache\kagglehub\datasets\andrewmvd\ocular-disease-recognition-odir5k\versions\2\ODIR-5K\ODIR-5K\Training Images\1033_left.jpg,0,No DR
1034,left,1034_left.jpg,C:\Users\sures\.cache\kagglehub\datasets\andrewmvd\ocular-disease-recognition-odir5k\versions\2\ODIR-5K\ODIR-5K\Training Images\1034_left.jpg,0,No DR
1034,right,1034_right.jpg,C:\Users\sures\.cache\kagglehub\datasets\andrewmvd\ocular-disease-recognition-odir5k\versions\2\ODIR-5K\ODIR-5K\Training Images\1034_right.jpg,0,No DR
1053,left,1053_left.jpg,C:\Users\sures\.cache\kagglehub\datasets\andrewmvd\ocular-disease-recognition-odir5k\versions\2\ODIR-5K\ODIR-5K\Training Images\1053_left.jpg,0,No DR
1054,left,1054_left.jpg,C:\Users\sures\.cache\kagglehub\datasets\andrewmvd\ocular-disease-recognition-odir5k\versions\2\ODIR-5K\ODIR-5K\Training Images\1054_left.jpg,0,No DR
1054,right,1054_right.jpg,C:\Users\sures\.cache\kagglehub\datasets\andrewmvd\ocular-disease-recognition-odir5k\versions\2\ODIR-5K\ODIR-5K\Training Images\1054_right.jpg,0,No DR
1058,left,1058_left.jpg,C:\Users\sures\.cache\kagglehub\datasets\andrewmvd\ocular-disease-recognition-odir5k\versions\2\ODIR-5K\ODIR-5K\Training Images\1058_left.jpg,0,No DR
1059,right,1059_right.jpg,C:\Users\sures\.cache\kagglehub\datasets\andrewmvd\ocular-disease-recognition-odir5k\versions\2\ODIR-5K\ODIR-5K\Training Images\1059_right.jpg,0,No DR
1061,right,1061_right.jpg,C:\Users\sures\.cache\kagglehub\datasets\andrewmvd\ocular-disease-recognition-odir5k\versions\2\ODIR-5K\ODIR-5K\Training Images\1061_right.jpg,0,No DR
1062,left,1062_left.jpg,C:\Users\sures\.cache\kagglehub\datasets\andrewmvd\ocular-disease-recognition-odir5k\versions\2\ODIR-5K\ODIR-5K\Training Images\1062_left.jpg,0,No DR
1066,right,1066_right.jpg,C:\Users\sures\.cache\kagglehub\datasets\andrewmvd\ocular-disease-recognition-odir5k\versions\2\ODIR-5K\ODIR-5K\Training Images\1066_right.jpg,0,No DR
1068,left,1068_left.jpg,C:\Users\sures\.cache\kagglehub\datasets\andrewmvd\ocular-disease-recognition-odir5k\versions\2\ODIR-5K\ODIR-5K\Training Images\1068_left.jpg,2,Moderate DR
1068,right,1068_right.jpg,C:\Users\sures\.cache\kagglehub\datasets\andrewmvd\ocular-disease-recognition-odir5k\versions\2\ODIR-5K\ODIR-5K\Training Images\1068_right.jpg,2,Moderate DR
1071,left,1071_left.jpg,C:\Users\sures\.cache\kagglehub\datasets\andrewmvd\ocular-disease-recognition-odir5k\versions\2\ODIR-5K\ODIR-5K\Training Images\1071_left.jpg,2,Moderate DR
1071,right,1071_right.jpg,C:\Users\sures\.cache\kagglehub\datasets\andrewmvd\ocular-disease-recognition-odir5k\versions\2\ODIR-5K\ODIR-5K\Training Images\1071_right.jpg,1,Mild DR
1072,left,1072_left.jpg,C:\Users\sures\.cache\kagglehub\datasets\andrewmvd\ocular-disease-recognition-odir5k\versions\2\ODIR-5K\ODIR-5K\Training Images\1072_left.jpg,0,No DR
1072,right,1072_right.jpg,C:\Users\sures\.cache\kagglehub\datasets\andrewmvd\ocular-disease-recognition-odir5k\versions\2\ODIR-5K\ODIR-5K\Training Images\1072_right.jpg,0,No DR
1074,right,1074_right.jpg,C:\Users\sures\.cache\kagglehub\datasets\andrewmvd\ocular-disease-recognition-odir5k\versions\2\ODIR-5K\ODIR-5K\Training Images\1074_right.jpg,0,No DR
1077,left,1077_left.jpg,C:\Users\sures\.cache\kagglehub\datasets\andrewmvd\ocular-disease-recognition-odir5k\versions\2\ODIR-5K\ODIR-5K\Training Images\1077_left.jpg,0,No DR
1082,left,1082_left.jpg,C:\Users\sures\.cache\kagglehub\datasets\andrewmvd\ocular-disease-recognition-odir5k\versions\2\ODIR-5K\ODIR-5K\Training Images\1082_left.jpg,2,Moderate DR
1082,right,1082_right.jpg,C:\Users\sures\.cache\kagglehub\datasets\andrewmvd\ocular-disease-recognition-odir5k\versions\2\ODIR-5K\ODIR-5K\Training Images\1082_right.jpg,2,Moderate DR
1083,left,1083_left.jpg,C:\Users\sures\.cache\kagglehub\datasets\andrewmvd\ocular-disease-recognition-odir5k\versions\2\ODIR-5K\ODIR-5K\Training Images\1083_left.jpg,2,Moderate DR
1083,right,1083_right.jpg,C:\Users\sures\.cache\kagglehub\datasets\andrewmvd\ocular-disease-recognition-odir5k\versions\2\ODIR-5K\ODIR-5K\Training Images\1083_right.jpg,2,Moderate DR
1084,left,1084_left.jpg,C:\Users\sures\.cache\kagglehub\datasets\andrewmvd\ocular-disease-recognition-odir5k\versions\2\ODIR-5K\ODIR-5K\Training Images\1084_left.jpg,2,Moderate DR
1084,right,1084_right.jpg,C:\Users\sures\.cache\kagglehub\datasets\andrewmvd\ocular-disease-recognition-odir5k\versions\2\ODIR-5K\ODIR-5K\Training Images\1084_right.jpg,1,Mild DR
1086,left,1086_left.jpg,C:\Users\sures\.cache\kagglehub\datasets\andrewmvd\ocular-disease-recognition-odir5k\versions\2\ODIR-5K\ODIR-5K\Training Images\1086_left.jpg,0,No DR
1092,left,1092_left.jpg,C:\Users\sures\.cache\kagglehub\datasets\andrewmvd\ocular-disease-recognition-odir5k\versions\2\ODIR-5K\ODIR-5K\Training Images\1092_left.jpg,0,No DR
1093,right,1093_right.jpg,C:\Users\sures\.cache\kagglehub\datasets\andrewmvd\ocular-disease-recognition-odir5k\versions\2\ODIR-5K\ODIR-5K\Training Images\1093_right.jpg,0,No DR
1094,left,1094_left.jpg,C:\Users\sures\.cache\kagglehub\datasets\andrewmvd\ocular-disease-recognition-odir5k\versions\2\ODIR-5K\ODIR-5K\Training Images\1094_left.jpg,2,Moderate DR
1094,right,1094_right.jpg,C:\Users\sures\.cache\kagglehub\datasets\andrewmvd\ocular-disease-recognition-odir5k\versions\2\ODIR-5K\ODIR-5K\Training Images\1094_right.jpg,2,Moderate DR
1097,left,1097_left.jpg,C:\Users\sures\.cache\kagglehub\datasets\andrewmvd\ocular-disease-recognition-odir5k\versions\2\ODIR-5K\ODIR-5K\Training Images\1097_left.jpg,0,No DR
1109,left,1109_left.jpg,C:\Users\sures\.cache\kagglehub\datasets\andrewmvd\ocular-disease-recognition-odir5k\versions\2\ODIR-5K\ODIR-5K\Training Images\1109_left.jpg,0,No DR
1114,right,1114_right.jpg,C:\Users\sures\.cache\kagglehub\datasets\andrewmvd\ocular-disease-recognition-odir5k\versions\2\ODIR-5K\ODIR-5K\Training Images\1114_right.jpg,0,No DR
1115,right,1115_right.jpg,C:\Users\sures\.cache\kagglehub\datasets\andrewmvd\ocular-disease-recognition-odir5k\versions\2\ODIR-5K\ODIR-5K\Training Images\1115_right.jpg,0,No DR
1117,left,1117_left.jpg,C:\Users\sures\.cache\kagglehub\datasets\andrewmvd\ocular-disease-recognition-odir5k\versions\2\ODIR-5K\ODIR-5K\Training Images\1117_left.jpg,0,No DR
1118,left,1118_left.jpg,C:\Users\sures\.cache\kagglehub\datasets\andrewmvd\ocular-disease-recognition-odir5k\versions\2\ODIR-5K\ODIR-5K\Training Images\1118_left.jpg,0,No DR
1119,right,1119_right.jpg,C:\Users\sures\.cache\kagglehub\datasets\andrewmvd\ocular-disease-recognition-odir5k\versions\2\ODIR-5K\ODIR-5K\Training Images\1119_right.jpg,0,No DR
1120,left,1120_left.jpg,C:\Users\sures\.cache\kagglehub\datasets\andrewmvd\ocular-disease-recognition-odir5k\versions\2\ODIR-5K\ODIR-5K\Training Images\1120_left.jpg,0,No DR
1121,right,1121_right.jpg,C:\Users\sures\.cache\kagglehub\datasets\andrewmvd\ocular-disease-recognition-odir5k\versions\2\ODIR-5K\ODIR-5K\Training Images\1121_right.jpg,0,No DR
1122,right,1122_right.jpg,C:\Users\sures\.cache\kagglehub\datasets\andrewmvd\ocular-disease-recognition-odir5k\versions\2\ODIR-5K\ODIR-5K\Training Images\1122_right.jpg,0,No DR
1124,right,1124_right.jpg,C:\Users\sures\.cache\kagglehub\datasets\andrewmvd\ocular-disease-recognition-odir5k\versions\2\ODIR-5K\ODIR-5K\Training Images\1124_right.jpg,0,No DR
1126,left,1126_left.jpg,C:\Users\sures\.cache\kagglehub\datasets\andrewmvd\ocular-disease-recognition-odir5k\versions\2\ODIR-5K\ODIR-5K\Training Images\1126_left.jpg,0,No DR
1129,right,1129_right.jpg,C:\Users\sures\.cache\kagglehub\datasets\andrewmvd\ocular-disease-recognition-odir5k\versions\2\ODIR-5K\ODIR-5K\Training Images\1129_right.jpg,0,No DR
1132,left,1132_left.jpg,C:\Users\sures\.cache\kagglehub\datasets\andrewmvd\ocular-disease-recognition-odir5k\versions\2\ODIR-5K\ODIR-5K\Training Images\1132_left.jpg,0,No DR
1133,right,1133_right.jpg,C:\Users\sures\.cache\kagglehub\datasets\andrewmvd\ocular-disease-recognition-odir5k\versions\2\ODIR-5K\ODIR-5K\Training Images\1133_right.jpg,0,No DR
1136,left,1136_left.jpg,C:\Users\sures\.cache\kagglehub\datasets\andrewmvd\ocular-disease-recognition-odir5k\versions\2\ODIR-5K\ODIR-5K\Training Images\1136_left.jpg,2,Moderate DR
1136,right,1136_right.jpg,C:\Users\sures\.cache\kagglehub\datasets\andrewmvd\ocular-disease-recognition-odir5k\versions\2\ODIR-5K\ODIR-5K\Training Images\1136_right.jpg,2,Moderate DR
1138,left,1138_left.jpg,C:\Users\sures\.cache\kagglehub\datasets\andrewmvd\ocular-disease-recognition-odir5k\versions\2\ODIR-5K\ODIR-5K\Training Images\1138_left.jpg,2,Moderate DR
1138,right,1138_right.jpg,C:\Users\sures\.cache\kagglehub\datasets\andrewmvd\ocular-disease-recognition-odir5k\versions\2\ODIR-5K\ODIR-5K\Training Images\1138_right.jpg,2,Moderate DR
1142,right,1142_right.jpg,C:\Users\sures\.cache\kagglehub\datasets\andrewmvd\ocular-disease-recognition-odir5k\versions\2\ODIR-5K\ODIR-5K\Training Images\1142_right.jpg,0,No DR
1143,right,1143_right.jpg,C:\Users\sures\.cache\kagglehub\datasets\andrewmvd\ocular-disease-recognition-odir5k\versions\2\ODIR-5K\ODIR-5K\Training Images\1143_right.jpg,0,No DR
1144,right,1144_right.jpg,C:\Users\sures\.cache\kagglehub\datasets\andrewmvd\ocular-disease-recognition-odir5k\versions\2\ODIR-5K\ODIR-5K\Training Images\1144_right.jpg,2,Moderate DR
1146,right,1146_right.jpg,C:\Users\sures\.cache\kagglehub\datasets\andrewmvd\ocular-disease-recognition-odir5k\versions\2\ODIR-5K\ODIR-5K\Training Images\1146_right.jpg,0,No DR
1151,left,1151_left.jpg,C:\Users\sures\.cache\kagglehub\datasets\andrewmvd\ocular-disease-recognition-odir5k\versions\2\ODIR-5K\ODIR-5K\Training Images\1151_left.jpg,0,No DR
1152,left,1152_left.jpg,C:\Users\sures\.cache\kagglehub\datasets\andrewmvd\ocular-disease-recognition-odir5k\versions\2\ODIR-5K\ODIR-5K\Training Images\1152_left.jpg,2,Moderate DR
1152,right,1152_right.jpg,C:\Users\sures\.cache\kagglehub\datasets\andrewmvd\ocular-disease-recognition-odir5k\versions\2\ODIR-5K\ODIR-5K\Training Images\1152_right.jpg,2,Moderate DR
1153,left,1153_left.jpg,C:\Users\sures\.cache\kagglehub\datasets\andrewmvd\ocular-disease-recognition-odir5k\versions\2\ODIR-5K\ODIR-5K\Training Images\1153_left.jpg,3,Severe DR
1153,right,1153_right.jpg,C:\Users\sures\.cache\kagglehub\datasets\andrewmvd\ocular-disease-recognition-odir5k\versions\2\ODIR-5K\ODIR-5K\Training Images\1153_right.jpg,3,Severe DR
1157,left,1157_left.jpg,C:\Users\sures\.cache\kagglehub\datasets\andrewmvd\ocular-disease-recognition-odir5k\versions\2\ODIR-5K\ODIR-5K\Training Images\1157_left.jpg,2,Moderate DR
1157,right,1157_right.jpg,C:\Users\sures\.cache\kagglehub\datasets\andrewmvd\ocular-disease-recognition-odir5k\versions\2\ODIR-5K\ODIR-5K\Training Images\1157_right.jpg,2,Moderate DR
1160,left,1160_left.jpg,C:\Users\sures\.cache\kagglehub\datasets\andrewmvd\ocular-disease-recognition-odir5k\versions\2\ODIR-5K\ODIR-5K\Training Images\1160_left.jpg,0,No DR
1164,right,1164_right.jpg,C:\Users\sures\.cache\kagglehub\datasets\andrewmvd\ocular-disease-recognition-odir5k\versions\2\ODIR-5K\ODIR-5K\Training Images\1164_right.jpg,0,No DR
1165,left,1165_left.jpg,C:\Users\sures\.cache\kagglehub\datasets\andrewmvd\ocular-disease-recognition-odir5k\versions\2\ODIR-5K\ODIR-5K\Training Images\1165_left.jpg,0,No DR
1166,left,1166_left.jpg,C:\Users\sures\.cache\kagglehub\datasets\andrewmvd\ocular-disease-recognition-odir5k\versions\2\ODIR-5K\ODIR-5K\Training Images\1166_left.jpg,0,No DR
1167,left,1167_left.jpg,C:\Users\sures\.cache\kagglehub\datasets\andrewmvd\ocular-disease-recognition-odir5k\versions\2\ODIR-5K\ODIR-5K\Training Images\1167_left.jpg,2,Moderate DR
1167,right,1167_right.jpg,C:\Users\sures\.cache\kagglehub\datasets\andrewmvd\ocular-disease-recognition-odir5k\versions\2\ODIR-5K\ODIR-5K\Training Images\1167_right.jpg,2,Moderate DR
1168,left,1168_left.jpg,C:\Users\sures\.cache\kagglehub\datasets\andrewmvd\ocular-disease-recognition-odir5k\versions\2\ODIR-5K\ODIR-5K\Training Images\1168_left.jpg,0,No DR
1169,right,1169_right.jpg,C:\Users\sures\.cache\kagglehub\datasets\andrewmvd\ocular-disease-recognition-odir5k\versions\2\ODIR-5K\ODIR-5K\Training Images\1169_right.jpg,0,No DR
1172,right,1172_right.jpg,C:\Users\sures\.cache\kagglehub\datasets\andrewmvd\ocular-disease-recognition-odir5k\versions\2\ODIR-5K\ODIR-5K\Training Images\1172_right.jpg,0,No DR
1173,right,1173_right.jpg,C:\Users\sures\.cache\kagglehub\datasets\andrewmvd\ocular-disease-recognition-odir5k\versions\2\ODIR-5K\ODIR-5K\Training Images\1173_right.jpg,0,No DR
1177,right,1177_right.jpg,C:\Users\sures\.cache\kagglehub\datasets\andrewmvd\ocular-disease-recognition-odir5k\versions\2\ODIR-5K\ODIR-5K\Training Images\1177_right.jpg,0,No DR
1191,left,1191_left.jpg,C:\Users\sures\.cache\kagglehub\datasets\andrewmvd\ocular-disease-recognition-odir5k\versions\2\ODIR-5K\ODIR-5K\Training Images\1191_left.jpg,1,Mild DR
1191,right,1191_right.jpg,C:\Users\sures\.cache\kagglehub\datasets\andrewmvd\ocular-disease-recognition-odir5k\versions\2\ODIR-5K\ODIR-5K\Training Images\1191_right.jpg,0,No DR
1198,right,1198_right.jpg,C:\Users\sures\.cache\kagglehub\datasets\andrewmvd\ocular-disease-recognition-odir5k\versions\2\ODIR-5K\ODIR-5K\Training Images\1198_right.jpg,0,No DR
1200,left,1200_left.jpg,C:\Users\sures\.cache\kagglehub\datasets\andrewmvd\ocular-disease-recognition-odir5k\versions\2\ODIR-5K\ODIR-5K\Training Images\1200_left.jpg,0,No DR
1205,left,1205_left.jpg,C:\Users\sures\.cache\kagglehub\datasets\andrewmvd\ocular-disease-recognition-odir5k\versions\2\ODIR-5K\ODIR-5K\Training Images\1205_left.jpg,2,Moderate DR
1205,right,1205_right.jpg,C:\Users\sures\.cache\kagglehub\datasets\andrewmvd\ocular-disease-recognition-odir5k\versions\2\ODIR-5K\ODIR-5K\Training Images\1205_right.jpg,2,Moderate DR
1206,left,1206_left.jpg,C:\Users\sures\.cache\kagglehub\datasets\andrewmvd\ocular-disease-recognition-odir5k\versions\2\ODIR-5K\ODIR-5K\Training Images\1206_left.jpg,1,Mild DR
1207,right,1207_right.jpg,C:\Users\sures\.cache\kagglehub\datasets\andrewmvd\ocular-disease-recognition-odir5k\versions\2\ODIR-5K\ODIR-5K\Training Images\1207_right.jpg,0,No DR
1230,left,1230_left.jpg,C:\Users\sures\.cache\kagglehub\datasets\andrewmvd\ocular-disease-recognition-odir5k\versions\2\ODIR-5K\ODIR-5K\Training Images\1230_left.jpg,1,Mild DR
1230,right,1230_right.jpg,C:\Users\sures\.cache\kagglehub\datasets\andrewmvd\ocular-disease-recognition-odir5k\versions\2\ODIR-5K\ODIR-5K\Training Images\1230_right.jpg,1,Mild DR
1240,left,1240_left.jpg,C:\Users\sures\.cache\kagglehub\datasets\andrewmvd\ocular-disease-recognition-odir5k\versions\2\ODIR-5K\ODIR-5K\Training Images\1240_left.jpg,0,No DR
1242,right,1242_right.jpg,C:\Users\sures\.cache\kagglehub\datasets\andrewmvd\ocular-disease-recognition-odir5k\versions\2\ODIR-5K\ODIR-5K\Training Images\1242_right.jpg,0,No DR
1245,left,1245_left.jpg,C:\Users\sures\.cache\kagglehub\datasets\andrewmvd\ocular-disease-recognition-odir5k\versions\2\ODIR-5K\ODIR-5K\Training Images\1245_left.jpg,0,No DR
1253,left,1253_left.jpg,C:\Users\sures\.cache\kagglehub\datasets\andrewmvd\ocular-disease-recognition-odir5k\versions\2\ODIR-5K\ODIR-5K\Training Images\1253_left.jpg,0,No DR
1253,right,1253_right.jpg,C:\Users\sures\.cache\kagglehub\datasets\andrewmvd\ocular-disease-recognition-odir5k\versions\2\ODIR-5K\ODIR-5K\Training Images\1253_right.jpg,0,No DR
1280,right,1280_right.jpg,C:\Users\sures\.cache\kagglehub\datasets\andrewmvd\ocular-disease-recognition-odir5k\versions\2\ODIR-5K\ODIR-5K\Training Images\1280_right.jpg,0,No DR
1281,left,1281_left.jpg,C:\Users\sures\.cache\kagglehub\datasets\andrewmvd\ocular-disease-recognition-odir5k\versions\2\ODIR-5K\ODIR-5K\Training Images\1281_left.jpg,1,Mild DR
1281,right,1281_right.jpg,C:\Users\sures\.cache\kagglehub\datasets\andrewmvd\ocular-disease-recognition-odir5k\versions\2\ODIR-5K\ODIR-5K\Training Images\1281_right.jpg,1,Mild DR
1296,left,1296_left.jpg,C:\Users\sures\.cache\kagglehub\datasets\andrewmvd\ocular-disease-recognition-odir5k\versions\2\ODIR-5K\ODIR-5K\Training Images\1296_left.jpg,0,No DR
1302,left,1302_left.jpg,C:\Users\sures\.cache\kagglehub\datasets\andrewmvd\ocular-disease-recognition-odir5k\versions\2\ODIR-5K\ODIR-5K\Training Images\1302_left.jpg,1,Mild DR
1302,right,1302_right.jpg,C:\Users\sures\.cache\kagglehub\datasets\andrewmvd\ocular-disease-recognition-odir5k\versions\2\ODIR-5K\ODIR-5K\Training Images\1302_right.jpg,1,Mild DR
1310,left,1310_left.jpg,C:\Users\sures\.cache\kagglehub\datasets\andrewmvd\ocular-disease-recognition-odir5k\versions\2\ODIR-5K\ODIR-5K\Training Images\1310_left.jpg,0,No DR
1311,left,1311_left.jpg,C:\Users\sures\.cache\kagglehub\datasets\andrewmvd\ocular-disease-recognition-odir5k\versions\2\ODIR-5K\ODIR-5K\Training Images\1311_left.jpg,0,No DR
1364,left,1364_left.jpg,C:\Users\sures\.cache\kagglehub\datasets\andrewmvd\ocular-disease-recognition-odir5k\versions\2\ODIR-5K\ODIR-5K\Training Images\1364_left.jpg,0,No DR
1364,right,1364_right.jpg,C:\Users\sures\.cache\kagglehub\datasets\andrewmvd\ocular-disease-recognition-odir5k\versions\2\ODIR-5K\ODIR-5K\Training Images\1364_right.jpg,2,Moderate DR
1393,left,1393_left.jpg,C:\Users\sures\.cache\kagglehub\datasets\andrewmvd\ocular-disease-recognition-odir5k\versions\2\ODIR-5K\ODIR-5K\Training Images\1393_left.jpg,0,No DR
1397,right,1397_right.jpg,C:\Users\sures\.cache\kagglehub\datasets\andrewmvd\ocular-disease-recognition-odir5k\versions\2\ODIR-5K\ODIR-5K\Training Images\1397_right.jpg,0,No DR
1402,left,1402_left.jpg,C:\Users\sures\.cache\kagglehub\datasets\andrewmvd\ocular-disease-recognition-odir5k\versions\2\ODIR-5K\ODIR-5K\Training Images\1402_left.jpg,2,Moderate DR
1402,right,1402_right.jpg,C:\Users\sures\.cache\kagglehub\datasets\andrewmvd\ocular-disease-recognition-odir5k\versions\2\ODIR-5K\ODIR-5K\Training Images\1402_right.jpg,2,Moderate DR
1404,right,1404_right.jpg,C:\Users\sures\.cache\kagglehub\datasets\andrewmvd\ocular-disease-recognition-odir5k\versions\2\ODIR-5K\ODIR-5K\Training Images\1404_right.jpg,0,No DR
1406,left,1406_left.jpg,C:\Users\sures\.cache\kagglehub\datasets\andrewmvd\ocular-disease-recognition-odir5k\versions\2\ODIR-5K\ODIR-5K\Training Images\1406_left.jpg,1,Mild DR
1406,right,1406_right.jpg,C:\Users\sures\.cache\kagglehub\datasets\andrewmvd\ocular-disease-recognition-odir5k\versions\2\ODIR-5K\ODIR-5K\Training Images\1406_right.jpg,0,No DR
1409,left,1409_left.jpg,C:\Users\sures\.cache\kagglehub\datasets\andrewmvd\ocular-disease-recognition-odir5k\versions\2\ODIR-5K\ODIR-5K\Training Images\1409_left.jpg,1,Mild DR
1409,right,1409_right.jpg,C:\Users\sures\.cache\kagglehub\datasets\andrewmvd\ocular-disease-recognition-odir5k\versions\2\ODIR-5K\ODIR-5K\Training Images\1409_right.jpg,2,Moderate DR
1410,right,1410_right.jpg,C:\Users\sures\.cache\kagglehub\datasets\andrewmvd\ocular-disease-recognition-odir5k\versions\2\ODIR-5K\ODIR-5K\Training Images\1410_right.jpg,1,Mild DR
1413,left,1413_left.jpg,C:\Users\sures\.cache\kagglehub\datasets\andrewmvd\ocular-disease-recognition-odir5k\versions\2\ODIR-5K\ODIR-5K\Training Images\1413_left.jpg,2,Moderate DR
1418,right,1418_right.jpg,C:\Users\sures\.cache\kagglehub\datasets\andrewmvd\ocular-disease-recognition-odir5k\versions\2\ODIR-5K\ODIR-5K\Training Images\1418_right.jpg,0,No DR
1429,right,1429_right.jpg,C:\Users\sures\.cache\kagglehub\datasets\andrewmvd\ocular-disease-recognition-odir5k\versions\2\ODIR-5K\ODIR-5K\Training Images\1429_right.jpg,0,No DR
1434,left,1434_left.jpg,C:\Users\sures\.cache\kagglehub\datasets\andrewmvd\ocular-disease-recognition-odir5k\versions\2\ODIR-5K\ODIR-5K\Training Images\1434_left.jpg,2,Moderate DR
1434,right,1434_right.jpg,C:\Users\sures\.cache\kagglehub\datasets\andrewmvd\ocular-disease-recognition-odir5k\versions\2\ODIR-5K\ODIR-5K\Training Images\1434_right.jpg,2,Moderate DR
1435,right,1435_right.jpg,C:\Users\sures\.cache\kagglehub\datasets\andrewmvd\ocular-disease-recognition-odir5k\versions\2\ODIR-5K\ODIR-5K\Training Images\1435_right.jpg,0,No DR
1441,right,1441_right.jpg,C:\Users\sures\.cache\kagglehub\datasets\andrewmvd\ocular-disease-recognition-odir5k\versions\2\ODIR-5K\ODIR-5K\Training Images\1441_right.jpg,0,No DR
1444,right,1444_right.jpg,C:\Users\sures\.cache\kagglehub\datasets\andrewmvd\ocular-disease-recognition-odir5k\versions\2\ODIR-5K\ODIR-5K\Training Images\1444_right.jpg,0,No DR
1447,right,1447_right.jpg,C:\Users\sures\.cache\kagglehub\datasets\andrewmvd\ocular-disease-recognition-odir5k\versions\2\ODIR-5K\ODIR-5K\Training Images\1447_right.jpg,0,No DR
1452,right,1452_right.jpg,C:\Users\sures\.cache\kagglehub\datasets\andrewmvd\ocular-disease-recognition-odir5k\versions\2\ODIR-5K\ODIR-5K\Training Images\1452_right.jpg,0,No DR
1453,left,1453_left.jpg,C:\Users\sures\.cache\kagglehub\datasets\andrewmvd\ocular-disease-recognition-odir5k\versions\2\ODIR-5K\ODIR-5K\Training Images\1453_left.jpg,0,No DR
1468,right,1468_right.jpg,C:\Users\sures\.cache\kagglehub\datasets\andrewmvd\ocular-disease-recognition-odir5k\versions\2\ODIR-5K\ODIR-5K\Training Images\1468_right.jpg,0,No DR
1474,left,1474_left.jpg,C:\Users\sures\.cache\kagglehub\datasets\andrewmvd\ocular-disease-recognition-odir5k\versions\2\ODIR-5K\ODIR-5K\Training Images\1474_left.jpg,2,Moderate DR
1475,right,1475_right.jpg,C:\Users\sures\.cache\kagglehub\datasets\andrewmvd\ocular-disease-recognition-odir5k\versions\2\ODIR-5K\ODIR-5K\Training Images\1475_right.jpg,0,No DR
1476,left,1476_left.jpg,C:\Users\sures\.cache\kagglehub\datasets\andrewmvd\ocular-disease-recognition-odir5k\versions\2\ODIR-5K\ODIR-5K\Training Images\1476_left.jpg,0,No DR
1479,right,1479_right.jpg,C:\Users\sures\.cache\kagglehub\datasets\andrewmvd\ocular-disease-recognition-odir5k\versions\2\ODIR-5K\ODIR-5K\Training Images\1479_right.jpg,0,No DR
1486,right,1486_right.jpg,C:\Users\sures\.cache\kagglehub\datasets\andrewmvd\ocular-disease-recognition-odir5k\versions\2\ODIR-5K\ODIR-5K\Training Images\1486_right.jpg,0,No DR
1489,right,1489_right.jpg,C:\Users\sures\.cache\kagglehub\datasets\andrewmvd\ocular-disease-recognition-odir5k\versions\2\ODIR-5K\ODIR-5K\Training Images\1489_right.jpg,0,No DR
1490,left,1490_left.jpg,C:\Users\sures\.cache\kagglehub\datasets\andrewmvd\ocular-disease-recognition-odir5k\versions\2\ODIR-5K\ODIR-5K\Training Images\1490_left.jpg,0,No DR
1491,right,1491_right.jpg,C:\Users\sures\.cache\kagglehub\datasets\andrewmvd\ocular-disease-recognition-odir5k\versions\2\ODIR-5K\ODIR-5K\Training Images\1491_right.jpg,0,No DR
1493,right,1493_right.jpg,C:\Users\sures\.cache\kagglehub\datasets\andrewmvd\ocular-disease-recognition-odir5k\versions\2\ODIR-5K\ODIR-5K\Training Images\1493_right.jpg,0,No DR
1496,left,1496_left.jpg,C:\Users\sures\.cache\kagglehub\datasets\andrewmvd\ocular-disease-recognition-odir5k\versions\2\ODIR-5K\ODIR-5K\Training Images\1496_left.jpg,2,Moderate DR
1496,right,1496_right.jpg,C:\Users\sures\.cache\kagglehub\datasets\andrewmvd\ocular-disease-recognition-odir5k\versions\2\ODIR-5K\ODIR-5K\Training Images\1496_right.jpg,2,Moderate DR
1503,left,1503_left.jpg,C:\Users\sures\.cache\kagglehub\datasets\andrewmvd\ocular-disease-recognition-odir5k\versions\2\ODIR-5K\ODIR-5K\Training Images\1503_left.jpg,0,No DR
1510,left,1510_left.jpg,C:\Users\sures\.cache\kagglehub\datasets\andrewmvd\ocular-disease-recognition-odir5k\versions\2\ODIR-5K\ODIR-5K\Training Images\1510_left.jpg,0,No DR
1513,left,1513_left.jpg,C:\Users\sures\.cache\kagglehub\datasets\andrewmvd\ocular-disease-recognition-odir5k\versions\2\ODIR-5K\ODIR-5K\Training Images\1513_left.jpg,0,No DR
1514,right,1514_right.jpg,C:\Users\sures\.cache\kagglehub\datasets\andrewmvd\ocular-disease-recognition-odir5k\versions\2\ODIR-5K\ODIR-5K\Training Images\1514_right.jpg,0,No DR
1515,right,1515_right.jpg,C:\Users\sures\.cache\kagglehub\datasets\andrewmvd\ocular-disease-recognition-odir5k\versions\2\ODIR-5K\ODIR-5K\Training Images\1515_right.jpg,0,No DR
1519,left,1519_left.jpg,C:\Users\sures\.cache\kagglehub\datasets\andrewmvd\ocular-disease-recognition-odir5k\versions\2\ODIR-5K\ODIR-5K\Training Images\1519_left.jpg,0,No DR
1541,right,1541_right.jpg,C:\Users\sures\.cache\kagglehub\datasets\andrewmvd\ocular-disease-recognition-odir5k\versions\2\ODIR-5K\ODIR-5K\Training Images\1541_right.jpg,0,No DR
1543,left,1543_left.jpg,C:\Users\sures\.cache\kagglehub\datasets\andrewmvd\ocular-disease-recognition-odir5k\versions\2\ODIR-5K\ODIR-5K\Training Images\1543_left.jpg,2,Moderate DR
1569,left,1569_left.jpg,C:\Users\sures\.cache\kagglehub\datasets\andrewmvd\ocular-disease-recognition-odir5k\versions\2\ODIR-5K\ODIR-5K\Training Images\1569_left.jpg,0,No DR
1610,right,1610_right.jpg,C:\Users\sures\.cache\kagglehub\datasets\andrewmvd\ocular-disease-recognition-odir5k\versions\2\ODIR-5K\ODIR-5K\Training Images\1610_right.jpg,0,No DR
1611,right,1611_right.jpg,C:\Users\sures\.cache\kagglehub\datasets\andrewmvd\ocular-disease-recognition-odir5k\versions\2\ODIR-5K\ODIR-5K\Training Images\1611_right.jpg,0,No DR
1620,left,1620_left.jpg,C:\Users\sures\.cache\kagglehub\datasets\andrewmvd\ocular-disease-recognition-odir5k\versions\2\ODIR-5K\ODIR-5K\Training Images\1620_left.jpg,0,No DR
1657,right,1657_right.jpg,C:\Users\sures\.cache\kagglehub\datasets\andrewmvd\ocular-disease-recognition-odir5k\versions\2\ODIR-5K\ODIR-5K\Training Images\1657_right.jpg,1,Mild DR
1663,right,1663_right.jpg,C:\Users\sures\.cache\kagglehub\datasets\andrewmvd\ocular-disease-recognition-odir5k\versions\2\ODIR-5K\ODIR-5K\Training Images\1663_right.jpg,0,No DR
1674,left,1674_left.jpg,C:\Users\sures\.cache\kagglehub\datasets\andrewmvd\ocular-disease-recognition-odir5k\versions\2\ODIR-5K\ODIR-5K\Training Images\1674_left.jpg,2,Moderate DR
1731,right,1731_right.jpg,C:\Users\sures\.cache\kagglehub\datasets\andrewmvd\ocular-disease-recognition-odir5k\versions\2\ODIR-5K\ODIR-5K\Training Images\1731_right.jpg,2,Moderate DR
1837,left,1837_left.jpg,C:\Users\sures\.cache\kagglehub\datasets\andrewmvd\ocular-disease-recognition-odir5k\versions\2\ODIR-5K\ODIR-5K\Training Images\1837_left.jpg,0,No DR
1838,left,1838_left.jpg,C:\Users\sures\.cache\kagglehub\datasets\andrewmvd\ocular-disease-recognition-odir5k\versions\2\ODIR-5K\ODIR-5K\Training Images\1838_left.jpg,1,Mild DR
1838,right,1838_right.jpg,C:\Users\sures\.cache\kagglehub\datasets\andrewmvd\ocular-disease-recognition-odir5k\versions\2\ODIR-5K\ODIR-5K\Training Images\1838_right.jpg,1,Mild DR
1873,left,1873_left.jpg,C:\Users\sures\.cache\kagglehub\datasets\andrewmvd\ocular-disease-recognition-odir5k\versions\2\ODIR-5K\ODIR-5K\Training Images\1873_left.jpg,0,No DR
1890,right,1890_right.jpg,C:\Users\sures\.cache\kagglehub\datasets\andrewmvd\ocular-disease-recognition-odir5k\versions\2\ODIR-5K\ODIR-5K\Training Images\1890_right.jpg,0,No DR
1942,left,1942_left.jpg,C:\Users\sures\.cache\kagglehub\datasets\andrewmvd\ocular-disease-recognition-odir5k\versions\2\ODIR-5K\ODIR-5K\Training Images\1942_left.jpg,1,Mild DR
1942,right,1942_right.jpg,C:\Users\sures\.cache\kagglehub\datasets\andrewmvd\ocular-disease-recognition-odir5k\versions\2\ODIR-5K\ODIR-5K\Training Images\1942_right.jpg,1,Mild DR
1963,left,1963_left.jpg,C:\Users\sures\.cache\kagglehub\datasets\andrewmvd\ocular-disease-recognition-odir5k\versions\2\ODIR-5K\ODIR-5K\Training Images\1963_left.jpg,2,Moderate DR
1971,right,1971_right.jpg,C:\Users\sures\.cache\kagglehub\datasets\andrewmvd\ocular-disease-recognition-odir5k\versions\2\ODIR-5K\ODIR-5K\Training Images\1971_right.jpg,2,Moderate DR
1975,right,1975_right.jpg,C:\Users\sures\.cache\kagglehub\datasets\andrewmvd\ocular-disease-recognition-odir5k\versions\2\ODIR-5K\ODIR-5K\Training Images\1975_right.jpg,0,No DR
1985,left,1985_left.jpg,C:\Users\sures\.cache\kagglehub\datasets\andrewmvd\ocular-disease-recognition-odir5k\versions\2\ODIR-5K\ODIR-5K\Training Images\1985_left.jpg,2,Moderate DR
1990,left,1990_left.jpg,C:\Users\sures\.cache\kagglehub\datasets\andrewmvd\ocular-disease-recognition-odir5k\versions\2\ODIR-5K\ODIR-5K\Training Images\1990_left.jpg,0,No DR
1994,left,1994_left.jpg,C:\Users\sures\.cache\kagglehub\datasets\andrewmvd\ocular-disease-recognition-odir5k\versions\2\ODIR-5K\ODIR-5K\Training Images\1994_left.jpg,2,Moderate DR
1994,right,1994_right.jpg,C:\Users\sures\.cache\kagglehub\datasets\andrewmvd\ocular-disease-recognition-odir5k\versions\2\ODIR-5K\ODIR-5K\Training Images\1994_right.jpg,1,Mild DR
2020,right,2020_right.jpg,C:\Users\sures\.cache\kagglehub\datasets\andrewmvd\ocular-disease-recognition-odir5k\versions\2\ODIR-5K\ODIR-5K\Training Images\2020_right.jpg,0,No DR
2063,right,2063_right.jpg,C:\Users\sures\.cache\kagglehub\datasets\andrewmvd\ocular-disease-recognition-odir5k\versions\2\ODIR-5K\ODIR-5K\Training Images\2063_right.jpg,2,Moderate DR
2064,left,2064_left.jpg,C:\Users\sures\.cache\kagglehub\datasets\andrewmvd\ocular-disease-recognition-odir5k\versions\2\ODIR-5K\ODIR-5K\Training Images\2064_left.jpg,1,Mild DR
2064,right,2064_right.jpg,C:\Users\sures\.cache\kagglehub\datasets\andrewmvd\ocular-disease-recognition-odir5k\versions\2\ODIR-5K\ODIR-5K\Training Images\2064_right.jpg,1,Mild DR
2078,left,2078_left.jpg,C:\Users\sures\.cache\kagglehub\datasets\andrewmvd\ocular-disease-recognition-odir5k\versions\2\ODIR-5K\ODIR-5K\Training Images\2078_left.jpg,1,Mild DR
2078,right,2078_right.jpg,C:\Users\sures\.cache\kagglehub\datasets\andrewmvd\ocular-disease-recognition-odir5k\versions\2\ODIR-5K\ODIR-5K\Training Images\2078_right.jpg,1,Mild DR
2096,left,2096_left.jpg,C:\Users\sures\.cache\kagglehub\datasets\andrewmvd\ocular-disease-recognition-odir5k\versions\2\ODIR-5K\ODIR-5K\Training Images\2096_left.jpg,1,Mild DR
2097,left,2097_left.jpg,C:\Users\sures\.cache\kagglehub\datasets\andrewmvd\ocular-disease-recognition-odir5k\versions\2\ODIR-5K\ODIR-5K\Training Images\2097_left.jpg,0,No DR
2099,right,2099_right.jpg,C:\Users\sures\.cache\kagglehub\datasets\andrewmvd\ocular-disease-recognition-odir5k\versions\2\ODIR-5K\ODIR-5K\Training Images\2099_right.jpg,2,Moderate DR
2100,left,2100_left.jpg,C:\Users\sures\.cache\kagglehub\datasets\andrewmvd\ocular-disease-recognition-odir5k\versions\2\ODIR-5K\ODIR-5K\Training Images\2100_left.jpg,2,Moderate DR
2100,right,2100_right.jpg,C:\Users\sures\.cache\kagglehub\datasets\andrewmvd\ocular-disease-recognition-odir5k\versions\2\ODIR-5K\ODIR-5K\Training Images\2100_right.jpg,2,Moderate DR
2106,left,2106_left.jpg,C:\Users\sures\.cache\kagglehub\datasets\andrewmvd\ocular-disease-recognition-odir5k\versions\2\ODIR-5K\ODIR-5K\Training Images\2106_left.jpg,0,No DR
2115,left,2115_left.jpg,C:\Users\sures\.cache\kagglehub\datasets\andrewmvd\ocular-disease-recognition-odir5k\versions\2\ODIR-5K\ODIR-5K\Training Images\2115_left.jpg,2,Moderate DR
2117,right,2117_right.jpg,C:\Users\sures\.cache\kagglehub\datasets\andrewmvd\ocular-disease-recognition-odir5k\versions\2\ODIR-5K\ODIR-5K\Training Images\2117_right.jpg,1,Mild DR
2119,left,2119_left.jpg,C:\Users\sures\.cache\kagglehub\datasets\andrewmvd\ocular-disease-recognition-odir5k\versions\2\ODIR-5K\ODIR-5K\Training Images\2119_left.jpg,0,No DR
2121,right,2121_right.jpg,C:\Users\sures\.cache\kagglehub\datasets\andrewmvd\ocular-disease-recognition-odir5k\versions\2\ODIR-5K\ODIR-5K\Training Images\2121_right.jpg,0,No DR
2132,right,2132_right.jpg,C:\Users\sures\.cache\kagglehub\datasets\andrewmvd\ocular-disease-recognition-odir5k\versions\2\ODIR-5K\ODIR-5K\Training Images\2132_right.jpg,0,No DR
2136,right,2136_right.jpg,C:\Users\sures\.cache\kagglehub\datasets\andrewmvd\ocular-disease-recognition-odir5k\versions\2\ODIR-5K\ODIR-5K\Training Images\2136_right.jpg,0,No DR
2139,left,2139_left.jpg,C:\Users\sures\.cache\kagglehub\datasets\andrewmvd\ocular-disease-recognition-odir5k\versions\2\ODIR-5K\ODIR-5K\Training Images\2139_left.jpg,0,No DR
2141,left,2141_left.jpg,C:\Users\sures\.cache\kagglehub\datasets\andrewmvd\ocular-disease-recognition-odir5k\versions\2\ODIR-5K\ODIR-5K\Training Images\2141_left.jpg,1,Mild DR
2149,left,2149_left.jpg,C:\Users\sures\.cache\kagglehub\datasets\andrewmvd\ocular-disease-recognition-odir5k\versions\2\ODIR-5K\ODIR-5K\Training Images\2149_left.jpg,0,No DR
2154,right,2154_right.jpg,C:\Users\sures\.cache\kagglehub\datasets\andrewmvd\ocular-disease-recognition-odir5k\versions\2\ODIR-5K\ODIR-5K\Training Images\2154_right.jpg,0,No DR
2156,right,2156_right.jpg,C:\Users\sures\.cache\kagglehub\datasets\andrewmvd\ocular-disease-recognition-odir5k\versions\2\ODIR-5K\ODIR-5K\Training Images\2156_right.jpg,1,Mild DR
2160,left,2160_left.jpg,C:\Users\sures\.cache\kagglehub\datasets\andrewmvd\ocular-disease-recognition-odir5k\versions\2\ODIR-5K\ODIR-5K\Training Images\2160_left.jpg,0,No DR
2161,left,2161_left.jpg,C:\Users\sures\.cache\kagglehub\datasets\andrewmvd\ocular-disease-recognition-odir5k\versions\2\ODIR-5K\ODIR-5K\Training Images\2161_left.jpg,2,Moderate DR
2162,left,2162_left.jpg,C:\Users\sures\.cache\kagglehub\datasets\andrewmvd\ocular-disease-recognition-odir5k\versions\2\ODIR-5K\ODIR-5K\Training Images\2162_left.jpg,0,No DR
2164,left,2164_left.jpg,C:\Users\sures\.cache\kagglehub\datasets\andrewmvd\ocular-disease-recognition-odir5k\versions\2\ODIR-5K\ODIR-5K\Training Images\2164_left.jpg,1,Mild DR
2165,left,2165_left.jpg,C:\Users\sures\.cache\kagglehub\datasets\andrewmvd\ocular-disease-recognition-odir5k\versions\2\ODIR-5K\ODIR-5K\Training Images\2165_left.jpg,2,Moderate DR
2172,right,2172_right.jpg,C:\Users\sures\.cache\kagglehub\datasets\andrewmvd\ocular-disease-recognition-odir5k\versions\2\ODIR-5K\ODIR-5K\Training Images\2172_right.jpg,0,No DR
2174,left,2174_left.jpg,C:\Users\sures\.cache\kagglehub\datasets\andrewmvd\ocular-disease-recognition-odir5k\versions\2\ODIR-5K\ODIR-5K\Training Images\2174_left.jpg,0,No DR
2175,right,2175_right.jpg,C:\Users\sures\.cache\kagglehub\datasets\andrewmvd\ocular-disease-recognition-odir5k\versions\2\ODIR-5K\ODIR-5K\Training Images\2175_right.jpg,0,No DR
2177,left,2177_left.jpg,C:\Users\sures\.cache\kagglehub\datasets\andrewmvd\ocular-disease-recognition-odir5k\versions\2\ODIR-5K\ODIR-5K\Training Images\2177_left.jpg,0,No DR
2187,left,2187_left.jpg,C:\Users\sures\.cache\kagglehub\datasets\andrewmvd\ocular-disease-recognition-odir5k\versions\2\ODIR-5K\ODIR-5K\Training Images\2187_left.jpg,0,No DR
2190,left,2190_left.jpg,C:\Users\sures\.cache\kagglehub\datasets\andrewmvd\ocular-disease-recognition-odir5k\versions\2\ODIR-5K\ODIR-5K\Training Images\2190_left.jpg,0,No DR
2191,left,2191_left.jpg,C:\Users\sures\.cache\kagglehub\datasets\andrewmvd\ocular-disease-recognition-odir5k\versions\2\ODIR-5K\ODIR-5K\Training Images\2191_left.jpg,0,No DR
2193,left,2193_left.jpg,C:\Users\sures\.cache\kagglehub\datasets\andrewmvd\ocular-disease-recognition-odir5k\versions\2\ODIR-5K\ODIR-5K\Training Images\2193_left.jpg,0,No DR
2197,left,2197_left.jpg,C:\Users\sures\.cache\kagglehub\datasets\andrewmvd\ocular-disease-recognition-odir5k\versions\2\ODIR-5K\ODIR-5K\Training Images\2197_left.jpg,0,No DR
2200,right,2200_right.jpg,C:\Users\sures\.cache\kagglehub\datasets\andrewmvd\ocular-disease-recognition-odir5k\versions\2\ODIR-5K\ODIR-5K\Training Images\2200_right.jpg,2,Moderate DR
2201,left,2201_left.jpg,C:\Users\sures\.cache\kagglehub\datasets\andrewmvd\ocular-disease-recognition-odir5k\versions\2\ODIR-5K\ODIR-5K\Training Images\2201_left.jpg,1,Mild DR
2205,left,2205_left.jpg,C:\Users\sures\.cache\kagglehub\datasets\andrewmvd\ocular-disease-recognition-odir5k\versions\2\ODIR-5K\ODIR-5K\Training Images\2205_left.jpg,0,No DR
2208,left,2208_left.jpg,C:\Users\sures\.cache\kagglehub\datasets\andrewmvd\ocular-disease-recognition-odir5k\versions\2\ODIR-5K\ODIR-5K\Training Images\2208_left.jpg,0,No DR
2215,right,2215_right.jpg,C:\Users\sures\.cache\kagglehub\datasets\andrewmvd\ocular-disease-recognition-odir5k\versions\2\ODIR-5K\ODIR-5K\Training Images\2215_right.jpg,0,No DR
2220,left,2220_left.jpg,C:\Users\sures\.cache\kagglehub\datasets\andrewmvd\ocular-disease-recognition-odir5k\versions\2\ODIR-5K\ODIR-5K\Training Images\2220_left.jpg,4,Proliferative DR
2226,right,2226_right.jpg,C:\Users\sures\.cache\kagglehub\datasets\andrewmvd\ocular-disease-recognition-odir5k\versions\2\ODIR-5K\ODIR-5K\Training Images\2226_right.jpg,2,Moderate DR
2228,left,2228_left.jpg,C:\Users\sures\.cache\kagglehub\datasets\andrewmvd\ocular-disease-recognition-odir5k\versions\2\ODIR-5K\ODIR-5K\Training Images\2228_left.jpg,1,Mild DR
2237,left,2237_left.jpg,C:\Users\sures\.cache\kagglehub\datasets\andrewmvd\ocular-disease-recognition-odir5k\versions\2\ODIR-5K\ODIR-5K\Training Images\2237_left.jpg,0,No DR
2262,right,2262_right.jpg,C:\Users\sures\.cache\kagglehub\datasets\andrewmvd\ocular-disease-recognition-odir5k\versions\2\ODIR-5K\ODIR-5K\Training Images\2262_right.jpg,1,Mild DR
2282,left,2282_left.jpg,C:\Users\sures\.cache\kagglehub\datasets\andrewmvd\ocular-disease-recognition-odir5k\versions\2\ODIR-5K\ODIR-5K\Training Images\2282_left.jpg,4,Proliferative DR
2330,left,2330_left.jpg,C:\Users\sures\.cache\kagglehub\datasets\andrewmvd\ocular-disease-recognition-odir5k\versions\2\ODIR-5K\ODIR-5K\Training Images\2330_left.jpg,0,No DR
2330,right,2330_right.jpg,C:\Users\sures\.cache\kagglehub\datasets\andrewmvd\ocular-disease-recognition-odir5k\versions\2\ODIR-5K\ODIR-5K\Training Images\2330_right.jpg,0,No DR
2331,left,2331_left.jpg,C:\Users\sures\.cache\kagglehub\datasets\andrewmvd\ocular-disease-recognition-odir5k\versions\2\ODIR-5K\ODIR-5K\Training Images\2331_left.jpg,0,No DR
2331,right,2331_right.jpg,C:\Users\sures\.cache\kagglehub\datasets\andrewmvd\ocular-disease-recognition-odir5k\versions\2\ODIR-5K\ODIR-5K\Training Images\2331_right.jpg,0,No DR
2332,left,2332_left.jpg,C:\Users\sures\.cache\kagglehub\datasets\andrewmvd\ocular-disease-recognition-odir5k\versions\2\ODIR-5K\ODIR-5K\Training Images\2332_left.jpg,0,No DR
2332,right,2332_right.jpg,C:\Users\sures\.cache\kagglehub\datasets\andrewmvd\ocular-disease-recognition-odir5k\versions\2\ODIR-5K\ODIR-5K\Training Images\2332_right.jpg,0,No DR
2333,left,2333_left.jpg,C:\Users\sures\.cache\kagglehub\datasets\andrewmvd\ocular-disease-recognition-odir5k\versions\2\ODIR-5K\ODIR-5K\Training Images\2333_left.jpg,0,No DR
2333,right,2333_right.jpg,C:\Users\sures\.cache\kagglehub\datasets\andrewmvd\ocular-disease-recognition-odir5k\versions\2\ODIR-5K\ODIR-5K\Training Images\2333_right.jpg,0,No DR
2334,left,2334_left.jpg,C:\Users\sures\.cache\kagglehub\datasets\andrewmvd\ocular-disease-recognition-odir5k\versions\2\ODIR-5K\ODIR-5K\Training Images\2334_left.jpg,0,No DR
2334,right,2334_right.jpg,C:\Users\sures\.cache\kagglehub\datasets\andrewmvd\ocular-disease-recognition-odir5k\versions\2\ODIR-5K\ODIR-5K\Training Images\2334_right.jpg,0,No DR
2335,left,2335_left.jpg,C:\Users\sures\.cache\kagglehub\datasets\andrewmvd\ocular-disease-recognition-odir5k\versions\2\ODIR-5K\ODIR-5K\Training Images\2335_left.jpg,0,No DR
2335,right,2335_right.jpg,C:\Users\sures\.cache\kagglehub\datasets\andrewmvd\ocular-disease-recognition-odir5k\versions\2\ODIR-5K\ODIR-5K\Training Images\2335_right.jpg,0,No DR
2336,left,2336_left.jpg,C:\Users\sures\.cache\kagglehub\datasets\andrewmvd\ocular-disease-recognition-odir5k\versions\2\ODIR-5K\ODIR-5K\Training Images\2336_left.jpg,0,No DR
2336,right,2336_right.jpg,C:\Users\sures\.cache\kagglehub\datasets\andrewmvd\ocular-disease-recognition-odir5k\versions\2\ODIR-5K\ODIR-5K\Training Images\2336_right.jpg,0,No DR
2337,left,2337_left.jpg,C:\Users\sures\.cache\kagglehub\datasets\andrewmvd\ocular-disease-recognition-odir5k\versions\2\ODIR-5K\ODIR-5K\Training Images\2337_left.jpg,0,No DR
2337,right,2337_right.jpg,C:\Users\sures\.cache\kagglehub\datasets\andrewmvd\ocular-disease-recognition-odir5k\versions\2\ODIR-5K\ODIR-5K\Training Images\2337_right.jpg,0,No DR
2338,left,2338_left.jpg,C:\Users\sures\.cache\kagglehub\datasets\andrewmvd\ocular-disease-recognition-odir5k\versions\2\ODIR-5K\ODIR-5K\Training Images\2338_left.jpg,0,No DR
2338,right,2338_right.jpg,C:\Users\sures\.cache\kagglehub\datasets\andrewmvd\ocular-disease-recognition-odir5k\versions\2\ODIR-5K\ODIR-5K\Training Images\2338_right.jpg,0,No DR
2341,left,2341_left.jpg,C:\Users\sures\.cache\kagglehub\datasets\andrewmvd\ocular-disease-recognition-odir5k\versions\2\ODIR-5K\ODIR-5K\Training Images\2341_left.jpg,0,No DR
2341,right,2341_right.jpg,C:\Users\sures\.cache\kagglehub\datasets\andrewmvd\ocular-disease-recognition-odir5k\versions\2\ODIR-5K\ODIR-5K\Training Images\2341_right.jpg,0,No DR
2347,left,2347_left.jpg,C:\Users\sures\.cache\kagglehub\datasets\andrewmvd\ocular-disease-recognition-odir5k\versions\2\ODIR-5K\ODIR-5K\Training Images\2347_left.jpg,0,No DR
2347,right,2347_right.jpg,C:\Users\sures\.cache\kagglehub\datasets\andrewmvd\ocular-disease-recognition-odir5k\versions\2\ODIR-5K\ODIR-5K\Training Images\2347_right.jpg,0,No DR
2348,left,2348_left.jpg,C:\Users\sures\.cache\kagglehub\datasets\andrewmvd\ocular-disease-recognition-odir5k\versions\2\ODIR-5K\ODIR-5K\Training Images\2348_left.jpg,0,No DR
2348,right,2348_right.jpg,C:\Users\sures\.cache\kagglehub\datasets\andrewmvd\ocular-disease-recognition-odir5k\versions\2\ODIR-5K\ODIR-5K\Training Images\2348_right.jpg,0,No DR
2349,left,2349_left.jpg,C:\Users\sures\.cache\kagglehub\datasets\andrewmvd\ocular-disease-recognition-odir5k\versions\2\ODIR-5K\ODIR-5K\Training Images\2349_left.jpg,0,No DR
2349,right,2349_right.jpg,C:\Users\sures\.cache\kagglehub\datasets\andrewmvd\ocular-disease-recognition-odir5k\versions\2\ODIR-5K\ODIR-5K\Training Images\2349_right.jpg,0,No DR
2351,left,2351_left.jpg,C:\Users\sures\.cache\kagglehub\datasets\andrewmvd\ocular-disease-recognition-odir5k\versions\2\ODIR-5K\ODIR-5K\Training Images\2351_left.jpg,0,No DR
2351,right,2351_right.jpg,C:\Users\sures\.cache\kagglehub\datasets\andrewmvd\ocular-disease-recognition-odir5k\versions\2\ODIR-5K\ODIR-5K\Training Images\2351_right.jpg,0,No DR
2353,left,2353_left.jpg,C:\Users\sures\.cache\kagglehub\datasets\andrewmvd\ocular-disease-recognition-odir5k\versions\2\ODIR-5K\ODIR-5K\Training Images\2353_left.jpg,0,No DR
2353,right,2353_right.jpg,C:\Users\sures\.cache\kagglehub\datasets\andrewmvd\ocular-disease-recognition-odir5k\versions\2\ODIR-5K\ODIR-5K\Training Images\2353_right.jpg,0,No DR
2354,left,2354_left.jpg,C:\Users\sures\.cache\kagglehub\datasets\andrewmvd\ocular-disease-recognition-odir5k\versions\2\ODIR-5K\ODIR-5K\Training Images\2354_left.jpg,0,No DR
2354,right,2354_right.jpg,C:\Users\sures\.cache\kagglehub\datasets\andrewmvd\ocular-disease-recognition-odir5k\versions\2\ODIR-5K\ODIR-5K\Training Images\2354_right.jpg,0,No DR
2359,left,2359_left.jpg,C:\Users\sures\.cache\kagglehub\datasets\andrewmvd\ocular-disease-recognition-odir5k\versions\2\ODIR-5K\ODIR-5K\Training Images\2359_left.jpg,0,No DR
2359,right,2359_right.jpg,C:\Users\sures\.cache\kagglehub\datasets\andrewmvd\ocular-disease-recognition-odir5k\versions\2\ODIR-5K\ODIR-5K\Training Images\2359_right.jpg,0,No DR
2362,left,2362_left.jpg,C:\Users\sures\.cache\kagglehub\datasets\andrewmvd\ocular-disease-recognition-odir5k\versions\2\ODIR-5K\ODIR-5K\Training Images\2362_left.jpg,0,No DR
2362,right,2362_right.jpg,C:\Users\sures\.cache\kagglehub\datasets\andrewmvd\ocular-disease-recognition-odir5k\versions\2\ODIR-5K\ODIR-5K\Training Images\2362_right.jpg,0,No DR
2363,left,2363_left.jpg,C:\Users\sures\.cache\kagglehub\datasets\andrewmvd\ocular-disease-recognition-odir5k\versions\2\ODIR-5K\ODIR-5K\Training Images\2363_left.jpg,0,No DR
2363,right,2363_right.jpg,C:\Users\sures\.cache\kagglehub\datasets\andrewmvd\ocular-disease-recognition-odir5k\versions\2\ODIR-5K\ODIR-5K\Training Images\2363_right.jpg,0,No DR
2364,left,2364_left.jpg,C:\Users\sures\.cache\kagglehub\datasets\andrewmvd\ocular-disease-recognition-odir5k\versions\2\ODIR-5K\ODIR-5K\Training Images\2364_left.jpg,0,No DR
2364,right,2364_right.jpg,C:\Users\sures\.cache\kagglehub\datasets\andrewmvd\ocular-disease-recognition-odir5k\versions\2\ODIR-5K\ODIR-5K\Training Images\2364_right.jpg,0,No DR
2365,left,2365_left.jpg,C:\Users\sures\.cache\kagglehub\datasets\andrewmvd\ocular-disease-recognition-odir5k\versions\2\ODIR-5K\ODIR-5K\Training Images\2365_left.jpg,0,No DR
2365,right,2365_right.jpg,C:\Users\sures\.cache\kagglehub\datasets\andrewmvd\ocular-disease-recognition-odir5k\versions\2\ODIR-5K\ODIR-5K\Training Images\2365_right.jpg,0,No DR
2366,left,2366_left.jpg,C:\Users\sures\.cache\kagglehub\datasets\andrewmvd\ocular-disease-recognition-odir5k\versions\2\ODIR-5K\ODIR-5K\Training Images\2366_left.jpg,0,No DR
2366,right,2366_right.jpg,C:\Users\sures\.cache\kagglehub\datasets\andrewmvd\ocular-disease-recognition-odir5k\versions\2\ODIR-5K\ODIR-5K\Training Images\2366_right.jpg,0,No DR
2367,left,2367_left.jpg,C:\Users\sures\.cache\kagglehub\datasets\andrewmvd\ocular-disease-recognition-odir5k\versions\2\ODIR-5K\ODIR-5K\Training Images\2367_left.jpg,0,No DR
2367,right,2367_right.jpg,C:\Users\sures\.cache\kagglehub\datasets\andrewmvd\ocular-disease-recognition-odir5k\versions\2\ODIR-5K\ODIR-5K\Training Images\2367_right.jpg,0,No DR
2369,left,2369_left.jpg,C:\Users\sures\.cache\kagglehub\datasets\andrewmvd\ocular-disease-recognition-odir5k\versions\2\ODIR-5K\ODIR-5K\Training Images\2369_left.jpg,0,No DR
2369,right,2369_right.jpg,C:\Users\sures\.cache\kagglehub\datasets\andrewmvd\ocular-disease-recognition-odir5k\versions\2\ODIR-5K\ODIR-5K\Training Images\2369_right.jpg,0,No DR
2370,left,2370_left.jpg,C:\Users\sures\.cache\kagglehub\datasets\andrewmvd\ocular-disease-recognition-odir5k\versions\2\ODIR-5K\ODIR-5K\Training Images\2370_left.jpg,0,No DR
2370,right,2370_right.jpg,C:\Users\sures\.cache\kagglehub\datasets\andrewmvd\ocular-disease-recognition-odir5k\versions\2\ODIR-5K\ODIR-5K\Training Images\2370_right.jpg,0,No DR
2371,left,2371_left.jpg,C:\Users\sures\.cache\kagglehub\datasets\andrewmvd\ocular-disease-recognition-odir5k\versions\2\ODIR-5K\ODIR-5K\Training Images\2371_left.jpg,0,No DR
2371,right,2371_right.jpg,C:\Users\sures\.cache\kagglehub\datasets\andrewmvd\ocular-disease-recognition-odir5k\versions\2\ODIR-5K\ODIR-5K\Training Images\2371_right.jpg,0,No DR
2372,left,2372_left.jpg,C:\Users\sures\.cache\kagglehub\datasets\andrewmvd\ocular-disease-recognition-odir5k\versions\2\ODIR-5K\ODIR-5K\Training Images\2372_left.jpg,0,No DR
2372,right,2372_right.jpg,C:\Users\sures\.cache\kagglehub\datasets\andrewmvd\ocular-disease-recognition-odir5k\versions\2\ODIR-5K\ODIR-5K\Training Images\2372_right.jpg,0,No DR
2373,left,2373_left.jpg,C:\Users\sures\.cache\kagglehub\datasets\andrewmvd\ocular-disease-recognition-odir5k\versions\2\ODIR-5K\ODIR-5K\Training Images\2373_left.jpg,0,No DR
2373,right,2373_right.jpg,C:\Users\sures\.cache\kagglehub\datasets\andrewmvd\ocular-disease-recognition-odir5k\versions\2\ODIR-5K\ODIR-5K\Training Images\2373_right.jpg,0,No DR
2375,left,2375_left.jpg,C:\Users\sures\.cache\kagglehub\datasets\andrewmvd\ocular-disease-recognition-odir5k\versions\2\ODIR-5K\ODIR-5K\Training Images\2375_left.jpg,0,No DR
2375,right,2375_right.jpg,C:\Users\sures\.cache\kagglehub\datasets\andrewmvd\ocular-disease-recognition-odir5k\versions\2\ODIR-5K\ODIR-5K\Training Images\2375_right.jpg,0,No DR
2376,left,2376_left.jpg,C:\Users\sures\.cache\kagglehub\datasets\andrewmvd\ocular-disease-recognition-odir5k\versions\2\ODIR-5K\ODIR-5K\Training Images\2376_left.jpg,0,No DR
2376,right,2376_right.jpg,C:\Users\sures\.cache\kagglehub\datasets\andrewmvd\ocular-disease-recognition-odir5k\versions\2\ODIR-5K\ODIR-5K\Training Images\2376_right.jpg,0,No DR
2378,left,2378_left.jpg,C:\Users\sures\.cache\kagglehub\datasets\andrewmvd\ocular-disease-recognition-odir5k\versions\2\ODIR-5K\ODIR-5K\Training Images\2378_left.jpg,0,No DR
2378,right,2378_right.jpg,C:\Users\sures\.cache\kagglehub\datasets\andrewmvd\ocular-disease-recognition-odir5k\versions\2\ODIR-5K\ODIR-5K\Training Images\2378_right.jpg,0,No DR
2380,left,2380_left.jpg,C:\Users\sures\.cache\kagglehub\datasets\andrewmvd\ocular-disease-recognition-odir5k\versions\2\ODIR-5K\ODIR-5K\Training Images\2380_left.jpg,0,No DR
2380,right,2380_right.jpg,C:\Users\sures\.cache\kagglehub\datasets\andrewmvd\ocular-disease-recognition-odir5k\versions\2\ODIR-5K\ODIR-5K\Training Images\2380_right.jpg,0,No DR
2381,left,2381_left.jpg,C:\Users\sures\.cache\kagglehub\datasets\andrewmvd\ocular-disease-recognition-odir5k\versions\2\ODIR-5K\ODIR-5K\Training Images\2381_left.jpg,0,No DR
2381,right,2381_right.jpg,C:\Users\sures\.cache\kagglehub\datasets\andrewmvd\ocular-disease-recognition-odir5k\versions\2\ODIR-5K\ODIR-5K\Training Images\2381_right.jpg,0,No DR
2382,left,2382_left.jpg,C:\Users\sures\.cache\kagglehub\datasets\andrewmvd\ocular-disease-recognition-odir5k\versions\2\ODIR-5K\ODIR-5K\Training Images\2382_left.jpg,0,No DR
2382,right,2382_right.jpg,C:\Users\sures\.cache\kagglehub\datasets\andrewmvd\ocular-disease-recognition-odir5k\versions\2\ODIR-5K\ODIR-5K\Training Images\2382_right.jpg,0,No DR
2383,left,2383_left.jpg,C:\Users\sures\.cache\kagglehub\datasets\andrewmvd\ocular-disease-recognition-odir5k\versions\2\ODIR-5K\ODIR-5K\Training Images\2383_left.jpg,0,No DR
2383,right,2383_right.jpg,C:\Users\sures\.cache\kagglehub\datasets\andrewmvd\ocular-disease-recognition-odir5k\versions\2\ODIR-5K\ODIR-5K\Training Images\2383_right.jpg,0,No DR
2384,left,2384_left.jpg,C:\Users\sures\.cache\kagglehub\datasets\andrewmvd\ocular-disease-recognition-odir5k\versions\2\ODIR-5K\ODIR-5K\Training Images\2384_left.jpg,0,No DR
2384,right,2384_right.jpg,C:\Users\sures\.cache\kagglehub\datasets\andrewmvd\ocular-disease-recognition-odir5k\versions\2\ODIR-5K\ODIR-5K\Training Images\2384_right.jpg,0,No DR
2385,left,2385_left.jpg,C:\Users\sures\.cache\kagglehub\datasets\andrewmvd\ocular-disease-recognition-odir5k\versions\2\ODIR-5K\ODIR-5K\Training Images\2385_left.jpg,0,No DR
2385,right,2385_right.jpg,C:\Users\sures\.cache\kagglehub\datasets\andrewmvd\ocular-disease-recognition-odir5k\versions\2\ODIR-5K\ODIR-5K\Training Images\2385_right.jpg,0,No DR
2387,left,2387_left.jpg,C:\Users\sures\.cache\kagglehub\datasets\andrewmvd\ocular-disease-recognition-odir5k\versions\2\ODIR-5K\ODIR-5K\Training Images\2387_left.jpg,0,No DR
2387,right,2387_right.jpg,C:\Users\sures\.cache\kagglehub\datasets\andrewmvd\ocular-disease-recognition-odir5k\versions\2\ODIR-5K\ODIR-5K\Training Images\2387_right.jpg,0,No DR
2388,left,2388_left.jpg,C:\Users\sures\.cache\kagglehub\datasets\andrewmvd\ocular-disease-recognition-odir5k\versions\2\ODIR-5K\ODIR-5K\Training Images\2388_left.jpg,0,No DR
2388,right,2388_right.jpg,C:\Users\sures\.cache\kagglehub\datasets\andrewmvd\ocular-disease-recognition-odir5k\versions\2\ODIR-5K\ODIR-5K\Training Images\2388_right.jpg,0,No DR
2389,left,2389_left.jpg,C:\Users\sures\.cache\kagglehub\datasets\andrewmvd\ocular-disease-recognition-odir5k\versions\2\ODIR-5K\ODIR-5K\Training Images\2389_left.jpg,0,No DR
2389,right,2389_right.jpg,C:\Users\sures\.cache\kagglehub\datasets\andrewmvd\ocular-disease-recognition-odir5k\versions\2\ODIR-5K\ODIR-5K\Training Images\2389_right.jpg,0,No DR
2390,left,2390_left.jpg,C:\Users\sures\.cache\kagglehub\datasets\andrewmvd\ocular-disease-recognition-odir5k\versions\2\ODIR-5K\ODIR-5K\Training Images\2390_left.jpg,0,No DR
2390,right,2390_right.jpg,C:\Users\sures\.cache\kagglehub\datasets\andrewmvd\ocular-disease-recognition-odir5k\versions\2\ODIR-5K\ODIR-5K\Training Images\2390_right.jpg,0,No DR
2391,left,2391_left.jpg,C:\Users\sures\.cache\kagglehub\datasets\andrewmvd\ocular-disease-recognition-odir5k\versions\2\ODIR-5K\ODIR-5K\Training Images\2391_left.jpg,0,No DR
2391,right,2391_right.jpg,C:\Users\sures\.cache\kagglehub\datasets\andrewmvd\ocular-disease-recognition-odir5k\versions\2\ODIR-5K\ODIR-5K\Training Images\2391_right.jpg,0,No DR
2392,left,2392_left.jpg,C:\Users\sures\.cache\kagglehub\datasets\andrewmvd\ocular-disease-recognition-odir5k\versions\2\ODIR-5K\ODIR-5K\Training Images\2392_left.jpg,0,No DR
2392,right,2392_right.jpg,C:\Users\sures\.cache\kagglehub\datasets\andrewmvd\ocular-disease-recognition-odir5k\versions\2\ODIR-5K\ODIR-5K\Training Images\2392_right.jpg,0,No DR
2394,left,2394_left.jpg,C:\Users\sures\.cache\kagglehub\datasets\andrewmvd\ocular-disease-recognition-odir5k\versions\2\ODIR-5K\ODIR-5K\Training Images\2394_left.jpg,0,No DR
2394,right,2394_right.jpg,C:\Users\sures\.cache\kagglehub\datasets\andrewmvd\ocular-disease-recognition-odir5k\versions\2\ODIR-5K\ODIR-5K\Training Images\2394_right.jpg,0,No DR
2397,left,2397_left.jpg,C:\Users\sures\.cache\kagglehub\datasets\andrewmvd\ocular-disease-recognition-odir5k\versions\2\ODIR-5K\ODIR-5K\Training Images\2397_left.jpg,0,No DR
2397,right,2397_right.jpg,C:\Users\sures\.cache\kagglehub\datasets\andrewmvd\ocular-disease-recognition-odir5k\versions\2\ODIR-5K\ODIR-5K\Training Images\2397_right.jpg,0,No DR
2398,left,2398_left.jpg,C:\Users\sures\.cache\kagglehub\datasets\andrewmvd\ocular-disease-recognition-odir5k\versions\2\ODIR-5K\ODIR-5K\Training Images\2398_left.jpg,0,No DR
2398,right,2398_right.jpg,C:\Users\sures\.cache\kagglehub\datasets\andrewmvd\ocular-disease-recognition-odir5k\versions\2\ODIR-5K\ODIR-5K\Training Images\2398_right.jpg,0,No DR
2399,left,2399_left.jpg,C:\Users\sures\.cache\kagglehub\datasets\andrewmvd\ocular-disease-recognition-odir5k\versions\2\ODIR-5K\ODIR-5K\Training Images\2399_left.jpg,0,No DR
2399,right,2399_right.jpg,C:\Users\sures\.cache\kagglehub\datasets\andrewmvd\ocular-disease-recognition-odir5k\versions\2\ODIR-5K\ODIR-5K\Training Images\2399_right.jpg,0,No DR
2400,left,2400_left.jpg,C:\Users\sures\.cache\kagglehub\datasets\andrewmvd\ocular-disease-recognition-odir5k\versions\2\ODIR-5K\ODIR-5K\Training Images\2400_left.jpg,0,No DR
2400,right,2400_right.jpg,C:\Users\sures\.cache\kagglehub\datasets\andrewmvd\ocular-disease-recognition-odir5k\versions\2\ODIR-5K\ODIR-5K\Training Images\2400_right.jpg,0,No DR
2401,left,2401_left.jpg,C:\Users\sures\.cache\kagglehub\datasets\andrewmvd\ocular-disease-recognition-odir5k\versions\2\ODIR-5K\ODIR-5K\Training Images\2401_left.jpg,0,No DR
2401,right,2401_right.jpg,C:\Users\sures\.cache\kagglehub\datasets\andrewmvd\ocular-disease-recognition-odir5k\versions\2\ODIR-5K\ODIR-5K\Training Images\2401_right.jpg,0,No DR
2402,left,2402_left.jpg,C:\Users\sures\.cache\kagglehub\datasets\andrewmvd\ocular-disease-recognition-odir5k\versions\2\ODIR-5K\ODIR-5K\Training Images\2402_left.jpg,0,No DR
2402,right,2402_right.jpg,C:\Users\sures\.cache\kagglehub\datasets\andrewmvd\ocular-disease-recognition-odir5k\versions\2\ODIR-5K\ODIR-5K\Training Images\2402_right.jpg,0,No DR
2404,left,2404_left.jpg,C:\Users\sures\.cache\kagglehub\datasets\andrewmvd\ocular-disease-recognition-odir5k\versions\2\ODIR-5K\ODIR-5K\Training Images\2404_left.jpg,0,No DR
2404,right,2404_right.jpg,C:\Users\sures\.cache\kagglehub\datasets\andrewmvd\ocular-disease-recognition-odir5k\versions\2\ODIR-5K\ODIR-5K\Training Images\2404_right.jpg,0,No DR
2405,left,2405_left.jpg,C:\Users\sures\.cache\kagglehub\datasets\andrewmvd\ocular-disease-recognition-odir5k\versions\2\ODIR-5K\ODIR-5K\Training Images\2405_left.jpg,0,No DR
2405,right,2405_right.jpg,C:\Users\sures\.cache\kagglehub\datasets\andrewmvd\ocular-disease-recognition-odir5k\versions\2\ODIR-5K\ODIR-5K\Training Images\2405_right.jpg,0,No DR
2406,left,2406_left.jpg,C:\Users\sures\.cache\kagglehub\datasets\andrewmvd\ocular-disease-recognition-odir5k\versions\2\ODIR-5K\ODIR-5K\Training Images\2406_left.jpg,0,No DR
2406,right,2406_right.jpg,C:\Users\sures\.cache\kagglehub\datasets\andrewmvd\ocular-disease-recognition-odir5k\versions\2\ODIR-5K\ODIR-5K\Training Images\2406_right.jpg,0,No DR
2407,left,2407_left.jpg,C:\Users\sures\.cache\kagglehub\datasets\andrewmvd\ocular-disease-recognition-odir5k\versions\2\ODIR-5K\ODIR-5K\Training Images\2407_left.jpg,0,No DR
2407,right,2407_right.jpg,C:\Users\sures\.cache\kagglehub\datasets\andrewmvd\ocular-disease-recognition-odir5k\versions\2\ODIR-5K\ODIR-5K\Training Images\2407_right.jpg,0,No DR
2408,left,2408_left.jpg,C:\Users\sures\.cache\kagglehub\datasets\andrewmvd\ocular-disease-recognition-odir5k\versions\2\ODIR-5K\ODIR-5K\Training Images\2408_left.jpg,0,No DR
2408,right,2408_right.jpg,C:\Users\sures\.cache\kagglehub\datasets\andrewmvd\ocular-disease-recognition-odir5k\versions\2\ODIR-5K\ODIR-5K\Training Images\2408_right.jpg,0,No DR
2409,left,2409_left.jpg,C:\Users\sures\.cache\kagglehub\datasets\andrewmvd\ocular-disease-recognition-odir5k\versions\2\ODIR-5K\ODIR-5K\Training Images\2409_left.jpg,0,No DR
2409,right,2409_right.jpg,C:\Users\sures\.cache\kagglehub\datasets\andrewmvd\ocular-disease-recognition-odir5k\versions\2\ODIR-5K\ODIR-5K\Training Images\2409_right.jpg,0,No DR
2410,left,2410_left.jpg,C:\Users\sures\.cache\kagglehub\datasets\andrewmvd\ocular-disease-recognition-odir5k\versions\2\ODIR-5K\ODIR-5K\Training Images\2410_left.jpg,0,No DR
2410,right,2410_right.jpg,C:\Users\sures\.cache\kagglehub\datasets\andrewmvd\ocular-disease-recognition-odir5k\versions\2\ODIR-5K\ODIR-5K\Training Images\2410_right.jpg,0,No DR
2411,left,2411_left.jpg,C:\Users\sures\.cache\kagglehub\datasets\andrewmvd\ocular-disease-recognition-odir5k\versions\2\ODIR-5K\ODIR-5K\Training Images\2411_left.jpg,0,No DR
2411,right,2411_right.jpg,C:\Users\sures\.cache\kagglehub\datasets\andrewmvd\ocular-disease-recognition-odir5k\versions\2\ODIR-5K\ODIR-5K\Training Images\2411_right.jpg,0,No DR
2412,left,2412_left.jpg,C:\Users\sures\.cache\kagglehub\datasets\andrewmvd\ocular-disease-recognition-odir5k\versions\2\ODIR-5K\ODIR-5K\Training Images\2412_left.jpg,0,No DR
2412,right,2412_right.jpg,C:\Users\sures\.cache\kagglehub\datasets\andrewmvd\ocular-disease-recognition-odir5k\versions\2\ODIR-5K\ODIR-5K\Training Images\2412_right.jpg,0,No DR
2413,left,2413_left.jpg,C:\Users\sures\.cache\kagglehub\datasets\andrewmvd\ocular-disease-recognition-odir5k\versions\2\ODIR-5K\ODIR-5K\Training Images\2413_left.jpg,0,No DR
2413,right,2413_right.jpg,C:\Users\sures\.cache\kagglehub\datasets\andrewmvd\ocular-disease-recognition-odir5k\versions\2\ODIR-5K\ODIR-5K\Training Images\2413_right.jpg,0,No DR
2414,left,2414_left.jpg,C:\Users\sures\.cache\kagglehub\datasets\andrewmvd\ocular-disease-recognition-odir5k\versions\2\ODIR-5K\ODIR-5K\Training Images\2414_left.jpg,0,No DR
2414,right,2414_right.jpg,C:\Users\sures\.cache\kagglehub\datasets\andrewmvd\ocular-disease-recognition-odir5k\versions\2\ODIR-5K\ODIR-5K\Training Images\2414_right.jpg,0,No DR
2415,left,2415_left.jpg,C:\Users\sures\.cache\kagglehub\datasets\andrewmvd\ocular-disease-recognition-odir5k\versions\2\ODIR-5K\ODIR-5K\Training Images\2415_left.jpg,0,No DR
2415,right,2415_right.jpg,C:\Users\sures\.cache\kagglehub\datasets\andrewmvd\ocular-disease-recognition-odir5k\versions\2\ODIR-5K\ODIR-5K\Training Images\2415_right.jpg,0,No DR
2419,left,2419_left.jpg,C:\Users\sures\.cache\kagglehub\datasets\andrewmvd\ocular-disease-recognition-odir5k\versions\2\ODIR-5K\ODIR-5K\Training Images\2419_left.jpg,0,No DR
2419,right,2419_right.jpg,C:\Users\sures\.cache\kagglehub\datasets\andrewmvd\ocular-disease-recognition-odir5k\versions\2\ODIR-5K\ODIR-5K\Training Images\2419_right.jpg,0,No DR
2420,left,2420_left.jpg,C:\Users\sures\.cache\kagglehub\datasets\andrewmvd\ocular-disease-recognition-odir5k\versions\2\ODIR-5K\ODIR-5K\Training Images\2420_left.jpg,0,No DR
2420,right,2420_right.jpg,C:\Users\sures\.cache\kagglehub\datasets\andrewmvd\ocular-disease-recognition-odir5k\versions\2\ODIR-5K\ODIR-5K\Training Images\2420_right.jpg,0,No DR
2423,left,2423_left.jpg,C:\Users\sures\.cache\kagglehub\datasets\andrewmvd\ocular-disease-recognition-odir5k\versions\2\ODIR-5K\ODIR-5K\Training Images\2423_left.jpg,0,No DR
2423,right,2423_right.jpg,C:\Users\sures\.cache\kagglehub\datasets\andrewmvd\ocular-disease-recognition-odir5k\versions\2\ODIR-5K\ODIR-5K\Training Images\2423_right.jpg,0,No DR
2424,left,2424_left.jpg,C:\Users\sures\.cache\kagglehub\datasets\andrewmvd\ocular-disease-recognition-odir5k\versions\2\ODIR-5K\ODIR-5K\Training Images\2424_left.jpg,0,No DR
2424,right,2424_right.jpg,C:\Users\sures\.cache\kagglehub\datasets\andrewmvd\ocular-disease-recognition-odir5k\versions\2\ODIR-5K\ODIR-5K\Training Images\2424_right.jpg,0,No DR
2425,left,2425_left.jpg,C:\Users\sures\.cache\kagglehub\datasets\andrewmvd\ocular-disease-recognition-odir5k\versions\2\ODIR-5K\ODIR-5K\Training Images\2425_left.jpg,0,No DR
2425,right,2425_right.jpg,C:\Users\sures\.cache\kagglehub\datasets\andrewmvd\ocular-disease-recognition-odir5k\versions\2\ODIR-5K\ODIR-5K\Training Images\2425_right.jpg,0,No DR
2426,left,2426_left.jpg,C:\Users\sures\.cache\kagglehub\datasets\andrewmvd\ocular-disease-recognition-odir5k\versions\2\ODIR-5K\ODIR-5K\Training Images\2426_left.jpg,0,No DR
2426,right,2426_right.jpg,C:\Users\sures\.cache\kagglehub\datasets\andrewmvd\ocular-disease-recognition-odir5k\versions\2\ODIR-5K\ODIR-5K\Training Images\2426_right.jpg,0,No DR
2429,left,2429_left.jpg,C:\Users\sures\.cache\kagglehub\datasets\andrewmvd\ocular-disease-recognition-odir5k\versions\2\ODIR-5K\ODIR-5K\Training Images\2429_left.jpg,0,No DR
2429,right,2429_right.jpg,C:\Users\sures\.cache\kagglehub\datasets\andrewmvd\ocular-disease-recognition-odir5k\versions\2\ODIR-5K\ODIR-5K\Training Images\2429_right.jpg,0,No DR
2430,left,2430_left.jpg,C:\Users\sures\.cache\kagglehub\datasets\andrewmvd\ocular-disease-recognition-odir5k\versions\2\ODIR-5K\ODIR-5K\Training Images\2430_left.jpg,0,No DR
2430,right,2430_right.jpg,C:\Users\sures\.cache\kagglehub\datasets\andrewmvd\ocular-disease-recognition-odir5k\versions\2\ODIR-5K\ODIR-5K\Training Images\2430_right.jpg,0,No DR
2431,left,2431_left.jpg,C:\Users\sures\.cache\kagglehub\datasets\andrewmvd\ocular-disease-recognition-odir5k\versions\2\ODIR-5K\ODIR-5K\Training Images\2431_left.jpg,0,No DR
2431,right,2431_right.jpg,C:\Users\sures\.cache\kagglehub\datasets\andrewmvd\ocular-disease-recognition-odir5k\versions\2\ODIR-5K\ODIR-5K\Training Images\2431_right.jpg,0,No DR
2433,left,2433_left.jpg,C:\Users\sures\.cache\kagglehub\datasets\andrewmvd\ocular-disease-recognition-odir5k\versions\2\ODIR-5K\ODIR-5K\Training Images\2433_left.jpg,0,No DR
2433,right,2433_right.jpg,C:\Users\sures\.cache\kagglehub\datasets\andrewmvd\ocular-disease-recognition-odir5k\versions\2\ODIR-5K\ODIR-5K\Training Images\2433_right.jpg,0,No DR
2434,left,2434_left.jpg,C:\Users\sures\.cache\kagglehub\datasets\andrewmvd\ocular-disease-recognition-odir5k\versions\2\ODIR-5K\ODIR-5K\Training Images\2434_left.jpg,0,No DR
2434,right,2434_right.jpg,C:\Users\sures\.cache\kagglehub\datasets\andrewmvd\ocular-disease-recognition-odir5k\versions\2\ODIR-5K\ODIR-5K\Training Images\2434_right.jpg,0,No DR
2435,left,2435_left.jpg,C:\Users\sures\.cache\kagglehub\datasets\andrewmvd\ocular-disease-recognition-odir5k\versions\2\ODIR-5K\ODIR-5K\Training Images\2435_left.jpg,0,No DR
2435,right,2435_right.jpg,C:\Users\sures\.cache\kagglehub\datasets\andrewmvd\ocular-disease-recognition-odir5k\versions\2\ODIR-5K\ODIR-5K\Training Images\2435_right.jpg,0,No DR
2436,left,2436_left.jpg,C:\Users\sures\.cache\kagglehub\datasets\andrewmvd\ocular-disease-recognition-odir5k\versions\2\ODIR-5K\ODIR-5K\Training Images\2436_left.jpg,0,No DR
2436,right,2436_right.jpg,C:\Users\sures\.cache\kagglehub\datasets\andrewmvd\ocular-disease-recognition-odir5k\versions\2\ODIR-5K\ODIR-5K\Training Images\2436_right.jpg,0,No DR
2437,left,2437_left.jpg,C:\Users\sures\.cache\kagglehub\datasets\andrewmvd\ocular-disease-recognition-odir5k\versions\2\ODIR-5K\ODIR-5K\Training Images\2437_left.jpg,0,No DR
2437,right,2437_right.jpg,C:\Users\sures\.cache\kagglehub\datasets\andrewmvd\ocular-disease-recognition-odir5k\versions\2\ODIR-5K\ODIR-5K\Training Images\2437_right.jpg,0,No DR
2438,left,2438_left.jpg,C:\Users\sures\.cache\kagglehub\datasets\andrewmvd\ocular-disease-recognition-odir5k\versions\2\ODIR-5K\ODIR-5K\Training Images\2438_left.jpg,0,No DR
2438,right,2438_right.jpg,C:\Users\sures\.cache\kagglehub\datasets\andrewmvd\ocular-disease-recognition-odir5k\versions\2\ODIR-5K\ODIR-5K\Training Images\2438_right.jpg,0,No DR
2439,left,2439_left.jpg,C:\Users\sures\.cache\kagglehub\datasets\andrewmvd\ocular-disease-recognition-odir5k\versions\2\ODIR-5K\ODIR-5K\Training Images\2439_left.jpg,0,No DR
2439,right,2439_right.jpg,C:\Users\sures\.cache\kagglehub\datasets\andrewmvd\ocular-disease-recognition-odir5k\versions\2\ODIR-5K\ODIR-5K\Training Images\2439_right.jpg,0,No DR
2440,left,2440_left.jpg,C:\Users\sures\.cache\kagglehub\datasets\andrewmvd\ocular-disease-recognition-odir5k\versions\2\ODIR-5K\ODIR-5K\Training Images\2440_left.jpg,0,No DR
2440,right,2440_right.jpg,C:\Users\sures\.cache\kagglehub\datasets\andrewmvd\ocular-disease-recognition-odir5k\versions\2\ODIR-5K\ODIR-5K\Training Images\2440_right.jpg,0,No DR
2442,left,2442_left.jpg,C:\Users\sures\.cache\kagglehub\datasets\andrewmvd\ocular-disease-recognition-odir5k\versions\2\ODIR-5K\ODIR-5K\Training Images\2442_left.jpg,0,No DR
2442,right,2442_right.jpg,C:\Users\sures\.cache\kagglehub\datasets\andrewmvd\ocular-disease-recognition-odir5k\versions\2\ODIR-5K\ODIR-5K\Training Images\2442_right.jpg,0,No DR
2443,left,2443_left.jpg,C:\Users\sures\.cache\kagglehub\datasets\andrewmvd\ocular-disease-recognition-odir5k\versions\2\ODIR-5K\ODIR-5K\Training Images\2443_left.jpg,0,No DR
2443,right,2443_right.jpg,C:\Users\sures\.cache\kagglehub\datasets\andrewmvd\ocular-disease-recognition-odir5k\versions\2\ODIR-5K\ODIR-5K\Training Images\2443_right.jpg,0,No DR
2444,left,2444_left.jpg,C:\Users\sures\.cache\kagglehub\datasets\andrewmvd\ocular-disease-recognition-odir5k\versions\2\ODIR-5K\ODIR-5K\Training Images\2444_left.jpg,0,No DR
2444,right,2444_right.jpg,C:\Users\sures\.cache\kagglehub\datasets\andrewmvd\ocular-disease-recognition-odir5k\versions\2\ODIR-5K\ODIR-5K\Training Images\2444_right.jpg,0,No DR
2445,left,2445_left.jpg,C:\Users\sures\.cache\kagglehub\datasets\andrewmvd\ocular-disease-recognition-odir5k\versions\2\ODIR-5K\ODIR-5K\Training Images\2445_left.jpg,0,No DR
2445,right,2445_right.jpg,C:\Users\sures\.cache\kagglehub\datasets\andrewmvd\ocular-disease-recognition-odir5k\versions\2\ODIR-5K\ODIR-5K\Training Images\2445_right.jpg,0,No DR
2446,left,2446_left.jpg,C:\Users\sures\.cache\kagglehub\datasets\andrewmvd\ocular-disease-recognition-odir5k\versions\2\ODIR-5K\ODIR-5K\Training Images\2446_left.jpg,0,No DR
2446,right,2446_right.jpg,C:\Users\sures\.cache\kagglehub\datasets\andrewmvd\ocular-disease-recognition-odir5k\versions\2\ODIR-5K\ODIR-5K\Training Images\2446_right.jpg,0,No DR
2449,left,2449_left.jpg,C:\Users\sures\.cache\kagglehub\datasets\andrewmvd\ocular-disease-recognition-odir5k\versions\2\ODIR-5K\ODIR-5K\Training Images\2449_left.jpg,0,No DR
2449,right,2449_right.jpg,C:\Users\sures\.cache\kagglehub\datasets\andrewmvd\ocular-disease-recognition-odir5k\versions\2\ODIR-5K\ODIR-5K\Training Images\2449_right.jpg,0,No DR
2451,left,2451_left.jpg,C:\Users\sures\.cache\kagglehub\datasets\andrewmvd\ocular-disease-recognition-odir5k\versions\2\ODIR-5K\ODIR-5K\Training Images\2451_left.jpg,0,No DR
2451,right,2451_right.jpg,C:\Users\sures\.cache\kagglehub\datasets\andrewmvd\ocular-disease-recognition-odir5k\versions\2\ODIR-5K\ODIR-5K\Training Images\2451_right.jpg,0,No DR
2457,left,2457_left.jpg,C:\Users\sures\.cache\kagglehub\datasets\andrewmvd\ocular-disease-recognition-odir5k\versions\2\ODIR-5K\ODIR-5K\Training Images\2457_left.jpg,0,No DR
2457,right,2457_right.jpg,C:\Users\sures\.cache\kagglehub\datasets\andrewmvd\ocular-disease-recognition-odir5k\versions\2\ODIR-5K\ODIR-5K\Training Images\2457_right.jpg,0,No DR
2458,left,2458_left.jpg,C:\Users\sures\.cache\kagglehub\datasets\andrewmvd\ocular-disease-recognition-odir5k\versions\2\ODIR-5K\ODIR-5K\Training Images\2458_left.jpg,0,No DR
2458,right,2458_right.jpg,C:\Users\sures\.cache\kagglehub\datasets\andrewmvd\ocular-disease-recognition-odir5k\versions\2\ODIR-5K\ODIR-5K\Training Images\2458_right.jpg,0,No DR
2460,left,2460_left.jpg,C:\Users\sures\.cache\kagglehub\datasets\andrewmvd\ocular-disease-recognition-odir5k\versions\2\ODIR-5K\ODIR-5K\Training Images\2460_left.jpg,0,No DR
2460,right,2460_right.jpg,C:\Users\sures\.cache\kagglehub\datasets\andrewmvd\ocular-disease-recognition-odir5k\versions\2\ODIR-5K\ODIR-5K\Training Images\2460_right.jpg,0,No DR
2461,left,2461_left.jpg,C:\Users\sures\.cache\kagglehub\datasets\andrewmvd\ocular-disease-recognition-odir5k\versions\2\ODIR-5K\ODIR-5K\Training Images\2461_left.jpg,0,No DR
2461,right,2461_right.jpg,C:\Users\sures\.cache\kagglehub\datasets\andrewmvd\ocular-disease-recognition-odir5k\versions\2\ODIR-5K\ODIR-5K\Training Images\2461_right.jpg,0,No DR
2462,left,2462_left.jpg,C:\Users\sures\.cache\kagglehub\datasets\andrewmvd\ocular-disease-recognition-odir5k\versions\2\ODIR-5K\ODIR-5K\Training Images\2462_left.jpg,0,No DR
2462,right,2462_right.jpg,C:\Users\sures\.cache\kagglehub\datasets\andrewmvd\ocular-disease-recognition-odir5k\versions\2\ODIR-5K\ODIR-5K\Training Images\2462_right.jpg,0,No DR
2465,left,2465_left.jpg,C:\Users\sures\.cache\kagglehub\datasets\andrewmvd\ocular-disease-recognition-odir5k\versions\2\ODIR-5K\ODIR-5K\Training Images\2465_left.jpg,0,No DR
2465,right,2465_right.jpg,C:\Users\sures\.cache\kagglehub\datasets\andrewmvd\ocular-disease-recognition-odir5k\versions\2\ODIR-5K\ODIR-5K\Training Images\2465_right.jpg,0,No DR
2466,left,2466_left.jpg,C:\Users\sures\.cache\kagglehub\datasets\andrewmvd\ocular-disease-recognition-odir5k\versions\2\ODIR-5K\ODIR-5K\Training Images\2466_left.jpg,0,No DR
2466,right,2466_right.jpg,C:\Users\sures\.cache\kagglehub\datasets\andrewmvd\ocular-disease-recognition-odir5k\versions\2\ODIR-5K\ODIR-5K\Training Images\2466_right.jpg,0,No DR
2469,left,2469_left.jpg,C:\Users\sures\.cache\kagglehub\datasets\andrewmvd\ocular-disease-recognition-odir5k\versions\2\ODIR-5K\ODIR-5K\Training Images\2469_left.jpg,0,No DR
2469,right,2469_right.jpg,C:\Users\sures\.cache\kagglehub\datasets\andrewmvd\ocular-disease-recognition-odir5k\versions\2\ODIR-5K\ODIR-5K\Training Images\2469_right.jpg,0,No DR
2470,left,2470_left.jpg,C:\Users\sures\.cache\kagglehub\datasets\andrewmvd\ocular-disease-recognition-odir5k\versions\2\ODIR-5K\ODIR-5K\Training Images\2470_left.jpg,0,No DR
2470,right,2470_right.jpg,C:\Users\sures\.cache\kagglehub\datasets\andrewmvd\ocular-disease-recognition-odir5k\versions\2\ODIR-5K\ODIR-5K\Training Images\2470_right.jpg,0,No DR
2472,left,2472_left.jpg,C:\Users\sures\.cache\kagglehub\datasets\andrewmvd\ocular-disease-recognition-odir5k\versions\2\ODIR-5K\ODIR-5K\Training Images\2472_left.jpg,0,No DR
2472,right,2472_right.jpg,C:\Users\sures\.cache\kagglehub\datasets\andrewmvd\ocular-disease-recognition-odir5k\versions\2\ODIR-5K\ODIR-5K\Training Images\2472_right.jpg,0,No DR
2473,left,2473_left.jpg,C:\Users\sures\.cache\kagglehub\datasets\andrewmvd\ocular-disease-recognition-odir5k\versions\2\ODIR-5K\ODIR-5K\Training Images\2473_left.jpg,0,No DR
2473,right,2473_right.jpg,C:\Users\sures\.cache\kagglehub\datasets\andrewmvd\ocular-disease-recognition-odir5k\versions\2\ODIR-5K\ODIR-5K\Training Images\2473_right.jpg,0,No DR
2474,left,2474_left.jpg,C:\Users\sures\.cache\kagglehub\datasets\andrewmvd\ocular-disease-recognition-odir5k\versions\2\ODIR-5K\ODIR-5K\Training Images\2474_left.jpg,0,No DR
2474,right,2474_right.jpg,C:\Users\sures\.cache\kagglehub\datasets\andrewmvd\ocular-disease-recognition-odir5k\versions\2\ODIR-5K\ODIR-5K\Training Images\2474_right.jpg,0,No DR
2475,left,2475_left.jpg,C:\Users\sures\.cache\kagglehub\datasets\andrewmvd\ocular-disease-recognition-odir5k\versions\2\ODIR-5K\ODIR-5K\Training Images\2475_left.jpg,0,No DR
2475,right,2475_right.jpg,C:\Users\sures\.cache\kagglehub\datasets\andrewmvd\ocular-disease-recognition-odir5k\versions\2\ODIR-5K\ODIR-5K\Training Images\2475_right.jpg,0,No DR
2476,left,2476_left.jpg,C:\Users\sures\.cache\kagglehub\datasets\andrewmvd\ocular-disease-recognition-odir5k\versions\2\ODIR-5K\ODIR-5K\Training Images\2476_left.jpg,0,No DR
2476,right,2476_right.jpg,C:\Users\sures\.cache\kagglehub\datasets\andrewmvd\ocular-disease-recognition-odir5k\versions\2\ODIR-5K\ODIR-5K\Training Images\2476_right.jpg,0,No DR
2480,left,2480_left.jpg,C:\Users\sures\.cache\kagglehub\datasets\andrewmvd\ocular-disease-recognition-odir5k\versions\2\ODIR-5K\ODIR-5K\Training Images\2480_left.jpg,0,No DR
2480,right,2480_right.jpg,C:\Users\sures\.cache\kagglehub\datasets\andrewmvd\ocular-disease-recognition-odir5k\versions\2\ODIR-5K\ODIR-5K\Training Images\2480_right.jpg,0,No DR
2482,left,2482_left.jpg,C:\Users\sures\.cache\kagglehub\datasets\andrewmvd\ocular-disease-recognition-odir5k\versions\2\ODIR-5K\ODIR-5K\Training Images\2482_left.jpg,0,No DR
2482,right,2482_right.jpg,C:\Users\sures\.cache\kagglehub\datasets\andrewmvd\ocular-disease-recognition-odir5k\versions\2\ODIR-5K\ODIR-5K\Training Images\2482_right.jpg,0,No DR
2484,left,2484_left.jpg,C:\Users\sures\.cache\kagglehub\datasets\andrewmvd\ocular-disease-recognition-odir5k\versions\2\ODIR-5K\ODIR-5K\Training Images\2484_left.jpg,0,No DR
2484,right,2484_right.jpg,C:\Users\sures\.cache\kagglehub\datasets\andrewmvd\ocular-disease-recognition-odir5k\versions\2\ODIR-5K\ODIR-5K\Training Images\2484_right.jpg,0,No DR
2485,left,2485_left.jpg,C:\Users\sures\.cache\kagglehub\datasets\andrewmvd\ocular-disease-recognition-odir5k\versions\2\ODIR-5K\ODIR-5K\Training Images\2485_left.jpg,0,No DR
2485,right,2485_right.jpg,C:\Users\sures\.cache\kagglehub\datasets\andrewmvd\ocular-disease-recognition-odir5k\versions\2\ODIR-5K\ODIR-5K\Training Images\2485_right.jpg,0,No DR
2486,left,2486_left.jpg,C:\Users\sures\.cache\kagglehub\datasets\andrewmvd\ocular-disease-recognition-odir5k\versions\2\ODIR-5K\ODIR-5K\Training Images\2486_left.jpg,0,No DR
2486,right,2486_right.jpg,C:\Users\sures\.cache\kagglehub\datasets\andrewmvd\ocular-disease-recognition-odir5k\versions\2\ODIR-5K\ODIR-5K\Training Images\2486_right.jpg,0,No DR
2488,left,2488_left.jpg,C:\Users\sures\.cache\kagglehub\datasets\andrewmvd\ocular-disease-recognition-odir5k\versions\2\ODIR-5K\ODIR-5K\Training Images\2488_left.jpg,0,No DR
2488,right,2488_right.jpg,C:\Users\sures\.cache\kagglehub\datasets\andrewmvd\ocular-disease-recognition-odir5k\versions\2\ODIR-5K\ODIR-5K\Training Images\2488_right.jpg,0,No DR
2489,left,2489_left.jpg,C:\Users\sures\.cache\kagglehub\datasets\andrewmvd\ocular-disease-recognition-odir5k\versions\2\ODIR-5K\ODIR-5K\Training Images\2489_left.jpg,0,No DR
2489,right,2489_right.jpg,C:\Users\sures\.cache\kagglehub\datasets\andrewmvd\ocular-disease-recognition-odir5k\versions\2\ODIR-5K\ODIR-5K\Training Images\2489_right.jpg,0,No DR
2492,left,2492_left.jpg,C:\Users\sures\.cache\kagglehub\datasets\andrewmvd\ocular-disease-recognition-odir5k\versions\2\ODIR-5K\ODIR-5K\Training Images\2492_left.jpg,0,No DR
2492,right,2492_right.jpg,C:\Users\sures\.cache\kagglehub\datasets\andrewmvd\ocular-disease-recognition-odir5k\versions\2\ODIR-5K\ODIR-5K\Training Images\2492_right.jpg,0,No DR
2493,left,2493_left.jpg,C:\Users\sures\.cache\kagglehub\datasets\andrewmvd\ocular-disease-recognition-odir5k\versions\2\ODIR-5K\ODIR-5K\Training Images\2493_left.jpg,0,No DR
2493,right,2493_right.jpg,C:\Users\sures\.cache\kagglehub\datasets\andrewmvd\ocular-disease-recognition-odir5k\versions\2\ODIR-5K\ODIR-5K\Training Images\2493_right.jpg,0,No DR
2495,left,2495_left.jpg,C:\Users\sures\.cache\kagglehub\datasets\andrewmvd\ocular-disease-recognition-odir5k\versions\2\ODIR-5K\ODIR-5K\Training Images\2495_left.jpg,0,No DR
2495,right,2495_right.jpg,C:\Users\sures\.cache\kagglehub\datasets\andrewmvd\ocular-disease-recognition-odir5k\versions\2\ODIR-5K\ODIR-5K\Training Images\2495_right.jpg,0,No DR
2497,left,2497_left.jpg,C:\Users\sures\.cache\kagglehub\datasets\andrewmvd\ocular-disease-recognition-odir5k\versions\2\ODIR-5K\ODIR-5K\Training Images\2497_left.jpg,0,No DR
2497,right,2497_right.jpg,C:\Users\sures\.cache\kagglehub\datasets\andrewmvd\ocular-disease-recognition-odir5k\versions\2\ODIR-5K\ODIR-5K\Training Images\2497_right.jpg,0,No DR
2498,left,2498_left.jpg,C:\Users\sures\.cache\kagglehub\datasets\andrewmvd\ocular-disease-recognition-odir5k\versions\2\ODIR-5K\ODIR-5K\Training Images\2498_left.jpg,0,No DR
2498,right,2498_right.jpg,C:\Users\sures\.cache\kagglehub\datasets\andrewmvd\ocular-disease-recognition-odir5k\versions\2\ODIR-5K\ODIR-5K\Training Images\2498_right.jpg,0,No DR
2500,left,2500_left.jpg,C:\Users\sures\.cache\kagglehub\datasets\andrewmvd\ocular-disease-recognition-odir5k\versions\2\ODIR-5K\ODIR-5K\Training Images\2500_left.jpg,0,No DR
2500,right,2500_right.jpg,C:\Users\sures\.cache\kagglehub\datasets\andrewmvd\ocular-disease-recognition-odir5k\versions\2\ODIR-5K\ODIR-5K\Training Images\2500_right.jpg,0,No DR
2502,left,2502_left.jpg,C:\Users\sures\.cache\kagglehub\datasets\andrewmvd\ocular-disease-recognition-odir5k\versions\2\ODIR-5K\ODIR-5K\Training Images\2502_left.jpg,0,No DR
2502,right,2502_right.jpg,C:\Users\sures\.cache\kagglehub\datasets\andrewmvd\ocular-disease-recognition-odir5k\versions\2\ODIR-5K\ODIR-5K\Training Images\2502_right.jpg,0,No DR
2504,left,2504_left.jpg,C:\Users\sures\.cache\kagglehub\datasets\andrewmvd\ocular-disease-recognition-odir5k\versions\2\ODIR-5K\ODIR-5K\Training Images\2504_left.jpg,0,No DR
2504,right,2504_right.jpg,C:\Users\sures\.cache\kagglehub\datasets\andrewmvd\ocular-disease-recognition-odir5k\versions\2\ODIR-5K\ODIR-5K\Training Images\2504_right.jpg,0,No DR
2505,left,2505_left.jpg,C:\Users\sures\.cache\kagglehub\datasets\andrewmvd\ocular-disease-recognition-odir5k\versions\2\ODIR-5K\ODIR-5K\Training Images\2505_left.jpg,0,No DR
2505,right,2505_right.jpg,C:\Users\sures\.cache\kagglehub\datasets\andrewmvd\ocular-disease-recognition-odir5k\versions\2\ODIR-5K\ODIR-5K\Training Images\2505_right.jpg,0,No DR
2506,left,2506_left.jpg,C:\Users\sures\.cache\kagglehub\datasets\andrewmvd\ocular-disease-recognition-odir5k\versions\2\ODIR-5K\ODIR-5K\Training Images\2506_left.jpg,0,No DR
2506,right,2506_right.jpg,C:\Users\sures\.cache\kagglehub\datasets\andrewmvd\ocular-disease-recognition-odir5k\versions\2\ODIR-5K\ODIR-5K\Training Images\2506_right.jpg,0,No DR
2507,left,2507_left.jpg,C:\Users\sures\.cache\kagglehub\datasets\andrewmvd\ocular-disease-recognition-odir5k\versions\2\ODIR-5K\ODIR-5K\Training Images\2507_left.jpg,0,No DR
2507,right,2507_right.jpg,C:\Users\sures\.cache\kagglehub\datasets\andrewmvd\ocular-disease-recognition-odir5k\versions\2\ODIR-5K\ODIR-5K\Training Images\2507_right.jpg,0,No DR
2509,left,2509_left.jpg,C:\Users\sures\.cache\kagglehub\datasets\andrewmvd\ocular-disease-recognition-odir5k\versions\2\ODIR-5K\ODIR-5K\Training Images\2509_left.jpg,0,No DR
2509,right,2509_right.jpg,C:\Users\sures\.cache\kagglehub\datasets\andrewmvd\ocular-disease-recognition-odir5k\versions\2\ODIR-5K\ODIR-5K\Training Images\2509_right.jpg,0,No DR
2510,left,2510_left.jpg,C:\Users\sures\.cache\kagglehub\datasets\andrewmvd\ocular-disease-recognition-odir5k\versions\2\ODIR-5K\ODIR-5K\Training Images\2510_left.jpg,0,No DR
2510,right,2510_right.jpg,C:\Users\sures\.cache\kagglehub\datasets\andrewmvd\ocular-disease-recognition-odir5k\versions\2\ODIR-5K\ODIR-5K\Training Images\2510_right.jpg,0,No DR
2511,left,2511_left.jpg,C:\Users\sures\.cache\kagglehub\datasets\andrewmvd\ocular-disease-recognition-odir5k\versions\2\ODIR-5K\ODIR-5K\Training Images\2511_left.jpg,0,No DR
2511,right,2511_right.jpg,C:\Users\sures\.cache\kagglehub\datasets\andrewmvd\ocular-disease-recognition-odir5k\versions\2\ODIR-5K\ODIR-5K\Training Images\2511_right.jpg,0,No DR
2513,left,2513_left.jpg,C:\Users\sures\.cache\kagglehub\datasets\andrewmvd\ocular-disease-recognition-odir5k\versions\2\ODIR-5K\ODIR-5K\Training Images\2513_left.jpg,0,No DR
2513,right,2513_right.jpg,C:\Users\sures\.cache\kagglehub\datasets\andrewmvd\ocular-disease-recognition-odir5k\versions\2\ODIR-5K\ODIR-5K\Training Images\2513_right.jpg,0,No DR
2514,left,2514_left.jpg,C:\Users\sures\.cache\kagglehub\datasets\andrewmvd\ocular-disease-recognition-odir5k\versions\2\ODIR-5K\ODIR-5K\Training Images\2514_left.jpg,0,No DR
2514,right,2514_right.jpg,C:\Users\sures\.cache\kagglehub\datasets\andrewmvd\ocular-disease-recognition-odir5k\versions\2\ODIR-5K\ODIR-5K\Training Images\2514_right.jpg,0,No DR
2521,left,2521_left.jpg,C:\Users\sures\.cache\kagglehub\datasets\andrewmvd\ocular-disease-recognition-odir5k\versions\2\ODIR-5K\ODIR-5K\Training Images\2521_left.jpg,0,No DR
2521,right,2521_right.jpg,C:\Users\sures\.cache\kagglehub\datasets\andrewmvd\ocular-disease-recognition-odir5k\versions\2\ODIR-5K\ODIR-5K\Training Images\2521_right.jpg,0,No DR
2522,left,2522_left.jpg,C:\Users\sures\.cache\kagglehub\datasets\andrewmvd\ocular-disease-recognition-odir5k\versions\2\ODIR-5K\ODIR-5K\Training Images\2522_left.jpg,0,No DR
2522,right,2522_right.jpg,C:\Users\sures\.cache\kagglehub\datasets\andrewmvd\ocular-disease-recognition-odir5k\versions\2\ODIR-5K\ODIR-5K\Training Images\2522_right.jpg,0,No DR
2525,left,2525_left.jpg,C:\Users\sures\.cache\kagglehub\datasets\andrewmvd\ocular-disease-recognition-odir5k\versions\2\ODIR-5K\ODIR-5K\Training Images\2525_left.jpg,0,No DR
2525,right,2525_right.jpg,C:\Users\sures\.cache\kagglehub\datasets\andrewmvd\ocular-disease-recognition-odir5k\versions\2\ODIR-5K\ODIR-5K\Training Images\2525_right.jpg,0,No DR
2526,left,2526_left.jpg,C:\Users\sures\.cache\kagglehub\datasets\andrewmvd\ocular-disease-recognition-odir5k\versions\2\ODIR-5K\ODIR-5K\Training Images\2526_left.jpg,0,No DR
2526,right,2526_right.jpg,C:\Users\sures\.cache\kagglehub\datasets\andrewmvd\ocular-disease-recognition-odir5k\versions\2\ODIR-5K\ODIR-5K\Training Images\2526_right.jpg,0,No DR
2528,left,2528_left.jpg,C:\Users\sures\.cache\kagglehub\datasets\andrewmvd\ocular-disease-recognition-odir5k\versions\2\ODIR-5K\ODIR-5K\Training Images\2528_left.jpg,0,No DR
2528,right,2528_right.jpg,C:\Users\sures\.cache\kagglehub\datasets\andrewmvd\ocular-disease-recognition-odir5k\versions\2\ODIR-5K\ODIR-5K\Training Images\2528_right.jpg,0,No DR
2531,left,2531_left.jpg,C:\Users\sures\.cache\kagglehub\datasets\andrewmvd\ocular-disease-recognition-odir5k\versions\2\ODIR-5K\ODIR-5K\Training Images\2531_left.jpg,0,No DR
2531,right,2531_right.jpg,C:\Users\sures\.cache\kagglehub\datasets\andrewmvd\ocular-disease-recognition-odir5k\versions\2\ODIR-5K\ODIR-5K\Training Images\2531_right.jpg,0,No DR
2532,left,2532_left.jpg,C:\Users\sures\.cache\kagglehub\datasets\andrewmvd\ocular-disease-recognition-odir5k\versions\2\ODIR-5K\ODIR-5K\Training Images\2532_left.jpg,0,No DR
2532,right,2532_right.jpg,C:\Users\sures\.cache\kagglehub\datasets\andrewmvd\ocular-disease-recognition-odir5k\versions\2\ODIR-5K\ODIR-5K\Training Images\2532_right.jpg,0,No DR
2534,left,2534_left.jpg,C:\Users\sures\.cache\kagglehub\datasets\andrewmvd\ocular-disease-recognition-odir5k\versions\2\ODIR-5K\ODIR-5K\Training Images\2534_left.jpg,0,No DR
2534,right,2534_right.jpg,C:\Users\sures\.cache\kagglehub\datasets\andrewmvd\ocular-disease-recognition-odir5k\versions\2\ODIR-5K\ODIR-5K\Training Images\2534_right.jpg,0,No DR
2535,left,2535_left.jpg,C:\Users\sures\.cache\kagglehub\datasets\andrewmvd\ocular-disease-recognition-odir5k\versions\2\ODIR-5K\ODIR-5K\Training Images\2535_left.jpg,0,No DR
2535,right,2535_right.jpg,C:\Users\sures\.cache\kagglehub\datasets\andrewmvd\ocular-disease-recognition-odir5k\versions\2\ODIR-5K\ODIR-5K\Training Images\2535_right.jpg,0,No DR
2538,left,2538_left.jpg,C:\Users\sures\.cache\kagglehub\datasets\andrewmvd\ocular-disease-recognition-odir5k\versions\2\ODIR-5K\ODIR-5K\Training Images\2538_left.jpg,0,No DR
2538,right,2538_right.jpg,C:\Users\sures\.cache\kagglehub\datasets\andrewmvd\ocular-disease-recognition-odir5k\versions\2\ODIR-5K\ODIR-5K\Training Images\2538_right.jpg,0,No DR
2539,left,2539_left.jpg,C:\Users\sures\.cache\kagglehub\datasets\andrewmvd\ocular-disease-recognition-odir5k\versions\2\ODIR-5K\ODIR-5K\Training Images\2539_left.jpg,0,No DR
2539,right,2539_right.jpg,C:\Users\sures\.cache\kagglehub\datasets\andrewmvd\ocular-disease-recognition-odir5k\versions\2\ODIR-5K\ODIR-5K\Training Images\2539_right.jpg,0,No DR
2540,left,2540_left.jpg,C:\Users\sures\.cache\kagglehub\datasets\andrewmvd\ocular-disease-recognition-odir5k\versions\2\ODIR-5K\ODIR-5K\Training Images\2540_left.jpg,0,No DR
2540,right,2540_right.jpg,C:\Users\sures\.cache\kagglehub\datasets\andrewmvd\ocular-disease-recognition-odir5k\versions\2\ODIR-5K\ODIR-5K\Training Images\2540_right.jpg,0,No DR
2542,left,2542_left.jpg,C:\Users\sures\.cache\kagglehub\datasets\andrewmvd\ocular-disease-recognition-odir5k\versions\2\ODIR-5K\ODIR-5K\Training Images\2542_left.jpg,0,No DR
2542,right,2542_right.jpg,C:\Users\sures\.cache\kagglehub\datasets\andrewmvd\ocular-disease-recognition-odir5k\versions\2\ODIR-5K\ODIR-5K\Training Images\2542_right.jpg,0,No DR
2543,left,2543_left.jpg,C:\Users\sures\.cache\kagglehub\datasets\andrewmvd\ocular-disease-recognition-odir5k\versions\2\ODIR-5K\ODIR-5K\Training Images\2543_left.jpg,0,No DR
2543,right,2543_right.jpg,C:\Users\sures\.cache\kagglehub\datasets\andrewmvd\ocular-disease-recognition-odir5k\versions\2\ODIR-5K\ODIR-5K\Training Images\2543_right.jpg,0,No DR
2547,left,2547_left.jpg,C:\Users\sures\.cache\kagglehub\datasets\andrewmvd\ocular-disease-recognition-odir5k\versions\2\ODIR-5K\ODIR-5K\Training Images\2547_left.jpg,0,No DR
2547,right,2547_right.jpg,C:\Users\sures\.cache\kagglehub\datasets\andrewmvd\ocular-disease-recognition-odir5k\versions\2\ODIR-5K\ODIR-5K\Training Images\2547_right.jpg,0,No DR
2548,left,2548_left.jpg,C:\Users\sures\.cache\kagglehub\datasets\andrewmvd\ocular-disease-recognition-odir5k\versions\2\ODIR-5K\ODIR-5K\Training Images\2548_left.jpg,0,No DR
2548,right,2548_right.jpg,C:\Users\sures\.cache\kagglehub\datasets\andrewmvd\ocular-disease-recognition-odir5k\versions\2\ODIR-5K\ODIR-5K\Training Images\2548_right.jpg,0,No DR
2551,left,2551_left.jpg,C:\Users\sures\.cache\kagglehub\datasets\andrewmvd\ocular-disease-recognition-odir5k\versions\2\ODIR-5K\ODIR-5K\Training Images\2551_left.jpg,0,No DR
2551,right,2551_right.jpg,C:\Users\sures\.cache\kagglehub\datasets\andrewmvd\ocular-disease-recognition-odir5k\versions\2\ODIR-5K\ODIR-5K\Training Images\2551_right.jpg,0,No DR
2552,left,2552_left.jpg,C:\Users\sures\.cache\kagglehub\datasets\andrewmvd\ocular-disease-recognition-odir5k\versions\2\ODIR-5K\ODIR-5K\Training Images\2552_left.jpg,0,No DR
2552,right,2552_right.jpg,C:\Users\sures\.cache\kagglehub\datasets\andrewmvd\ocular-disease-recognition-odir5k\versions\2\ODIR-5K\ODIR-5K\Training Images\2552_right.jpg,0,No DR
2553,left,2553_left.jpg,C:\Users\sures\.cache\kagglehub\datasets\andrewmvd\ocular-disease-recognition-odir5k\versions\2\ODIR-5K\ODIR-5K\Training Images\2553_left.jpg,0,No DR
2553,right,2553_right.jpg,C:\Users\sures\.cache\kagglehub\datasets\andrewmvd\ocular-disease-recognition-odir5k\versions\2\ODIR-5K\ODIR-5K\Training Images\2553_right.jpg,0,No DR
2554,left,2554_left.jpg,C:\Users\sures\.cache\kagglehub\datasets\andrewmvd\ocular-disease-recognition-odir5k\versions\2\ODIR-5K\ODIR-5K\Training Images\2554_left.jpg,0,No DR
2554,right,2554_right.jpg,C:\Users\sures\.cache\kagglehub\datasets\andrewmvd\ocular-disease-recognition-odir5k\versions\2\ODIR-5K\ODIR-5K\Training Images\2554_right.jpg,0,No DR
2555,left,2555_left.jpg,C:\Users\sures\.cache\kagglehub\datasets\andrewmvd\ocular-disease-recognition-odir5k\versions\2\ODIR-5K\ODIR-5K\Training Images\2555_left.jpg,0,No DR
2555,right,2555_right.jpg,C:\Users\sures\.cache\kagglehub\datasets\andrewmvd\ocular-disease-recognition-odir5k\versions\2\ODIR-5K\ODIR-5K\Training Images\2555_right.jpg,0,No DR
2559,left,2559_left.jpg,C:\Users\sures\.cache\kagglehub\datasets\andrewmvd\ocular-disease-recognition-odir5k\versions\2\ODIR-5K\ODIR-5K\Training Images\2559_left.jpg,0,No DR
2559,right,2559_right.jpg,C:\Users\sures\.cache\kagglehub\datasets\andrewmvd\ocular-disease-recognition-odir5k\versions\2\ODIR-5K\ODIR-5K\Training Images\2559_right.jpg,0,No DR
2562,left,2562_left.jpg,C:\Users\sures\.cache\kagglehub\datasets\andrewmvd\ocular-disease-recognition-odir5k\versions\2\ODIR-5K\ODIR-5K\Training Images\2562_left.jpg,0,No DR
2562,right,2562_right.jpg,C:\Users\sures\.cache\kagglehub\datasets\andrewmvd\ocular-disease-recognition-odir5k\versions\2\ODIR-5K\ODIR-5K\Training Images\2562_right.jpg,0,No DR
2563,left,2563_left.jpg,C:\Users\sures\.cache\kagglehub\datasets\andrewmvd\ocular-disease-recognition-odir5k\versions\2\ODIR-5K\ODIR-5K\Training Images\2563_left.jpg,0,No DR
2563,right,2563_right.jpg,C:\Users\sures\.cache\kagglehub\datasets\andrewmvd\ocular-disease-recognition-odir5k\versions\2\ODIR-5K\ODIR-5K\Training Images\2563_right.jpg,0,No DR
2564,left,2564_left.jpg,C:\Users\sures\.cache\kagglehub\datasets\andrewmvd\ocular-disease-recognition-odir5k\versions\2\ODIR-5K\ODIR-5K\Training Images\2564_left.jpg,0,No DR
2564,right,2564_right.jpg,C:\Users\sures\.cache\kagglehub\datasets\andrewmvd\ocular-disease-recognition-odir5k\versions\2\ODIR-5K\ODIR-5K\Training Images\2564_right.jpg,0,No DR
2565,left,2565_left.jpg,C:\Users\sures\.cache\kagglehub\datasets\andrewmvd\ocular-disease-recognition-odir5k\versions\2\ODIR-5K\ODIR-5K\Training Images\2565_left.jpg,0,No DR
2565,right,2565_right.jpg,C:\Users\sures\.cache\kagglehub\datasets\andrewmvd\ocular-disease-recognition-odir5k\versions\2\ODIR-5K\ODIR-5K\Training Images\2565_right.jpg,0,No DR
2567,left,2567_left.jpg,C:\Users\sures\.cache\kagglehub\datasets\andrewmvd\ocular-disease-recognition-odir5k\versions\2\ODIR-5K\ODIR-5K\Training Images\2567_left.jpg,0,No DR
2567,right,2567_right.jpg,C:\Users\sures\.cache\kagglehub\datasets\andrewmvd\ocular-disease-recognition-odir5k\versions\2\ODIR-5K\ODIR-5K\Training Images\2567_right.jpg,0,No DR
2569,left,2569_left.jpg,C:\Users\sures\.cache\kagglehub\datasets\andrewmvd\ocular-disease-recognition-odir5k\versions\2\ODIR-5K\ODIR-5K\Training Images\2569_left.jpg,0,No DR
2569,right,2569_right.jpg,C:\Users\sures\.cache\kagglehub\datasets\andrewmvd\ocular-disease-recognition-odir5k\versions\2\ODIR-5K\ODIR-5K\Training Images\2569_right.jpg,0,No DR
2570,left,2570_left.jpg,C:\Users\sures\.cache\kagglehub\datasets\andrewmvd\ocular-disease-recognition-odir5k\versions\2\ODIR-5K\ODIR-5K\Training Images\2570_left.jpg,0,No DR
2570,right,2570_right.jpg,C:\Users\sures\.cache\kagglehub\datasets\andrewmvd\ocular-disease-recognition-odir5k\versions\2\ODIR-5K\ODIR-5K\Training Images\2570_right.jpg,0,No DR
2571,left,2571_left.jpg,C:\Users\sures\.cache\kagglehub\datasets\andrewmvd\ocular-disease-recognition-odir5k\versions\2\ODIR-5K\ODIR-5K\Training Images\2571_left.jpg,0,No DR
2571,right,2571_right.jpg,C:\Users\sures\.cache\kagglehub\datasets\andrewmvd\ocular-disease-recognition-odir5k\versions\2\ODIR-5K\ODIR-5K\Training Images\2571_right.jpg,0,No DR
2572,left,2572_left.jpg,C:\Users\sures\.cache\kagglehub\datasets\andrewmvd\ocular-disease-recognition-odir5k\versions\2\ODIR-5K\ODIR-5K\Training Images\2572_left.jpg,0,No DR
2572,right,2572_right.jpg,C:\Users\sures\.cache\kagglehub\datasets\andrewmvd\ocular-disease-recognition-odir5k\versions\2\ODIR-5K\ODIR-5K\Training Images\2572_right.jpg,0,No DR
2573,left,2573_left.jpg,C:\Users\sures\.cache\kagglehub\datasets\andrewmvd\ocular-disease-recognition-odir5k\versions\2\ODIR-5K\ODIR-5K\Training Images\2573_left.jpg,0,No DR
2573,right,2573_right.jpg,C:\Users\sures\.cache\kagglehub\datasets\andrewmvd\ocular-disease-recognition-odir5k\versions\2\ODIR-5K\ODIR-5K\Training Images\2573_right.jpg,0,No DR
2574,left,2574_left.jpg,C:\Users\sures\.cache\kagglehub\datasets\andrewmvd\ocular-disease-recognition-odir5k\versions\2\ODIR-5K\ODIR-5K\Training Images\2574_left.jpg,0,No DR
2574,right,2574_right.jpg,C:\Users\sures\.cache\kagglehub\datasets\andrewmvd\ocular-disease-recognition-odir5k\versions\2\ODIR-5K\ODIR-5K\Training Images\2574_right.jpg,0,No DR
2575,left,2575_left.jpg,C:\Users\sures\.cache\kagglehub\datasets\andrewmvd\ocular-disease-recognition-odir5k\versions\2\ODIR-5K\ODIR-5K\Training Images\2575_left.jpg,0,No DR
2575,right,2575_right.jpg,C:\Users\sures\.cache\kagglehub\datasets\andrewmvd\ocular-disease-recognition-odir5k\versions\2\ODIR-5K\ODIR-5K\Training Images\2575_right.jpg,0,No DR
2576,left,2576_left.jpg,C:\Users\sures\.cache\kagglehub\datasets\andrewmvd\ocular-disease-recognition-odir5k\versions\2\ODIR-5K\ODIR-5K\Training Images\2576_left.jpg,0,No DR
2576,right,2576_right.jpg,C:\Users\sures\.cache\kagglehub\datasets\andrewmvd\ocular-disease-recognition-odir5k\versions\2\ODIR-5K\ODIR-5K\Training Images\2576_right.jpg,0,No DR
2577,left,2577_left.jpg,C:\Users\sures\.cache\kagglehub\datasets\andrewmvd\ocular-disease-recognition-odir5k\versions\2\ODIR-5K\ODIR-5K\Training Images\2577_left.jpg,0,No DR
2577,right,2577_right.jpg,C:\Users\sures\.cache\kagglehub\datasets\andrewmvd\ocular-disease-recognition-odir5k\versions\2\ODIR-5K\ODIR-5K\Training Images\2577_right.jpg,0,No DR
2579,left,2579_left.jpg,C:\Users\sures\.cache\kagglehub\datasets\andrewmvd\ocular-disease-recognition-odir5k\versions\2\ODIR-5K\ODIR-5K\Training Images\2579_left.jpg,0,No DR
2579,right,2579_right.jpg,C:\Users\sures\.cache\kagglehub\datasets\andrewmvd\ocular-disease-recognition-odir5k\versions\2\ODIR-5K\ODIR-5K\Training Images\2579_right.jpg,0,No DR
2580,left,2580_left.jpg,C:\Users\sures\.cache\kagglehub\datasets\andrewmvd\ocular-disease-recognition-odir5k\versions\2\ODIR-5K\ODIR-5K\Training Images\2580_left.jpg,0,No DR
2580,right,2580_right.jpg,C:\Users\sures\.cache\kagglehub\datasets\andrewmvd\ocular-disease-recognition-odir5k\versions\2\ODIR-5K\ODIR-5K\Training Images\2580_right.jpg,0,No DR
2581,left,2581_left.jpg,C:\Users\sures\.cache\kagglehub\datasets\andrewmvd\ocular-disease-recognition-odir5k\versions\2\ODIR-5K\ODIR-5K\Training Images\2581_left.jpg,0,No DR
2581,right,2581_right.jpg,C:\Users\sures\.cache\kagglehub\datasets\andrewmvd\ocular-disease-recognition-odir5k\versions\2\ODIR-5K\ODIR-5K\Training Images\2581_right.jpg,0,No DR
2583,left,2583_left.jpg,C:\Users\sures\.cache\kagglehub\datasets\andrewmvd\ocular-disease-recognition-odir5k\versions\2\ODIR-5K\ODIR-5K\Training Images\2583_left.jpg,0,No DR
2583,right,2583_right.jpg,C:\Users\sures\.cache\kagglehub\datasets\andrewmvd\ocular-disease-recognition-odir5k\versions\2\ODIR-5K\ODIR-5K\Training Images\2583_right.jpg,0,No DR
2585,left,2585_left.jpg,C:\Users\sures\.cache\kagglehub\datasets\andrewmvd\ocular-disease-recognition-odir5k\versions\2\ODIR-5K\ODIR-5K\Training Images\2585_left.jpg,0,No DR
2585,right,2585_right.jpg,C:\Users\sures\.cache\kagglehub\datasets\andrewmvd\ocular-disease-recognition-odir5k\versions\2\ODIR-5K\ODIR-5K\Training Images\2585_right.jpg,0,No DR
2586,left,2586_left.jpg,C:\Users\sures\.cache\kagglehub\datasets\andrewmvd\ocular-disease-recognition-odir5k\versions\2\ODIR-5K\ODIR-5K\Training Images\2586_left.jpg,0,No DR
2586,right,2586_right.jpg,C:\Users\sures\.cache\kagglehub\datasets\andrewmvd\ocular-disease-recognition-odir5k\versions\2\ODIR-5K\ODIR-5K\Training Images\2586_right.jpg,0,No DR
2587,left,2587_left.jpg,C:\Users\sures\.cache\kagglehub\datasets\andrewmvd\ocular-disease-recognition-odir5k\versions\2\ODIR-5K\ODIR-5K\Training Images\2587_left.jpg,0,No DR
2587,right,2587_right.jpg,C:\Users\sures\.cache\kagglehub\datasets\andrewmvd\ocular-disease-recognition-odir5k\versions\2\ODIR-5K\ODIR-5K\Training Images\2587_right.jpg,0,No DR
2588,left,2588_left.jpg,C:\Users\sures\.cache\kagglehub\datasets\andrewmvd\ocular-disease-recognition-odir5k\versions\2\ODIR-5K\ODIR-5K\Training Images\2588_left.jpg,0,No DR
2588,right,2588_right.jpg,C:\Users\sures\.cache\kagglehub\datasets\andrewmvd\ocular-disease-recognition-odir5k\versions\2\ODIR-5K\ODIR-5K\Training Images\2588_right.jpg,0,No DR
2589,left,2589_left.jpg,C:\Users\sures\.cache\kagglehub\datasets\andrewmvd\ocular-disease-recognition-odir5k\versions\2\ODIR-5K\ODIR-5K\Training Images\2589_left.jpg,0,No DR
2589,right,2589_right.jpg,C:\Users\sures\.cache\kagglehub\datasets\andrewmvd\ocular-disease-recognition-odir5k\versions\2\ODIR-5K\ODIR-5K\Training Images\2589_right.jpg,0,No DR
2590,left,2590_left.jpg,C:\Users\sures\.cache\kagglehub\datasets\andrewmvd\ocular-disease-recognition-odir5k\versions\2\ODIR-5K\ODIR-5K\Training Images\2590_left.jpg,0,No DR
2590,right,2590_right.jpg,C:\Users\sures\.cache\kagglehub\datasets\andrewmvd\ocular-disease-recognition-odir5k\versions\2\ODIR-5K\ODIR-5K\Training Images\2590_right.jpg,0,No DR
2591,left,2591_left.jpg,C:\Users\sures\.cache\kagglehub\datasets\andrewmvd\ocular-disease-recognition-odir5k\versions\2\ODIR-5K\ODIR-5K\Training Images\2591_left.jpg,0,No DR
2591,right,2591_right.jpg,C:\Users\sures\.cache\kagglehub\datasets\andrewmvd\ocular-disease-recognition-odir5k\versions\2\ODIR-5K\ODIR-5K\Training Images\2591_right.jpg,0,No DR
2592,left,2592_left.jpg,C:\Users\sures\.cache\kagglehub\datasets\andrewmvd\ocular-disease-recognition-odir5k\versions\2\ODIR-5K\ODIR-5K\Training Images\2592_left.jpg,0,No DR
2592,right,2592_right.jpg,C:\Users\sures\.cache\kagglehub\datasets\andrewmvd\ocular-disease-recognition-odir5k\versions\2\ODIR-5K\ODIR-5K\Training Images\2592_right.jpg,0,No DR
2593,left,2593_left.jpg,C:\Users\sures\.cache\kagglehub\datasets\andrewmvd\ocular-disease-recognition-odir5k\versions\2\ODIR-5K\ODIR-5K\Training Images\2593_left.jpg,0,No DR
2593,right,2593_right.jpg,C:\Users\sures\.cache\kagglehub\datasets\andrewmvd\ocular-disease-recognition-odir5k\versions\2\ODIR-5K\ODIR-5K\Training Images\2593_right.jpg,0,No DR
2595,left,2595_left.jpg,C:\Users\sures\.cache\kagglehub\datasets\andrewmvd\ocular-disease-recognition-odir5k\versions\2\ODIR-5K\ODIR-5K\Training Images\2595_left.jpg,0,No DR
2595,right,2595_right.jpg,C:\Users\sures\.cache\kagglehub\datasets\andrewmvd\ocular-disease-recognition-odir5k\versions\2\ODIR-5K\ODIR-5K\Training Images\2595_right.jpg,0,No DR
2597,left,2597_left.jpg,C:\Users\sures\.cache\kagglehub\datasets\andrewmvd\ocular-disease-recognition-odir5k\versions\2\ODIR-5K\ODIR-5K\Training Images\2597_left.jpg,0,No DR
2597,right,2597_right.jpg,C:\Users\sures\.cache\kagglehub\datasets\andrewmvd\ocular-disease-recognition-odir5k\versions\2\ODIR-5K\ODIR-5K\Training Images\2597_right.jpg,0,No DR
2598,left,2598_left.jpg,C:\Users\sures\.cache\kagglehub\datasets\andrewmvd\ocular-disease-recognition-odir5k\versions\2\ODIR-5K\ODIR-5K\Training Images\2598_left.jpg,0,No DR
2598,right,2598_right.jpg,C:\Users\sures\.cache\kagglehub\datasets\andrewmvd\ocular-disease-recognition-odir5k\versions\2\ODIR-5K\ODIR-5K\Training Images\2598_right.jpg,0,No DR
2599,left,2599_left.jpg,C:\Users\sures\.cache\kagglehub\datasets\andrewmvd\ocular-disease-recognition-odir5k\versions\2\ODIR-5K\ODIR-5K\Training Images\2599_left.jpg,0,No DR
2599,right,2599_right.jpg,C:\Users\sures\.cache\kagglehub\datasets\andrewmvd\ocular-disease-recognition-odir5k\versions\2\ODIR-5K\ODIR-5K\Training Images\2599_right.jpg,0,No DR
2600,left,2600_left.jpg,C:\Users\sures\.cache\kagglehub\datasets\andrewmvd\ocular-disease-recognition-odir5k\versions\2\ODIR-5K\ODIR-5K\Training Images\2600_left.jpg,0,No DR
2600,right,2600_right.jpg,C:\Users\sures\.cache\kagglehub\datasets\andrewmvd\ocular-disease-recognition-odir5k\versions\2\ODIR-5K\ODIR-5K\Training Images\2600_right.jpg,0,No DR
2601,left,2601_left.jpg,C:\Users\sures\.cache\kagglehub\datasets\andrewmvd\ocular-disease-recognition-odir5k\versions\2\ODIR-5K\ODIR-5K\Training Images\2601_left.jpg,0,No DR
2601,right,2601_right.jpg,C:\Users\sures\.cache\kagglehub\datasets\andrewmvd\ocular-disease-recognition-odir5k\versions\2\ODIR-5K\ODIR-5K\Training Images\2601_right.jpg,0,No DR
2602,left,2602_left.jpg,C:\Users\sures\.cache\kagglehub\datasets\andrewmvd\ocular-disease-recognition-odir5k\versions\2\ODIR-5K\ODIR-5K\Training Images\2602_left.jpg,0,No DR
2602,right,2602_right.jpg,C:\Users\sures\.cache\kagglehub\datasets\andrewmvd\ocular-disease-recognition-odir5k\versions\2\ODIR-5K\ODIR-5K\Training Images\2602_right.jpg,0,No DR
2603,left,2603_left.jpg,C:\Users\sures\.cache\kagglehub\datasets\andrewmvd\ocular-disease-recognition-odir5k\versions\2\ODIR-5K\ODIR-5K\Training Images\2603_left.jpg,0,No DR
2603,right,2603_right.jpg,C:\Users\sures\.cache\kagglehub\datasets\andrewmvd\ocular-disease-recognition-odir5k\versions\2\ODIR-5K\ODIR-5K\Training Images\2603_right.jpg,0,No DR
2604,left,2604_left.jpg,C:\Users\sures\.cache\kagglehub\datasets\andrewmvd\ocular-disease-recognition-odir5k\versions\2\ODIR-5K\ODIR-5K\Training Images\2604_left.jpg,0,No DR
2604,right,2604_right.jpg,C:\Users\sures\.cache\kagglehub\datasets\andrewmvd\ocular-disease-recognition-odir5k\versions\2\ODIR-5K\ODIR-5K\Training Images\2604_right.jpg,0,No DR
2605,left,2605_left.jpg,C:\Users\sures\.cache\kagglehub\datasets\andrewmvd\ocular-disease-recognition-odir5k\versions\2\ODIR-5K\ODIR-5K\Training Images\2605_left.jpg,0,No DR
2605,right,2605_right.jpg,C:\Users\sures\.cache\kagglehub\datasets\andrewmvd\ocular-disease-recognition-odir5k\versions\2\ODIR-5K\ODIR-5K\Training Images\2605_right.jpg,0,No DR
2608,left,2608_left.jpg,C:\Users\sures\.cache\kagglehub\datasets\andrewmvd\ocular-disease-recognition-odir5k\versions\2\ODIR-5K\ODIR-5K\Training Images\2608_left.jpg,0,No DR
2608,right,2608_right.jpg,C:\Users\sures\.cache\kagglehub\datasets\andrewmvd\ocular-disease-recognition-odir5k\versions\2\ODIR-5K\ODIR-5K\Training Images\2608_right.jpg,0,No DR
2609,left,2609_left.jpg,C:\Users\sures\.cache\kagglehub\datasets\andrewmvd\ocular-disease-recognition-odir5k\versions\2\ODIR-5K\ODIR-5K\Training Images\2609_left.jpg,0,No DR
2609,right,2609_right.jpg,C:\Users\sures\.cache\kagglehub\datasets\andrewmvd\ocular-disease-recognition-odir5k\versions\2\ODIR-5K\ODIR-5K\Training Images\2609_right.jpg,0,No DR
2610,left,2610_left.jpg,C:\Users\sures\.cache\kagglehub\datasets\andrewmvd\ocular-disease-recognition-odir5k\versions\2\ODIR-5K\ODIR-5K\Training Images\2610_left.jpg,0,No DR
2610,right,2610_right.jpg,C:\Users\sures\.cache\kagglehub\datasets\andrewmvd\ocular-disease-recognition-odir5k\versions\2\ODIR-5K\ODIR-5K\Training Images\2610_right.jpg,0,No DR
2611,left,2611_left.jpg,C:\Users\sures\.cache\kagglehub\datasets\andrewmvd\ocular-disease-recognition-odir5k\versions\2\ODIR-5K\ODIR-5K\Training Images\2611_left.jpg,0,No DR
2611,right,2611_right.jpg,C:\Users\sures\.cache\kagglehub\datasets\andrewmvd\ocular-disease-recognition-odir5k\versions\2\ODIR-5K\ODIR-5K\Training Images\2611_right.jpg,0,No DR
2612,left,2612_left.jpg,C:\Users\sures\.cache\kagglehub\datasets\andrewmvd\ocular-disease-recognition-odir5k\versions\2\ODIR-5K\ODIR-5K\Training Images\2612_left.jpg,0,No DR
2612,right,2612_right.jpg,C:\Users\sures\.cache\kagglehub\datasets\andrewmvd\ocular-disease-recognition-odir5k\versions\2\ODIR-5K\ODIR-5K\Training Images\2612_right.jpg,0,No DR
2613,left,2613_left.jpg,C:\Users\sures\.cache\kagglehub\datasets\andrewmvd\ocular-disease-recognition-odir5k\versions\2\ODIR-5K\ODIR-5K\Training Images\2613_left.jpg,0,No DR
2613,right,2613_right.jpg,C:\Users\sures\.cache\kagglehub\datasets\andrewmvd\ocular-disease-recognition-odir5k\versions\2\ODIR-5K\ODIR-5K\Training Images\2613_right.jpg,0,No DR
2617,left,2617_left.jpg,C:\Users\sures\.cache\kagglehub\datasets\andrewmvd\ocular-disease-recognition-odir5k\versions\2\ODIR-5K\ODIR-5K\Training Images\2617_left.jpg,0,No DR
2617,right,2617_right.jpg,C:\Users\sures\.cache\kagglehub\datasets\andrewmvd\ocular-disease-recognition-odir5k\versions\2\ODIR-5K\ODIR-5K\Training Images\2617_right.jpg,0,No DR
2618,left,2618_left.jpg,C:\Users\sures\.cache\kagglehub\datasets\andrewmvd\ocular-disease-recognition-odir5k\versions\2\ODIR-5K\ODIR-5K\Training Images\2618_left.jpg,0,No DR
2618,right,2618_right.jpg,C:\Users\sures\.cache\kagglehub\datasets\andrewmvd\ocular-disease-recognition-odir5k\versions\2\ODIR-5K\ODIR-5K\Training Images\2618_right.jpg,0,No DR
2619,left,2619_left.jpg,C:\Users\sures\.cache\kagglehub\datasets\andrewmvd\ocular-disease-recognition-odir5k\versions\2\ODIR-5K\ODIR-5K\Training Images\2619_left.jpg,0,No DR
2619,right,2619_right.jpg,C:\Users\sures\.cache\kagglehub\datasets\andrewmvd\ocular-disease-recognition-odir5k\versions\2\ODIR-5K\ODIR-5K\Training Images\2619_right.jpg,0,No DR
2621,left,2621_left.jpg,C:\Users\sures\.cache\kagglehub\datasets\andrewmvd\ocular-disease-recognition-odir5k\versions\2\ODIR-5K\ODIR-5K\Training Images\2621_left.jpg,0,No DR
2621,right,2621_right.jpg,C:\Users\sures\.cache\kagglehub\datasets\andrewmvd\ocular-disease-recognition-odir5k\versions\2\ODIR-5K\ODIR-5K\Training Images\2621_right.jpg,0,No DR
2622,left,2622_left.jpg,C:\Users\sures\.cache\kagglehub\datasets\andrewmvd\ocular-disease-recognition-odir5k\versions\2\ODIR-5K\ODIR-5K\Training Images\2622_left.jpg,0,No DR
2622,right,2622_right.jpg,C:\Users\sures\.cache\kagglehub\datasets\andrewmvd\ocular-disease-recognition-odir5k\versions\2\ODIR-5K\ODIR-5K\Training Images\2622_right.jpg,0,No DR
2623,left,2623_left.jpg,C:\Users\sures\.cache\kagglehub\datasets\andrewmvd\ocular-disease-recognition-odir5k\versions\2\ODIR-5K\ODIR-5K\Training Images\2623_left.jpg,0,No DR
2623,right,2623_right.jpg,C:\Users\sures\.cache\kagglehub\datasets\andrewmvd\ocular-disease-recognition-odir5k\versions\2\ODIR-5K\ODIR-5K\Training Images\2623_right.jpg,0,No DR
2624,left,2624_left.jpg,C:\Users\sures\.cache\kagglehub\datasets\andrewmvd\ocular-disease-recognition-odir5k\versions\2\ODIR-5K\ODIR-5K\Training Images\2624_left.jpg,0,No DR
2624,right,2624_right.jpg,C:\Users\sures\.cache\kagglehub\datasets\andrewmvd\ocular-disease-recognition-odir5k\versions\2\ODIR-5K\ODIR-5K\Training Images\2624_right.jpg,0,No DR
2626,left,2626_left.jpg,C:\Users\sures\.cache\kagglehub\datasets\andrewmvd\ocular-disease-recognition-odir5k\versions\2\ODIR-5K\ODIR-5K\Training Images\2626_left.jpg,0,No DR
2626,right,2626_right.jpg,C:\Users\sures\.cache\kagglehub\datasets\andrewmvd\ocular-disease-recognition-odir5k\versions\2\ODIR-5K\ODIR-5K\Training Images\2626_right.jpg,0,No DR
2627,left,2627_left.jpg,C:\Users\sures\.cache\kagglehub\datasets\andrewmvd\ocular-disease-recognition-odir5k\versions\2\ODIR-5K\ODIR-5K\Training Images\2627_left.jpg,0,No DR
2627,right,2627_right.jpg,C:\Users\sures\.cache\kagglehub\datasets\andrewmvd\ocular-disease-recognition-odir5k\versions\2\ODIR-5K\ODIR-5K\Training Images\2627_right.jpg,0,No DR
2628,left,2628_left.jpg,C:\Users\sures\.cache\kagglehub\datasets\andrewmvd\ocular-disease-recognition-odir5k\versions\2\ODIR-5K\ODIR-5K\Training Images\2628_left.jpg,0,No DR
2628,right,2628_right.jpg,C:\Users\sures\.cache\kagglehub\datasets\andrewmvd\ocular-disease-recognition-odir5k\versions\2\ODIR-5K\ODIR-5K\Training Images\2628_right.jpg,0,No DR
2629,left,2629_left.jpg,C:\Users\sures\.cache\kagglehub\datasets\andrewmvd\ocular-disease-recognition-odir5k\versions\2\ODIR-5K\ODIR-5K\Training Images\2629_left.jpg,0,No DR
2629,right,2629_right.jpg,C:\Users\sures\.cache\kagglehub\datasets\andrewmvd\ocular-disease-recognition-odir5k\versions\2\ODIR-5K\ODIR-5K\Training Images\2629_right.jpg,0,No DR
2631,left,2631_left.jpg,C:\Users\sures\.cache\kagglehub\datasets\andrewmvd\ocular-disease-recognition-odir5k\versions\2\ODIR-5K\ODIR-5K\Training Images\2631_left.jpg,0,No DR
2631,right,2631_right.jpg,C:\Users\sures\.cache\kagglehub\datasets\andrewmvd\ocular-disease-recognition-odir5k\versions\2\ODIR-5K\ODIR-5K\Training Images\2631_right.jpg,0,No DR
2632,left,2632_left.jpg,C:\Users\sures\.cache\kagglehub\datasets\andrewmvd\ocular-disease-recognition-odir5k\versions\2\ODIR-5K\ODIR-5K\Training Images\2632_left.jpg,0,No DR
2632,right,2632_right.jpg,C:\Users\sures\.cache\kagglehub\datasets\andrewmvd\ocular-disease-recognition-odir5k\versions\2\ODIR-5K\ODIR-5K\Training Images\2632_right.jpg,0,No DR
2633,left,2633_left.jpg,C:\Users\sures\.cache\kagglehub\datasets\andrewmvd\ocular-disease-recognition-odir5k\versions\2\ODIR-5K\ODIR-5K\Training Images\2633_left.jpg,0,No DR
2633,right,2633_right.jpg,C:\Users\sures\.cache\kagglehub\datasets\andrewmvd\ocular-disease-recognition-odir5k\versions\2\ODIR-5K\ODIR-5K\Training Images\2633_right.jpg,0,No DR
2634,left,2634_left.jpg,C:\Users\sures\.cache\kagglehub\datasets\andrewmvd\ocular-disease-recognition-odir5k\versions\2\ODIR-5K\ODIR-5K\Training Images\2634_left.jpg,0,No DR
2634,right,2634_right.jpg,C:\Users\sures\.cache\kagglehub\datasets\andrewmvd\ocular-disease-recognition-odir5k\versions\2\ODIR-5K\ODIR-5K\Training Images\2634_right.jpg,0,No DR
2635,left,2635_left.jpg,C:\Users\sures\.cache\kagglehub\datasets\andrewmvd\ocular-disease-recognition-odir5k\versions\2\ODIR-5K\ODIR-5K\Training Images\2635_left.jpg,0,No DR
2635,right,2635_right.jpg,C:\Users\sures\.cache\kagglehub\datasets\andrewmvd\ocular-disease-recognition-odir5k\versions\2\ODIR-5K\ODIR-5K\Training Images\2635_right.jpg,0,No DR
2636,left,2636_left.jpg,C:\Users\sures\.cache\kagglehub\datasets\andrewmvd\ocular-disease-recognition-odir5k\versions\2\ODIR-5K\ODIR-5K\Training Images\2636_left.jpg,0,No DR
2636,right,2636_right.jpg,C:\Users\sures\.cache\kagglehub\datasets\andrewmvd\ocular-disease-recognition-odir5k\versions\2\ODIR-5K\ODIR-5K\Training Images\2636_right.jpg,0,No DR
2637,left,2637_left.jpg,C:\Users\sures\.cache\kagglehub\datasets\andrewmvd\ocular-disease-recognition-odir5k\versions\2\ODIR-5K\ODIR-5K\Training Images\2637_left.jpg,0,No DR
2637,right,2637_right.jpg,C:\Users\sures\.cache\kagglehub\datasets\andrewmvd\ocular-disease-recognition-odir5k\versions\2\ODIR-5K\ODIR-5K\Training Images\2637_right.jpg,0,No DR
2639,left,2639_left.jpg,C:\Users\sures\.cache\kagglehub\datasets\andrewmvd\ocular-disease-recognition-odir5k\versions\2\ODIR-5K\ODIR-5K\Training Images\2639_left.jpg,0,No DR
2639,right,2639_right.jpg,C:\Users\sures\.cache\kagglehub\datasets\andrewmvd\ocular-disease-recognition-odir5k\versions\2\ODIR-5K\ODIR-5K\Training Images\2639_right.jpg,0,No DR
2640,left,2640_left.jpg,C:\Users\sures\.cache\kagglehub\datasets\andrewmvd\ocular-disease-recognition-odir5k\versions\2\ODIR-5K\ODIR-5K\Training Images\2640_left.jpg,0,No DR
2640,right,2640_right.jpg,C:\Users\sures\.cache\kagglehub\datasets\andrewmvd\ocular-disease-recognition-odir5k\versions\2\ODIR-5K\ODIR-5K\Training Images\2640_right.jpg,0,No DR
2641,left,2641_left.jpg,C:\Users\sures\.cache\kagglehub\datasets\andrewmvd\ocular-disease-recognition-odir5k\versions\2\ODIR-5K\ODIR-5K\Training Images\2641_left.jpg,0,No DR
2641,right,2641_right.jpg,C:\Users\sures\.cache\kagglehub\datasets\andrewmvd\ocular-disease-recognition-odir5k\versions\2\ODIR-5K\ODIR-5K\Training Images\2641_right.jpg,0,No DR
2643,left,2643_left.jpg,C:\Users\sures\.cache\kagglehub\datasets\andrewmvd\ocular-disease-recognition-odir5k\versions\2\ODIR-5K\ODIR-5K\Training Images\2643_left.jpg,0,No DR
2643,right,2643_right.jpg,C:\Users\sures\.cache\kagglehub\datasets\andrewmvd\ocular-disease-recognition-odir5k\versions\2\ODIR-5K\ODIR-5K\Training Images\2643_right.jpg,0,No DR
2644,left,2644_left.jpg,C:\Users\sures\.cache\kagglehub\datasets\andrewmvd\ocular-disease-recognition-odir5k\versions\2\ODIR-5K\ODIR-5K\Training Images\2644_left.jpg,0,No DR
2644,right,2644_right.jpg,C:\Users\sures\.cache\kagglehub\datasets\andrewmvd\ocular-disease-recognition-odir5k\versions\2\ODIR-5K\ODIR-5K\Training Images\2644_right.jpg,0,No DR
2646,left,2646_left.jpg,C:\Users\sures\.cache\kagglehub\datasets\andrewmvd\ocular-disease-recognition-odir5k\versions\2\ODIR-5K\ODIR-5K\Training Images\2646_left.jpg,0,No DR
2646,right,2646_right.jpg,C:\Users\sures\.cache\kagglehub\datasets\andrewmvd\ocular-disease-recognition-odir5k\versions\2\ODIR-5K\ODIR-5K\Training Images\2646_right.jpg,0,No DR
2647,left,2647_left.jpg,C:\Users\sures\.cache\kagglehub\datasets\andrewmvd\ocular-disease-recognition-odir5k\versions\2\ODIR-5K\ODIR-5K\Training Images\2647_left.jpg,0,No DR
2647,right,2647_right.jpg,C:\Users\sures\.cache\kagglehub\datasets\andrewmvd\ocular-disease-recognition-odir5k\versions\2\ODIR-5K\ODIR-5K\Training Images\2647_right.jpg,0,No DR
2651,left,2651_left.jpg,C:\Users\sures\.cache\kagglehub\datasets\andrewmvd\ocular-disease-recognition-odir5k\versions\2\ODIR-5K\ODIR-5K\Training Images\2651_left.jpg,0,No DR
2651,right,2651_right.jpg,C:\Users\sures\.cache\kagglehub\datasets\andrewmvd\ocular-disease-recognition-odir5k\versions\2\ODIR-5K\ODIR-5K\Training Images\2651_right.jpg,0,No DR
2652,left,2652_left.jpg,C:\Users\sures\.cache\kagglehub\datasets\andrewmvd\ocular-disease-recognition-odir5k\versions\2\ODIR-5K\ODIR-5K\Training Images\2652_left.jpg,0,No DR
2652,right,2652_right.jpg,C:\Users\sures\.cache\kagglehub\datasets\andrewmvd\ocular-disease-recognition-odir5k\versions\2\ODIR-5K\ODIR-5K\Training Images\2652_right.jpg,0,No DR
2653,left,2653_left.jpg,C:\Users\sures\.cache\kagglehub\datasets\andrewmvd\ocular-disease-recognition-odir5k\versions\2\ODIR-5K\ODIR-5K\Training Images\2653_left.jpg,0,No DR
2653,right,2653_right.jpg,C:\Users\sures\.cache\kagglehub\datasets\andrewmvd\ocular-disease-recognition-odir5k\versions\2\ODIR-5K\ODIR-5K\Training Images\2653_right.jpg,0,No DR
2654,left,2654_left.jpg,C:\Users\sures\.cache\kagglehub\datasets\andrewmvd\ocular-disease-recognition-odir5k\versions\2\ODIR-5K\ODIR-5K\Training Images\2654_left.jpg,0,No DR
2654,right,2654_right.jpg,C:\Users\sures\.cache\kagglehub\datasets\andrewmvd\ocular-disease-recognition-odir5k\versions\2\ODIR-5K\ODIR-5K\Training Images\2654_right.jpg,0,No DR
2655,left,2655_left.jpg,C:\Users\sures\.cache\kagglehub\datasets\andrewmvd\ocular-disease-recognition-odir5k\versions\2\ODIR-5K\ODIR-5K\Training Images\2655_left.jpg,0,No DR
2655,right,2655_right.jpg,C:\Users\sures\.cache\kagglehub\datasets\andrewmvd\ocular-disease-recognition-odir5k\versions\2\ODIR-5K\ODIR-5K\Training Images\2655_right.jpg,0,No DR
2657,left,2657_left.jpg,C:\Users\sures\.cache\kagglehub\datasets\andrewmvd\ocular-disease-recognition-odir5k\versions\2\ODIR-5K\ODIR-5K\Training Images\2657_left.jpg,0,No DR
2657,right,2657_right.jpg,C:\Users\sures\.cache\kagglehub\datasets\andrewmvd\ocular-disease-recognition-odir5k\versions\2\ODIR-5K\ODIR-5K\Training Images\2657_right.jpg,0,No DR
2658,left,2658_left.jpg,C:\Users\sures\.cache\kagglehub\datasets\andrewmvd\ocular-disease-recognition-odir5k\versions\2\ODIR-5K\ODIR-5K\Training Images\2658_left.jpg,0,No DR
2658,right,2658_right.jpg,C:\Users\sures\.cache\kagglehub\datasets\andrewmvd\ocular-disease-recognition-odir5k\versions\2\ODIR-5K\ODIR-5K\Training Images\2658_right.jpg,0,No DR
2659,left,2659_left.jpg,C:\Users\sures\.cache\kagglehub\datasets\andrewmvd\ocular-disease-recognition-odir5k\versions\2\ODIR-5K\ODIR-5K\Training Images\2659_left.jpg,0,No DR
2659,right,2659_right.jpg,C:\Users\sures\.cache\kagglehub\datasets\andrewmvd\ocular-disease-recognition-odir5k\versions\2\ODIR-5K\ODIR-5K\Training Images\2659_right.jpg,0,No DR
2663,left,2663_left.jpg,C:\Users\sures\.cache\kagglehub\datasets\andrewmvd\ocular-disease-recognition-odir5k\versions\2\ODIR-5K\ODIR-5K\Training Images\2663_left.jpg,0,No DR
2663,right,2663_right.jpg,C:\Users\sures\.cache\kagglehub\datasets\andrewmvd\ocular-disease-recognition-odir5k\versions\2\ODIR-5K\ODIR-5K\Training Images\2663_right.jpg,0,No DR
2665,left,2665_left.jpg,C:\Users\sures\.cache\kagglehub\datasets\andrewmvd\ocular-disease-recognition-odir5k\versions\2\ODIR-5K\ODIR-5K\Training Images\2665_left.jpg,0,No DR
2665,right,2665_right.jpg,C:\Users\sures\.cache\kagglehub\datasets\andrewmvd\ocular-disease-recognition-odir5k\versions\2\ODIR-5K\ODIR-5K\Training Images\2665_right.jpg,0,No DR
2666,left,2666_left.jpg,C:\Users\sures\.cache\kagglehub\datasets\andrewmvd\ocular-disease-recognition-odir5k\versions\2\ODIR-5K\ODIR-5K\Training Images\2666_left.jpg,0,No DR
2666,right,2666_right.jpg,C:\Users\sures\.cache\kagglehub\datasets\andrewmvd\ocular-disease-recognition-odir5k\versions\2\ODIR-5K\ODIR-5K\Training Images\2666_right.jpg,0,No DR
2668,left,2668_left.jpg,C:\Users\sures\.cache\kagglehub\datasets\andrewmvd\ocular-disease-recognition-odir5k\versions\2\ODIR-5K\ODIR-5K\Training Images\2668_left.jpg,0,No DR
2668,right,2668_right.jpg,C:\Users\sures\.cache\kagglehub\datasets\andrewmvd\ocular-disease-recognition-odir5k\versions\2\ODIR-5K\ODIR-5K\Training Images\2668_right.jpg,0,No DR
2672,left,2672_left.jpg,C:\Users\sures\.cache\kagglehub\datasets\andrewmvd\ocular-disease-recognition-odir5k\versions\2\ODIR-5K\ODIR-5K\Training Images\2672_left.jpg,0,No DR
2672,right,2672_right.jpg,C:\Users\sures\.cache\kagglehub\datasets\andrewmvd\ocular-disease-recognition-odir5k\versions\2\ODIR-5K\ODIR-5K\Training Images\2672_right.jpg,0,No DR
2673,left,2673_left.jpg,C:\Users\sures\.cache\kagglehub\datasets\andrewmvd\ocular-disease-recognition-odir5k\versions\2\ODIR-5K\ODIR-5K\Training Images\2673_left.jpg,0,No DR
2673,right,2673_right.jpg,C:\Users\sures\.cache\kagglehub\datasets\andrewmvd\ocular-disease-recognition-odir5k\versions\2\ODIR-5K\ODIR-5K\Training Images\2673_right.jpg,0,No DR
2675,left,2675_left.jpg,C:\Users\sures\.cache\kagglehub\datasets\andrewmvd\ocular-disease-recognition-odir5k\versions\2\ODIR-5K\ODIR-5K\Training Images\2675_left.jpg,0,No DR
2675,right,2675_right.jpg,C:\Users\sures\.cache\kagglehub\datasets\andrewmvd\ocular-disease-recognition-odir5k\versions\2\ODIR-5K\ODIR-5K\Training Images\2675_right.jpg,0,No DR
2677,left,2677_left.jpg,C:\Users\sures\.cache\kagglehub\datasets\andrewmvd\ocular-disease-recognition-odir5k\versions\2\ODIR-5K\ODIR-5K\Training Images\2677_left.jpg,0,No DR
2677,right,2677_right.jpg,C:\Users\sures\.cache\kagglehub\datasets\andrewmvd\ocular-disease-recognition-odir5k\versions\2\ODIR-5K\ODIR-5K\Training Images\2677_right.jpg,0,No DR
2680,left,2680_left.jpg,C:\Users\sures\.cache\kagglehub\datasets\andrewmvd\ocular-disease-recognition-odir5k\versions\2\ODIR-5K\ODIR-5K\Training Images\2680_left.jpg,0,No DR
2680,right,2680_right.jpg,C:\Users\sures\.cache\kagglehub\datasets\andrewmvd\ocular-disease-recognition-odir5k\versions\2\ODIR-5K\ODIR-5K\Training Images\2680_right.jpg,0,No DR
2681,left,2681_left.jpg,C:\Users\sures\.cache\kagglehub\datasets\andrewmvd\ocular-disease-recognition-odir5k\versions\2\ODIR-5K\ODIR-5K\Training Images\2681_left.jpg,0,No DR
2681,right,2681_right.jpg,C:\Users\sures\.cache\kagglehub\datasets\andrewmvd\ocular-disease-recognition-odir5k\versions\2\ODIR-5K\ODIR-5K\Training Images\2681_right.jpg,0,No DR
2682,left,2682_left.jpg,C:\Users\sures\.cache\kagglehub\datasets\andrewmvd\ocular-disease-recognition-odir5k\versions\2\ODIR-5K\ODIR-5K\Training Images\2682_left.jpg,0,No DR
2682,right,2682_right.jpg,C:\Users\sures\.cache\kagglehub\datasets\andrewmvd\ocular-disease-recognition-odir5k\versions\2\ODIR-5K\ODIR-5K\Training Images\2682_right.jpg,0,No DR
2683,left,2683_left.jpg,C:\Users\sures\.cache\kagglehub\datasets\andrewmvd\ocular-disease-recognition-odir5k\versions\2\ODIR-5K\ODIR-5K\Training Images\2683_left.jpg,0,No DR
2683,right,2683_right.jpg,C:\Users\sures\.cache\kagglehub\datasets\andrewmvd\ocular-disease-recognition-odir5k\versions\2\ODIR-5K\ODIR-5K\Training Images\2683_right.jpg,0,No DR
2685,left,2685_left.jpg,C:\Users\sures\.cache\kagglehub\datasets\andrewmvd\ocular-disease-recognition-odir5k\versions\2\ODIR-5K\ODIR-5K\Training Images\2685_left.jpg,0,No DR
2685,right,2685_right.jpg,C:\Users\sures\.cache\kagglehub\datasets\andrewmvd\ocular-disease-recognition-odir5k\versions\2\ODIR-5K\ODIR-5K\Training Images\2685_right.jpg,0,No DR
2688,left,2688_left.jpg,C:\Users\sures\.cache\kagglehub\datasets\andrewmvd\ocular-disease-recognition-odir5k\versions\2\ODIR-5K\ODIR-5K\Training Images\2688_left.jpg,0,No DR
2688,right,2688_right.jpg,C:\Users\sures\.cache\kagglehub\datasets\andrewmvd\ocular-disease-recognition-odir5k\versions\2\ODIR-5K\ODIR-5K\Training Images\2688_right.jpg,0,No DR
2689,left,2689_left.jpg,C:\Users\sures\.cache\kagglehub\datasets\andrewmvd\ocular-disease-recognition-odir5k\versions\2\ODIR-5K\ODIR-5K\Training Images\2689_left.jpg,0,No DR
2689,right,2689_right.jpg,C:\Users\sures\.cache\kagglehub\datasets\andrewmvd\ocular-disease-recognition-odir5k\versions\2\ODIR-5K\ODIR-5K\Training Images\2689_right.jpg,0,No DR
2691,left,2691_left.jpg,C:\Users\sures\.cache\kagglehub\datasets\andrewmvd\ocular-disease-recognition-odir5k\versions\2\ODIR-5K\ODIR-5K\Training Images\2691_left.jpg,0,No DR
2691,right,2691_right.jpg,C:\Users\sures\.cache\kagglehub\datasets\andrewmvd\ocular-disease-recognition-odir5k\versions\2\ODIR-5K\ODIR-5K\Training Images\2691_right.jpg,0,No DR
2692,left,2692_left.jpg,C:\Users\sures\.cache\kagglehub\datasets\andrewmvd\ocular-disease-recognition-odir5k\versions\2\ODIR-5K\ODIR-5K\Training Images\2692_left.jpg,0,No DR
2692,right,2692_right.jpg,C:\Users\sures\.cache\kagglehub\datasets\andrewmvd\ocular-disease-recognition-odir5k\versions\2\ODIR-5K\ODIR-5K\Training Images\2692_right.jpg,0,No DR
2693,left,2693_left.jpg,C:\Users\sures\.cache\kagglehub\datasets\andrewmvd\ocular-disease-recognition-odir5k\versions\2\ODIR-5K\ODIR-5K\Training Images\2693_left.jpg,0,No DR
2693,right,2693_right.jpg,C:\Users\sures\.cache\kagglehub\datasets\andrewmvd\ocular-disease-recognition-odir5k\versions\2\ODIR-5K\ODIR-5K\Training Images\2693_right.jpg,0,No DR
2695,left,2695_left.jpg,C:\Users\sures\.cache\kagglehub\datasets\andrewmvd\ocular-disease-recognition-odir5k\versions\2\ODIR-5K\ODIR-5K\Training Images\2695_left.jpg,0,No DR
2695,right,2695_right.jpg,C:\Users\sures\.cache\kagglehub\datasets\andrewmvd\ocular-disease-recognition-odir5k\versions\2\ODIR-5K\ODIR-5K\Training Images\2695_right.jpg,0,No DR
2696,left,2696_left.jpg,C:\Users\sures\.cache\kagglehub\datasets\andrewmvd\ocular-disease-recognition-odir5k\versions\2\ODIR-5K\ODIR-5K\Training Images\2696_left.jpg,0,No DR
2696,right,2696_right.jpg,C:\Users\sures\.cache\kagglehub\datasets\andrewmvd\ocular-disease-recognition-odir5k\versions\2\ODIR-5K\ODIR-5K\Training Images\2696_right.jpg,0,No DR
2698,left,2698_left.jpg,C:\Users\sures\.cache\kagglehub\datasets\andrewmvd\ocular-disease-recognition-odir5k\versions\2\ODIR-5K\ODIR-5K\Training Images\2698_left.jpg,0,No DR
2698,right,2698_right.jpg,C:\Users\sures\.cache\kagglehub\datasets\andrewmvd\ocular-disease-recognition-odir5k\versions\2\ODIR-5K\ODIR-5K\Training Images\2698_right.jpg,0,No DR
2701,left,2701_left.jpg,C:\Users\sures\.cache\kagglehub\datasets\andrewmvd\ocular-disease-recognition-odir5k\versions\2\ODIR-5K\ODIR-5K\Training Images\2701_left.jpg,0,No DR
2701,right,2701_right.jpg,C:\Users\sures\.cache\kagglehub\datasets\andrewmvd\ocular-disease-recognition-odir5k\versions\2\ODIR-5K\ODIR-5K\Training Images\2701_right.jpg,0,No DR
2702,left,2702_left.jpg,C:\Users\sures\.cache\kagglehub\datasets\andrewmvd\ocular-disease-recognition-odir5k\versions\2\ODIR-5K\ODIR-5K\Training Images\2702_left.jpg,0,No DR
2702,right,2702_right.jpg,C:\Users\sures\.cache\kagglehub\datasets\andrewmvd\ocular-disease-recognition-odir5k\versions\2\ODIR-5K\ODIR-5K\Training Images\2702_right.jpg,0,No DR
2703,left,2703_left.jpg,C:\Users\sures\.cache\kagglehub\datasets\andrewmvd\ocular-disease-recognition-odir5k\versions\2\ODIR-5K\ODIR-5K\Training Images\2703_left.jpg,0,No DR
2703,right,2703_right.jpg,C:\Users\sures\.cache\kagglehub\datasets\andrewmvd\ocular-disease-recognition-odir5k\versions\2\ODIR-5K\ODIR-5K\Training Images\2703_right.jpg,0,No DR
2705,left,2705_left.jpg,C:\Users\sures\.cache\kagglehub\datasets\andrewmvd\ocular-disease-recognition-odir5k\versions\2\ODIR-5K\ODIR-5K\Training Images\2705_left.jpg,0,No DR
2705,right,2705_right.jpg,C:\Users\sures\.cache\kagglehub\datasets\andrewmvd\ocular-disease-recognition-odir5k\versions\2\ODIR-5K\ODIR-5K\Training Images\2705_right.jpg,0,No DR
2707,left,2707_left.jpg,C:\Users\sures\.cache\kagglehub\datasets\andrewmvd\ocular-disease-recognition-odir5k\versions\2\ODIR-5K\ODIR-5K\Training Images\2707_left.jpg,0,No DR
2707,right,2707_right.jpg,C:\Users\sures\.cache\kagglehub\datasets\andrewmvd\ocular-disease-recognition-odir5k\versions\2\ODIR-5K\ODIR-5K\Training Images\2707_right.jpg,0,No DR
2710,left,2710_left.jpg,C:\Users\sures\.cache\kagglehub\datasets\andrewmvd\ocular-disease-recognition-odir5k\versions\2\ODIR-5K\ODIR-5K\Training Images\2710_left.jpg,0,No DR
2710,right,2710_right.jpg,C:\Users\sures\.cache\kagglehub\datasets\andrewmvd\ocular-disease-recognition-odir5k\versions\2\ODIR-5K\ODIR-5K\Training Images\2710_right.jpg,0,No DR
2712,left,2712_left.jpg,C:\Users\sures\.cache\kagglehub\datasets\andrewmvd\ocular-disease-recognition-odir5k\versions\2\ODIR-5K\ODIR-5K\Training Images\2712_left.jpg,0,No DR
2712,right,2712_right.jpg,C:\Users\sures\.cache\kagglehub\datasets\andrewmvd\ocular-disease-recognition-odir5k\versions\2\ODIR-5K\ODIR-5K\Training Images\2712_right.jpg,0,No DR
2720,left,2720_left.jpg,C:\Users\sures\.cache\kagglehub\datasets\andrewmvd\ocular-disease-recognition-odir5k\versions\2\ODIR-5K\ODIR-5K\Training Images\2720_left.jpg,0,No DR
2720,right,2720_right.jpg,C:\Users\sures\.cache\kagglehub\datasets\andrewmvd\ocular-disease-recognition-odir5k\versions\2\ODIR-5K\ODIR-5K\Training Images\2720_right.jpg,0,No DR
2722,left,2722_left.jpg,C:\Users\sures\.cache\kagglehub\datasets\andrewmvd\ocular-disease-recognition-odir5k\versions\2\ODIR-5K\ODIR-5K\Training Images\2722_left.jpg,0,No DR
2722,right,2722_right.jpg,C:\Users\sures\.cache\kagglehub\datasets\andrewmvd\ocular-disease-recognition-odir5k\versions\2\ODIR-5K\ODIR-5K\Training Images\2722_right.jpg,0,No DR
2723,left,2723_left.jpg,C:\Users\sures\.cache\kagglehub\datasets\andrewmvd\ocular-disease-recognition-odir5k\versions\2\ODIR-5K\ODIR-5K\Training Images\2723_left.jpg,0,No DR
2723,right,2723_right.jpg,C:\Users\sures\.cache\kagglehub\datasets\andrewmvd\ocular-disease-recognition-odir5k\versions\2\ODIR-5K\ODIR-5K\Training Images\2723_right.jpg,0,No DR
2726,left,2726_left.jpg,C:\Users\sures\.cache\kagglehub\datasets\andrewmvd\ocular-disease-recognition-odir5k\versions\2\ODIR-5K\ODIR-5K\Training Images\2726_left.jpg,0,No DR
2726,right,2726_right.jpg,C:\Users\sures\.cache\kagglehub\datasets\andrewmvd\ocular-disease-recognition-odir5k\versions\2\ODIR-5K\ODIR-5K\Training Images\2726_right.jpg,0,No DR
2728,left,2728_left.jpg,C:\Users\sures\.cache\kagglehub\datasets\andrewmvd\ocular-disease-recognition-odir5k\versions\2\ODIR-5K\ODIR-5K\Training Images\2728_left.jpg,0,No DR
2728,right,2728_right.jpg,C:\Users\sures\.cache\kagglehub\datasets\andrewmvd\ocular-disease-recognition-odir5k\versions\2\ODIR-5K\ODIR-5K\Training Images\2728_right.jpg,0,No DR
2730,left,2730_left.jpg,C:\Users\sures\.cache\kagglehub\datasets\andrewmvd\ocular-disease-recognition-odir5k\versions\2\ODIR-5K\ODIR-5K\Training Images\2730_left.jpg,0,No DR
2730,right,2730_right.jpg,C:\Users\sures\.cache\kagglehub\datasets\andrewmvd\ocular-disease-recognition-odir5k\versions\2\ODIR-5K\ODIR-5K\Training Images\2730_right.jpg,0,No DR
2731,left,2731_left.jpg,C:\Users\sures\.cache\kagglehub\datasets\andrewmvd\ocular-disease-recognition-odir5k\versions\2\ODIR-5K\ODIR-5K\Training Images\2731_left.jpg,0,No DR
2731,right,2731_right.jpg,C:\Users\sures\.cache\kagglehub\datasets\andrewmvd\ocular-disease-recognition-odir5k\versions\2\ODIR-5K\ODIR-5K\Training Images\2731_right.jpg,0,No DR
2733,left,2733_left.jpg,C:\Users\sures\.cache\kagglehub\datasets\andrewmvd\ocular-disease-recognition-odir5k\versions\2\ODIR-5K\ODIR-5K\Training Images\2733_left.jpg,0,No DR
2733,right,2733_right.jpg,C:\Users\sures\.cache\kagglehub\datasets\andrewmvd\ocular-disease-recognition-odir5k\versions\2\ODIR-5K\ODIR-5K\Training Images\2733_right.jpg,0,No DR
2736,left,2736_left.jpg,C:\Users\sures\.cache\kagglehub\datasets\andrewmvd\ocular-disease-recognition-odir5k\versions\2\ODIR-5K\ODIR-5K\Training Images\2736_left.jpg,0,No DR
2736,right,2736_right.jpg,C:\Users\sures\.cache\kagglehub\datasets\andrewmvd\ocular-disease-recognition-odir5k\versions\2\ODIR-5K\ODIR-5K\Training Images\2736_right.jpg,0,No DR
2737,left,2737_left.jpg,C:\Users\sures\.cache\kagglehub\datasets\andrewmvd\ocular-disease-recognition-odir5k\versions\2\ODIR-5K\ODIR-5K\Training Images\2737_left.jpg,0,No DR
2737,right,2737_right.jpg,C:\Users\sures\.cache\kagglehub\datasets\andrewmvd\ocular-disease-recognition-odir5k\versions\2\ODIR-5K\ODIR-5K\Training Images\2737_right.jpg,0,No DR
2740,left,2740_left.jpg,C:\Users\sures\.cache\kagglehub\datasets\andrewmvd\ocular-disease-recognition-odir5k\versions\2\ODIR-5K\ODIR-5K\Training Images\2740_left.jpg,0,No DR
2740,right,2740_right.jpg,C:\Users\sures\.cache\kagglehub\datasets\andrewmvd\ocular-disease-recognition-odir5k\versions\2\ODIR-5K\ODIR-5K\Training Images\2740_right.jpg,0,No DR
2742,left,2742_left.jpg,C:\Users\sures\.cache\kagglehub\datasets\andrewmvd\ocular-disease-recognition-odir5k\versions\2\ODIR-5K\ODIR-5K\Training Images\2742_left.jpg,0,No DR
2742,right,2742_right.jpg,C:\Users\sures\.cache\kagglehub\datasets\andrewmvd\ocular-disease-recognition-odir5k\versions\2\ODIR-5K\ODIR-5K\Training Images\2742_right.jpg,0,No DR
2745,left,2745_left.jpg,C:\Users\sures\.cache\kagglehub\datasets\andrewmvd\ocular-disease-recognition-odir5k\versions\2\ODIR-5K\ODIR-5K\Training Images\2745_left.jpg,0,No DR
2745,right,2745_right.jpg,C:\Users\sures\.cache\kagglehub\datasets\andrewmvd\ocular-disease-recognition-odir5k\versions\2\ODIR-5K\ODIR-5K\Training Images\2745_right.jpg,0,No DR
2748,left,2748_left.jpg,C:\Users\sures\.cache\kagglehub\datasets\andrewmvd\ocular-disease-recognition-odir5k\versions\2\ODIR-5K\ODIR-5K\Training Images\2748_left.jpg,0,No DR
2748,right,2748_right.jpg,C:\Users\sures\.cache\kagglehub\datasets\andrewmvd\ocular-disease-recognition-odir5k\versions\2\ODIR-5K\ODIR-5K\Training Images\2748_right.jpg,0,No DR
2749,left,2749_left.jpg,C:\Users\sures\.cache\kagglehub\datasets\andrewmvd\ocular-disease-recognition-odir5k\versions\2\ODIR-5K\ODIR-5K\Training Images\2749_left.jpg,0,No DR
2749,right,2749_right.jpg,C:\Users\sures\.cache\kagglehub\datasets\andrewmvd\ocular-disease-recognition-odir5k\versions\2\ODIR-5K\ODIR-5K\Training Images\2749_right.jpg,0,No DR
2751,left,2751_left.jpg,C:\Users\sures\.cache\kagglehub\datasets\andrewmvd\ocular-disease-recognition-odir5k\versions\2\ODIR-5K\ODIR-5K\Training Images\2751_left.jpg,0,No DR
2751,right,2751_right.jpg,C:\Users\sures\.cache\kagglehub\datasets\andrewmvd\ocular-disease-recognition-odir5k\versions\2\ODIR-5K\ODIR-5K\Training Images\2751_right.jpg,0,No DR
2752,left,2752_left.jpg,C:\Users\sures\.cache\kagglehub\datasets\andrewmvd\ocular-disease-recognition-odir5k\versions\2\ODIR-5K\ODIR-5K\Training Images\2752_left.jpg,0,No DR
2752,right,2752_right.jpg,C:\Users\sures\.cache\kagglehub\datasets\andrewmvd\ocular-disease-recognition-odir5k\versions\2\ODIR-5K\ODIR-5K\Training Images\2752_right.jpg,0,No DR
2753,left,2753_left.jpg,C:\Users\sures\.cache\kagglehub\datasets\andrewmvd\ocular-disease-recognition-odir5k\versions\2\ODIR-5K\ODIR-5K\Training Images\2753_left.jpg,0,No DR
2753,right,2753_right.jpg,C:\Users\sures\.cache\kagglehub\datasets\andrewmvd\ocular-disease-recognition-odir5k\versions\2\ODIR-5K\ODIR-5K\Training Images\2753_right.jpg,0,No DR
2754,left,2754_left.jpg,C:\Users\sures\.cache\kagglehub\datasets\andrewmvd\ocular-disease-recognition-odir5k\versions\2\ODIR-5K\ODIR-5K\Training Images\2754_left.jpg,0,No DR
2754,right,2754_right.jpg,C:\Users\sures\.cache\kagglehub\datasets\andrewmvd\ocular-disease-recognition-odir5k\versions\2\ODIR-5K\ODIR-5K\Training Images\2754_right.jpg,0,No DR
2755,left,2755_left.jpg,C:\Users\sures\.cache\kagglehub\datasets\andrewmvd\ocular-disease-recognition-odir5k\versions\2\ODIR-5K\ODIR-5K\Training Images\2755_left.jpg,0,No DR
2755,right,2755_right.jpg,C:\Users\sures\.cache\kagglehub\datasets\andrewmvd\ocular-disease-recognition-odir5k\versions\2\ODIR-5K\ODIR-5K\Training Images\2755_right.jpg,0,No DR
2756,left,2756_left.jpg,C:\Users\sures\.cache\kagglehub\datasets\andrewmvd\ocular-disease-recognition-odir5k\versions\2\ODIR-5K\ODIR-5K\Training Images\2756_left.jpg,0,No DR
2756,right,2756_right.jpg,C:\Users\sures\.cache\kagglehub\datasets\andrewmvd\ocular-disease-recognition-odir5k\versions\2\ODIR-5K\ODIR-5K\Training Images\2756_right.jpg,0,No DR
2758,left,2758_left.jpg,C:\Users\sures\.cache\kagglehub\datasets\andrewmvd\ocular-disease-recognition-odir5k\versions\2\ODIR-5K\ODIR-5K\Training Images\2758_left.jpg,0,No DR
2758,right,2758_right.jpg,C:\Users\sures\.cache\kagglehub\datasets\andrewmvd\ocular-disease-recognition-odir5k\versions\2\ODIR-5K\ODIR-5K\Training Images\2758_right.jpg,0,No DR
2760,left,2760_left.jpg,C:\Users\sures\.cache\kagglehub\datasets\andrewmvd\ocular-disease-recognition-odir5k\versions\2\ODIR-5K\ODIR-5K\Training Images\2760_left.jpg,0,No DR
2760,right,2760_right.jpg,C:\Users\sures\.cache\kagglehub\datasets\andrewmvd\ocular-disease-recognition-odir5k\versions\2\ODIR-5K\ODIR-5K\Training Images\2760_right.jpg,0,No DR
2762,left,2762_left.jpg,C:\Users\sures\.cache\kagglehub\datasets\andrewmvd\ocular-disease-recognition-odir5k\versions\2\ODIR-5K\ODIR-5K\Training Images\2762_left.jpg,0,No DR
2762,right,2762_right.jpg,C:\Users\sures\.cache\kagglehub\datasets\andrewmvd\ocular-disease-recognition-odir5k\versions\2\ODIR-5K\ODIR-5K\Training Images\2762_right.jpg,0,No DR
2763,left,2763_left.jpg,C:\Users\sures\.cache\kagglehub\datasets\andrewmvd\ocular-disease-recognition-odir5k\versions\2\ODIR-5K\ODIR-5K\Training Images\2763_left.jpg,0,No DR
2763,right,2763_right.jpg,C:\Users\sures\.cache\kagglehub\datasets\andrewmvd\ocular-disease-recognition-odir5k\versions\2\ODIR-5K\ODIR-5K\Training Images\2763_right.jpg,0,No DR
2764,left,2764_left.jpg,C:\Users\sures\.cache\kagglehub\datasets\andrewmvd\ocular-disease-recognition-odir5k\versions\2\ODIR-5K\ODIR-5K\Training Images\2764_left.jpg,0,No DR
2764,right,2764_right.jpg,C:\Users\sures\.cache\kagglehub\datasets\andrewmvd\ocular-disease-recognition-odir5k\versions\2\ODIR-5K\ODIR-5K\Training Images\2764_right.jpg,0,No DR
2765,left,2765_left.jpg,C:\Users\sures\.cache\kagglehub\datasets\andrewmvd\ocular-disease-recognition-odir5k\versions\2\ODIR-5K\ODIR-5K\Training Images\2765_left.jpg,0,No DR
2765,right,2765_right.jpg,C:\Users\sures\.cache\kagglehub\datasets\andrewmvd\ocular-disease-recognition-odir5k\versions\2\ODIR-5K\ODIR-5K\Training Images\2765_right.jpg,0,No DR
2766,left,2766_left.jpg,C:\Users\sures\.cache\kagglehub\datasets\andrewmvd\ocular-disease-recognition-odir5k\versions\2\ODIR-5K\ODIR-5K\Training Images\2766_left.jpg,0,No DR
2766,right,2766_right.jpg,C:\Users\sures\.cache\kagglehub\datasets\andrewmvd\ocular-disease-recognition-odir5k\versions\2\ODIR-5K\ODIR-5K\Training Images\2766_right.jpg,0,No DR
2768,left,2768_left.jpg,C:\Users\sures\.cache\kagglehub\datasets\andrewmvd\ocular-disease-recognition-odir5k\versions\2\ODIR-5K\ODIR-5K\Training Images\2768_left.jpg,0,No DR
2768,right,2768_right.jpg,C:\Users\sures\.cache\kagglehub\datasets\andrewmvd\ocular-disease-recognition-odir5k\versions\2\ODIR-5K\ODIR-5K\Training Images\2768_right.jpg,0,No DR
2769,left,2769_left.jpg,C:\Users\sures\.cache\kagglehub\datasets\andrewmvd\ocular-disease-recognition-odir5k\versions\2\ODIR-5K\ODIR-5K\Training Images\2769_left.jpg,0,No DR
2769,right,2769_right.jpg,C:\Users\sures\.cache\kagglehub\datasets\andrewmvd\ocular-disease-recognition-odir5k\versions\2\ODIR-5K\ODIR-5K\Training Images\2769_right.jpg,0,No DR
2772,left,2772_left.jpg,C:\Users\sures\.cache\kagglehub\datasets\andrewmvd\ocular-disease-recognition-odir5k\versions\2\ODIR-5K\ODIR-5K\Training Images\2772_left.jpg,0,No DR
2772,right,2772_right.jpg,C:\Users\sures\.cache\kagglehub\datasets\andrewmvd\ocular-disease-recognition-odir5k\versions\2\ODIR-5K\ODIR-5K\Training Images\2772_right.jpg,0,No DR
2773,left,2773_left.jpg,C:\Users\sures\.cache\kagglehub\datasets\andrewmvd\ocular-disease-recognition-odir5k\versions\2\ODIR-5K\ODIR-5K\Training Images\2773_left.jpg,0,No DR
2773,right,2773_right.jpg,C:\Users\sures\.cache\kagglehub\datasets\andrewmvd\ocular-disease-recognition-odir5k\versions\2\ODIR-5K\ODIR-5K\Training Images\2773_right.jpg,0,No DR
2774,left,2774_left.jpg,C:\Users\sures\.cache\kagglehub\datasets\andrewmvd\ocular-disease-recognition-odir5k\versions\2\ODIR-5K\ODIR-5K\Training Images\2774_left.jpg,0,No DR
2774,right,2774_right.jpg,C:\Users\sures\.cache\kagglehub\datasets\andrewmvd\ocular-disease-recognition-odir5k\versions\2\ODIR-5K\ODIR-5K\Training Images\2774_right.jpg,0,No DR
2776,left,2776_left.jpg,C:\Users\sures\.cache\kagglehub\datasets\andrewmvd\ocular-disease-recognition-odir5k\versions\2\ODIR-5K\ODIR-5K\Training Images\2776_left.jpg,0,No DR
2776,right,2776_right.jpg,C:\Users\sures\.cache\kagglehub\datasets\andrewmvd\ocular-disease-recognition-odir5k\versions\2\ODIR-5K\ODIR-5K\Training Images\2776_right.jpg,0,No DR
2777,left,2777_left.jpg,C:\Users\sures\.cache\kagglehub\datasets\andrewmvd\ocular-disease-recognition-odir5k\versions\2\ODIR-5K\ODIR-5K\Training Images\2777_left.jpg,0,No DR
2777,right,2777_right.jpg,C:\Users\sures\.cache\kagglehub\datasets\andrewmvd\ocular-disease-recognition-odir5k\versions\2\ODIR-5K\ODIR-5K\Training Images\2777_right.jpg,0,No DR
2778,left,2778_left.jpg,C:\Users\sures\.cache\kagglehub\datasets\andrewmvd\ocular-disease-recognition-odir5k\versions\2\ODIR-5K\ODIR-5K\Training Images\2778_left.jpg,0,No DR
2778,right,2778_right.jpg,C:\Users\sures\.cache\kagglehub\datasets\andrewmvd\ocular-disease-recognition-odir5k\versions\2\ODIR-5K\ODIR-5K\Training Images\2778_right.jpg,0,No DR
2781,left,2781_left.jpg,C:\Users\sures\.cache\kagglehub\datasets\andrewmvd\ocular-disease-recognition-odir5k\versions\2\ODIR-5K\ODIR-5K\Training Images\2781_left.jpg,0,No DR
2781,right,2781_right.jpg,C:\Users\sures\.cache\kagglehub\datasets\andrewmvd\ocular-disease-recognition-odir5k\versions\2\ODIR-5K\ODIR-5K\Training Images\2781_right.jpg,0,No DR
2782,left,2782_left.jpg,C:\Users\sures\.cache\kagglehub\datasets\andrewmvd\ocular-disease-recognition-odir5k\versions\2\ODIR-5K\ODIR-5K\Training Images\2782_left.jpg,0,No DR
2782,right,2782_right.jpg,C:\Users\sures\.cache\kagglehub\datasets\andrewmvd\ocular-disease-recognition-odir5k\versions\2\ODIR-5K\ODIR-5K\Training Images\2782_right.jpg,0,No DR
2783,left,2783_left.jpg,C:\Users\sures\.cache\kagglehub\datasets\andrewmvd\ocular-disease-recognition-odir5k\versions\2\ODIR-5K\ODIR-5K\Training Images\2783_left.jpg,0,No DR
2783,right,2783_right.jpg,C:\Users\sures\.cache\kagglehub\datasets\andrewmvd\ocular-disease-recognition-odir5k\versions\2\ODIR-5K\ODIR-5K\Training Images\2783_right.jpg,0,No DR
2784,left,2784_left.jpg,C:\Users\sures\.cache\kagglehub\datasets\andrewmvd\ocular-disease-recognition-odir5k\versions\2\ODIR-5K\ODIR-5K\Training Images\2784_left.jpg,0,No DR
2784,right,2784_right.jpg,C:\Users\sures\.cache\kagglehub\datasets\andrewmvd\ocular-disease-recognition-odir5k\versions\2\ODIR-5K\ODIR-5K\Training Images\2784_right.jpg,0,No DR
2785,left,2785_left.jpg,C:\Users\sures\.cache\kagglehub\datasets\andrewmvd\ocular-disease-recognition-odir5k\versions\2\ODIR-5K\ODIR-5K\Training Images\2785_left.jpg,0,No DR
2785,right,2785_right.jpg,C:\Users\sures\.cache\kagglehub\datasets\andrewmvd\ocular-disease-recognition-odir5k\versions\2\ODIR-5K\ODIR-5K\Training Images\2785_right.jpg,0,No DR
2786,left,2786_left.jpg,C:\Users\sures\.cache\kagglehub\datasets\andrewmvd\ocular-disease-recognition-odir5k\versions\2\ODIR-5K\ODIR-5K\Training Images\2786_left.jpg,0,No DR
2786,right,2786_right.jpg,C:\Users\sures\.cache\kagglehub\datasets\andrewmvd\ocular-disease-recognition-odir5k\versions\2\ODIR-5K\ODIR-5K\Training Images\2786_right.jpg,0,No DR
2787,left,2787_left.jpg,C:\Users\sures\.cache\kagglehub\datasets\andrewmvd\ocular-disease-recognition-odir5k\versions\2\ODIR-5K\ODIR-5K\Training Images\2787_left.jpg,0,No DR
2787,right,2787_right.jpg,C:\Users\sures\.cache\kagglehub\datasets\andrewmvd\ocular-disease-recognition-odir5k\versions\2\ODIR-5K\ODIR-5K\Training Images\2787_right.jpg,0,No DR
2788,left,2788_left.jpg,C:\Users\sures\.cache\kagglehub\datasets\andrewmvd\ocular-disease-recognition-odir5k\versions\2\ODIR-5K\ODIR-5K\Training Images\2788_left.jpg,0,No DR
2788,right,2788_right.jpg,C:\Users\sures\.cache\kagglehub\datasets\andrewmvd\ocular-disease-recognition-odir5k\versions\2\ODIR-5K\ODIR-5K\Training Images\2788_right.jpg,0,No DR
2789,left,2789_left.jpg,C:\Users\sures\.cache\kagglehub\datasets\andrewmvd\ocular-disease-recognition-odir5k\versions\2\ODIR-5K\ODIR-5K\Training Images\2789_left.jpg,0,No DR
2789,right,2789_right.jpg,C:\Users\sures\.cache\kagglehub\datasets\andrewmvd\ocular-disease-recognition-odir5k\versions\2\ODIR-5K\ODIR-5K\Training Images\2789_right.jpg,0,No DR
2795,left,2795_left.jpg,C:\Users\sures\.cache\kagglehub\datasets\andrewmvd\ocular-disease-recognition-odir5k\versions\2\ODIR-5K\ODIR-5K\Training Images\2795_left.jpg,0,No DR
2795,right,2795_right.jpg,C:\Users\sures\.cache\kagglehub\datasets\andrewmvd\ocular-disease-recognition-odir5k\versions\2\ODIR-5K\ODIR-5K\Training Images\2795_right.jpg,0,No DR
2796,left,2796_left.jpg,C:\Users\sures\.cache\kagglehub\datasets\andrewmvd\ocular-disease-recognition-odir5k\versions\2\ODIR-5K\ODIR-5K\Training Images\2796_left.jpg,0,No DR
2796,right,2796_right.jpg,C:\Users\sures\.cache\kagglehub\datasets\andrewmvd\ocular-disease-recognition-odir5k\versions\2\ODIR-5K\ODIR-5K\Training Images\2796_right.jpg,0,No DR
2797,left,2797_left.jpg,C:\Users\sures\.cache\kagglehub\datasets\andrewmvd\ocular-disease-recognition-odir5k\versions\2\ODIR-5K\ODIR-5K\Training Images\2797_left.jpg,0,No DR
2797,right,2797_right.jpg,C:\Users\sures\.cache\kagglehub\datasets\andrewmvd\ocular-disease-recognition-odir5k\versions\2\ODIR-5K\ODIR-5K\Training Images\2797_right.jpg,0,No DR
2799,left,2799_left.jpg,C:\Users\sures\.cache\kagglehub\datasets\andrewmvd\ocular-disease-recognition-odir5k\versions\2\ODIR-5K\ODIR-5K\Training Images\2799_left.jpg,0,No DR
2799,right,2799_right.jpg,C:\Users\sures\.cache\kagglehub\datasets\andrewmvd\ocular-disease-recognition-odir5k\versions\2\ODIR-5K\ODIR-5K\Training Images\2799_right.jpg,0,No DR
2800,left,2800_left.jpg,C:\Users\sures\.cache\kagglehub\datasets\andrewmvd\ocular-disease-recognition-odir5k\versions\2\ODIR-5K\ODIR-5K\Training Images\2800_left.jpg,0,No DR
2800,right,2800_right.jpg,C:\Users\sures\.cache\kagglehub\datasets\andrewmvd\ocular-disease-recognition-odir5k\versions\2\ODIR-5K\ODIR-5K\Training Images\2800_right.jpg,0,No DR
2801,left,2801_left.jpg,C:\Users\sures\.cache\kagglehub\datasets\andrewmvd\ocular-disease-recognition-odir5k\versions\2\ODIR-5K\ODIR-5K\Training Images\2801_left.jpg,0,No DR
2801,right,2801_right.jpg,C:\Users\sures\.cache\kagglehub\datasets\andrewmvd\ocular-disease-recognition-odir5k\versions\2\ODIR-5K\ODIR-5K\Training Images\2801_right.jpg,0,No DR
2802,left,2802_left.jpg,C:\Users\sures\.cache\kagglehub\datasets\andrewmvd\ocular-disease-recognition-odir5k\versions\2\ODIR-5K\ODIR-5K\Training Images\2802_left.jpg,0,No DR
2802,right,2802_right.jpg,C:\Users\sures\.cache\kagglehub\datasets\andrewmvd\ocular-disease-recognition-odir5k\versions\2\ODIR-5K\ODIR-5K\Training Images\2802_right.jpg,0,No DR
2807,left,2807_left.jpg,C:\Users\sures\.cache\kagglehub\datasets\andrewmvd\ocular-disease-recognition-odir5k\versions\2\ODIR-5K\ODIR-5K\Training Images\2807_left.jpg,0,No DR
2807,right,2807_right.jpg,C:\Users\sures\.cache\kagglehub\datasets\andrewmvd\ocular-disease-recognition-odir5k\versions\2\ODIR-5K\ODIR-5K\Training Images\2807_right.jpg,0,No DR
2808,left,2808_left.jpg,C:\Users\sures\.cache\kagglehub\datasets\andrewmvd\ocular-disease-recognition-odir5k\versions\2\ODIR-5K\ODIR-5K\Training Images\2808_left.jpg,0,No DR
2808,right,2808_right.jpg,C:\Users\sures\.cache\kagglehub\datasets\andrewmvd\ocular-disease-recognition-odir5k\versions\2\ODIR-5K\ODIR-5K\Training Images\2808_right.jpg,0,No DR
2809,left,2809_left.jpg,C:\Users\sures\.cache\kagglehub\datasets\andrewmvd\ocular-disease-recognition-odir5k\versions\2\ODIR-5K\ODIR-5K\Training Images\2809_left.jpg,0,No DR
2809,right,2809_right.jpg,C:\Users\sures\.cache\kagglehub\datasets\andrewmvd\ocular-disease-recognition-odir5k\versions\2\ODIR-5K\ODIR-5K\Training Images\2809_right.jpg,0,No DR
2810,left,2810_left.jpg,C:\Users\sures\.cache\kagglehub\datasets\andrewmvd\ocular-disease-recognition-odir5k\versions\2\ODIR-5K\ODIR-5K\Training Images\2810_left.jpg,0,No DR
2810,right,2810_right.jpg,C:\Users\sures\.cache\kagglehub\datasets\andrewmvd\ocular-disease-recognition-odir5k\versions\2\ODIR-5K\ODIR-5K\Training Images\2810_right.jpg,0,No DR
2812,left,2812_left.jpg,C:\Users\sures\.cache\kagglehub\datasets\andrewmvd\ocular-disease-recognition-odir5k\versions\2\ODIR-5K\ODIR-5K\Training Images\2812_left.jpg,0,No DR
2812,right,2812_right.jpg,C:\Users\sures\.cache\kagglehub\datasets\andrewmvd\ocular-disease-recognition-odir5k\versions\2\ODIR-5K\ODIR-5K\Training Images\2812_right.jpg,0,No DR
2815,left,2815_left.jpg,C:\Users\sures\.cache\kagglehub\datasets\andrewmvd\ocular-disease-recognition-odir5k\versions\2\ODIR-5K\ODIR-5K\Training Images\2815_left.jpg,0,No DR
2815,right,2815_right.jpg,C:\Users\sures\.cache\kagglehub\datasets\andrewmvd\ocular-disease-recognition-odir5k\versions\2\ODIR-5K\ODIR-5K\Training Images\2815_right.jpg,0,No DR
2817,left,2817_left.jpg,C:\Users\sures\.cache\kagglehub\datasets\andrewmvd\ocular-disease-recognition-odir5k\versions\2\ODIR-5K\ODIR-5K\Training Images\2817_left.jpg,0,No DR
2817,right,2817_right.jpg,C:\Users\sures\.cache\kagglehub\datasets\andrewmvd\ocular-disease-recognition-odir5k\versions\2\ODIR-5K\ODIR-5K\Training Images\2817_right.jpg,0,No DR
2819,left,2819_left.jpg,C:\Users\sures\.cache\kagglehub\datasets\andrewmvd\ocular-disease-recognition-odir5k\versions\2\ODIR-5K\ODIR-5K\Training Images\2819_left.jpg,0,No DR
2819,right,2819_right.jpg,C:\Users\sures\.cache\kagglehub\datasets\andrewmvd\ocular-disease-recognition-odir5k\versions\2\ODIR-5K\ODIR-5K\Training Images\2819_right.jpg,0,No DR
2820,left,2820_left.jpg,C:\Users\sures\.cache\kagglehub\datasets\andrewmvd\ocular-disease-recognition-odir5k\versions\2\ODIR-5K\ODIR-5K\Training Images\2820_left.jpg,0,No DR
2820,right,2820_right.jpg,C:\Users\sures\.cache\kagglehub\datasets\andrewmvd\ocular-disease-recognition-odir5k\versions\2\ODIR-5K\ODIR-5K\Training Images\2820_right.jpg,0,No DR
2821,left,2821_left.jpg,C:\Users\sures\.cache\kagglehub\datasets\andrewmvd\ocular-disease-recognition-odir5k\versions\2\ODIR-5K\ODIR-5K\Training Images\2821_left.jpg,0,No DR
2821,right,2821_right.jpg,C:\Users\sures\.cache\kagglehub\datasets\andrewmvd\ocular-disease-recognition-odir5k\versions\2\ODIR-5K\ODIR-5K\Training Images\2821_right.jpg,0,No DR
2822,left,2822_left.jpg,C:\Users\sures\.cache\kagglehub\datasets\andrewmvd\ocular-disease-recognition-odir5k\versions\2\ODIR-5K\ODIR-5K\Training Images\2822_left.jpg,0,No DR
2822,right,2822_right.jpg,C:\Users\sures\.cache\kagglehub\datasets\andrewmvd\ocular-disease-recognition-odir5k\versions\2\ODIR-5K\ODIR-5K\Training Images\2822_right.jpg,0,No DR
2823,left,2823_left.jpg,C:\Users\sures\.cache\kagglehub\datasets\andrewmvd\ocular-disease-recognition-odir5k\versions\2\ODIR-5K\ODIR-5K\Training Images\2823_left.jpg,0,No DR
2823,right,2823_right.jpg,C:\Users\sures\.cache\kagglehub\datasets\andrewmvd\ocular-disease-recognition-odir5k\versions\2\ODIR-5K\ODIR-5K\Training Images\2823_right.jpg,0,No DR
2825,left,2825_left.jpg,C:\Users\sures\.cache\kagglehub\datasets\andrewmvd\ocular-disease-recognition-odir5k\versions\2\ODIR-5K\ODIR-5K\Training Images\2825_left.jpg,0,No DR
2825,right,2825_right.jpg,C:\Users\sures\.cache\kagglehub\datasets\andrewmvd\ocular-disease-recognition-odir5k\versions\2\ODIR-5K\ODIR-5K\Training Images\2825_right.jpg,0,No DR
2826,left,2826_left.jpg,C:\Users\sures\.cache\kagglehub\datasets\andrewmvd\ocular-disease-recognition-odir5k\versions\2\ODIR-5K\ODIR-5K\Training Images\2826_left.jpg,0,No DR
2826,right,2826_right.jpg,C:\Users\sures\.cache\kagglehub\datasets\andrewmvd\ocular-disease-recognition-odir5k\versions\2\ODIR-5K\ODIR-5K\Training Images\2826_right.jpg,0,No DR
2827,left,2827_left.jpg,C:\Users\sures\.cache\kagglehub\datasets\andrewmvd\ocular-disease-recognition-odir5k\versions\2\ODIR-5K\ODIR-5K\Training Images\2827_left.jpg,0,No DR
2827,right,2827_right.jpg,C:\Users\sures\.cache\kagglehub\datasets\andrewmvd\ocular-disease-recognition-odir5k\versions\2\ODIR-5K\ODIR-5K\Training Images\2827_right.jpg,0,No DR
2829,left,2829_left.jpg,C:\Users\sures\.cache\kagglehub\datasets\andrewmvd\ocular-disease-recognition-odir5k\versions\2\ODIR-5K\ODIR-5K\Training Images\2829_left.jpg,0,No DR
2829,right,2829_right.jpg,C:\Users\sures\.cache\kagglehub\datasets\andrewmvd\ocular-disease-recognition-odir5k\versions\2\ODIR-5K\ODIR-5K\Training Images\2829_right.jpg,0,No DR
2830,left,2830_left.jpg,C:\Users\sures\.cache\kagglehub\datasets\andrewmvd\ocular-disease-recognition-odir5k\versions\2\ODIR-5K\ODIR-5K\Training Images\2830_left.jpg,0,No DR
2830,right,2830_right.jpg,C:\Users\sures\.cache\kagglehub\datasets\andrewmvd\ocular-disease-recognition-odir5k\versions\2\ODIR-5K\ODIR-5K\Training Images\2830_right.jpg,0,No DR
2832,left,2832_left.jpg,C:\Users\sures\.cache\kagglehub\datasets\andrewmvd\ocular-disease-recognition-odir5k\versions\2\ODIR-5K\ODIR-5K\Training Images\2832_left.jpg,0,No DR
2832,right,2832_right.jpg,C:\Users\sures\.cache\kagglehub\datasets\andrewmvd\ocular-disease-recognition-odir5k\versions\2\ODIR-5K\ODIR-5K\Training Images\2832_right.jpg,0,No DR
2834,left,2834_left.jpg,C:\Users\sures\.cache\kagglehub\datasets\andrewmvd\ocular-disease-recognition-odir5k\versions\2\ODIR-5K\ODIR-5K\Training Images\2834_left.jpg,0,No DR
2834,right,2834_right.jpg,C:\Users\sures\.cache\kagglehub\datasets\andrewmvd\ocular-disease-recognition-odir5k\versions\2\ODIR-5K\ODIR-5K\Training Images\2834_right.jpg,0,No DR
2836,left,2836_left.jpg,C:\Users\sures\.cache\kagglehub\datasets\andrewmvd\ocular-disease-recognition-odir5k\versions\2\ODIR-5K\ODIR-5K\Training Images\2836_left.jpg,0,No DR
2836,right,2836_right.jpg,C:\Users\sures\.cache\kagglehub\datasets\andrewmvd\ocular-disease-recognition-odir5k\versions\2\ODIR-5K\ODIR-5K\Training Images\2836_right.jpg,0,No DR
2837,left,2837_left.jpg,C:\Users\sures\.cache\kagglehub\datasets\andrewmvd\ocular-disease-recognition-odir5k\versions\2\ODIR-5K\ODIR-5K\Training Images\2837_left.jpg,0,No DR
2837,right,2837_right.jpg,C:\Users\sures\.cache\kagglehub\datasets\andrewmvd\ocular-disease-recognition-odir5k\versions\2\ODIR-5K\ODIR-5K\Training Images\2837_right.jpg,0,No DR
2838,left,2838_left.jpg,C:\Users\sures\.cache\kagglehub\datasets\andrewmvd\ocular-disease-recognition-odir5k\versions\2\ODIR-5K\ODIR-5K\Training Images\2838_left.jpg,0,No DR
2838,right,2838_right.jpg,C:\Users\sures\.cache\kagglehub\datasets\andrewmvd\ocular-disease-recognition-odir5k\versions\2\ODIR-5K\ODIR-5K\Training Images\2838_right.jpg,0,No DR
2839,left,2839_left.jpg,C:\Users\sures\.cache\kagglehub\datasets\andrewmvd\ocular-disease-recognition-odir5k\versions\2\ODIR-5K\ODIR-5K\Training Images\2839_left.jpg,0,No DR
2839,right,2839_right.jpg,C:\Users\sures\.cache\kagglehub\datasets\andrewmvd\ocular-disease-recognition-odir5k\versions\2\ODIR-5K\ODIR-5K\Training Images\2839_right.jpg,0,No DR
2841,left,2841_left.jpg,C:\Users\sures\.cache\kagglehub\datasets\andrewmvd\ocular-disease-recognition-odir5k\versions\2\ODIR-5K\ODIR-5K\Training Images\2841_left.jpg,0,No DR
2841,right,2841_right.jpg,C:\Users\sures\.cache\kagglehub\datasets\andrewmvd\ocular-disease-recognition-odir5k\versions\2\ODIR-5K\ODIR-5K\Training Images\2841_right.jpg,0,No DR
2842,left,2842_left.jpg,C:\Users\sures\.cache\kagglehub\datasets\andrewmvd\ocular-disease-recognition-odir5k\versions\2\ODIR-5K\ODIR-5K\Training Images\2842_left.jpg,0,No DR
2842,right,2842_right.jpg,C:\Users\sures\.cache\kagglehub\datasets\andrewmvd\ocular-disease-recognition-odir5k\versions\2\ODIR-5K\ODIR-5K\Training Images\2842_right.jpg,0,No DR
2843,left,2843_left.jpg,C:\Users\sures\.cache\kagglehub\datasets\andrewmvd\ocular-disease-recognition-odir5k\versions\2\ODIR-5K\ODIR-5K\Training Images\2843_left.jpg,0,No DR
2843,right,2843_right.jpg,C:\Users\sures\.cache\kagglehub\datasets\andrewmvd\ocular-disease-recognition-odir5k\versions\2\ODIR-5K\ODIR-5K\Training Images\2843_right.jpg,0,No DR
2844,left,2844_left.jpg,C:\Users\sures\.cache\kagglehub\datasets\andrewmvd\ocular-disease-recognition-odir5k\versions\2\ODIR-5K\ODIR-5K\Training Images\2844_left.jpg,0,No DR
2844,right,2844_right.jpg,C:\Users\sures\.cache\kagglehub\datasets\andrewmvd\ocular-disease-recognition-odir5k\versions\2\ODIR-5K\ODIR-5K\Training Images\2844_right.jpg,0,No DR
2846,left,2846_left.jpg,C:\Users\sures\.cache\kagglehub\datasets\andrewmvd\ocular-disease-recognition-odir5k\versions\2\ODIR-5K\ODIR-5K\Training Images\2846_left.jpg,0,No DR
2846,right,2846_right.jpg,C:\Users\sures\.cache\kagglehub\datasets\andrewmvd\ocular-disease-recognition-odir5k\versions\2\ODIR-5K\ODIR-5K\Training Images\2846_right.jpg,0,No DR
2847,left,2847_left.jpg,C:\Users\sures\.cache\kagglehub\datasets\andrewmvd\ocular-disease-recognition-odir5k\versions\2\ODIR-5K\ODIR-5K\Training Images\2847_left.jpg,0,No DR
2847,right,2847_right.jpg,C:\Users\sures\.cache\kagglehub\datasets\andrewmvd\ocular-disease-recognition-odir5k\versions\2\ODIR-5K\ODIR-5K\Training Images\2847_right.jpg,0,No DR
2848,left,2848_left.jpg,C:\Users\sures\.cache\kagglehub\datasets\andrewmvd\ocular-disease-recognition-odir5k\versions\2\ODIR-5K\ODIR-5K\Training Images\2848_left.jpg,0,No DR
2848,right,2848_right.jpg,C:\Users\sures\.cache\kagglehub\datasets\andrewmvd\ocular-disease-recognition-odir5k\versions\2\ODIR-5K\ODIR-5K\Training Images\2848_right.jpg,0,No DR
2850,left,2850_left.jpg,C:\Users\sures\.cache\kagglehub\datasets\andrewmvd\ocular-disease-recognition-odir5k\versions\2\ODIR-5K\ODIR-5K\Training Images\2850_left.jpg,0,No DR
2850,right,2850_right.jpg,C:\Users\sures\.cache\kagglehub\datasets\andrewmvd\ocular-disease-recognition-odir5k\versions\2\ODIR-5K\ODIR-5K\Training Images\2850_right.jpg,0,No DR
2851,left,2851_left.jpg,C:\Users\sures\.cache\kagglehub\datasets\andrewmvd\ocular-disease-recognition-odir5k\versions\2\ODIR-5K\ODIR-5K\Training Images\2851_left.jpg,0,No DR
2851,right,2851_right.jpg,C:\Users\sures\.cache\kagglehub\datasets\andrewmvd\ocular-disease-recognition-odir5k\versions\2\ODIR-5K\ODIR-5K\Training Images\2851_right.jpg,0,No DR
2852,left,2852_left.jpg,C:\Users\sures\.cache\kagglehub\datasets\andrewmvd\ocular-disease-recognition-odir5k\versions\2\ODIR-5K\ODIR-5K\Training Images\2852_left.jpg,0,No DR
2852,right,2852_right.jpg,C:\Users\sures\.cache\kagglehub\datasets\andrewmvd\ocular-disease-recognition-odir5k\versions\2\ODIR-5K\ODIR-5K\Training Images\2852_right.jpg,0,No DR
2853,left,2853_left.jpg,C:\Users\sures\.cache\kagglehub\datasets\andrewmvd\ocular-disease-recognition-odir5k\versions\2\ODIR-5K\ODIR-5K\Training Images\2853_left.jpg,0,No DR
2853,right,2853_right.jpg,C:\Users\sures\.cache\kagglehub\datasets\andrewmvd\ocular-disease-recognition-odir5k\versions\2\ODIR-5K\ODIR-5K\Training Images\2853_right.jpg,0,No DR
2856,left,2856_left.jpg,C:\Users\sures\.cache\kagglehub\datasets\andrewmvd\ocular-disease-recognition-odir5k\versions\2\ODIR-5K\ODIR-5K\Training Images\2856_left.jpg,0,No DR
2856,right,2856_right.jpg,C:\Users\sures\.cache\kagglehub\datasets\andrewmvd\ocular-disease-recognition-odir5k\versions\2\ODIR-5K\ODIR-5K\Training Images\2856_right.jpg,0,No DR
2857,left,2857_left.jpg,C:\Users\sures\.cache\kagglehub\datasets\andrewmvd\ocular-disease-recognition-odir5k\versions\2\ODIR-5K\ODIR-5K\Training Images\2857_left.jpg,0,No DR
2857,right,2857_right.jpg,C:\Users\sures\.cache\kagglehub\datasets\andrewmvd\ocular-disease-recognition-odir5k\versions\2\ODIR-5K\ODIR-5K\Training Images\2857_right.jpg,0,No DR
2858,left,2858_left.jpg,C:\Users\sures\.cache\kagglehub\datasets\andrewmvd\ocular-disease-recognition-odir5k\versions\2\ODIR-5K\ODIR-5K\Training Images\2858_left.jpg,0,No DR
2858,right,2858_right.jpg,C:\Users\sures\.cache\kagglehub\datasets\andrewmvd\ocular-disease-recognition-odir5k\versions\2\ODIR-5K\ODIR-5K\Training Images\2858_right.jpg,0,No DR
2859,left,2859_left.jpg,C:\Users\sures\.cache\kagglehub\datasets\andrewmvd\ocular-disease-recognition-odir5k\versions\2\ODIR-5K\ODIR-5K\Training Images\2859_left.jpg,0,No DR
2859,right,2859_right.jpg,C:\Users\sures\.cache\kagglehub\datasets\andrewmvd\ocular-disease-recognition-odir5k\versions\2\ODIR-5K\ODIR-5K\Training Images\2859_right.jpg,0,No DR
2860,left,2860_left.jpg,C:\Users\sures\.cache\kagglehub\datasets\andrewmvd\ocular-disease-recognition-odir5k\versions\2\ODIR-5K\ODIR-5K\Training Images\2860_left.jpg,0,No DR
2860,right,2860_right.jpg,C:\Users\sures\.cache\kagglehub\datasets\andrewmvd\ocular-disease-recognition-odir5k\versions\2\ODIR-5K\ODIR-5K\Training Images\2860_right.jpg,0,No DR
2861,left,2861_left.jpg,C:\Users\sures\.cache\kagglehub\datasets\andrewmvd\ocular-disease-recognition-odir5k\versions\2\ODIR-5K\ODIR-5K\Training Images\2861_left.jpg,0,No DR
2861,right,2861_right.jpg,C:\Users\sures\.cache\kagglehub\datasets\andrewmvd\ocular-disease-recognition-odir5k\versions\2\ODIR-5K\ODIR-5K\Training Images\2861_right.jpg,0,No DR
2862,left,2862_left.jpg,C:\Users\sures\.cache\kagglehub\datasets\andrewmvd\ocular-disease-recognition-odir5k\versions\2\ODIR-5K\ODIR-5K\Training Images\2862_left.jpg,0,No DR
2862,right,2862_right.jpg,C:\Users\sures\.cache\kagglehub\datasets\andrewmvd\ocular-disease-recognition-odir5k\versions\2\ODIR-5K\ODIR-5K\Training Images\2862_right.jpg,0,No DR
2865,left,2865_left.jpg,C:\Users\sures\.cache\kagglehub\datasets\andrewmvd\ocular-disease-recognition-odir5k\versions\2\ODIR-5K\ODIR-5K\Training Images\2865_left.jpg,0,No DR
2865,right,2865_right.jpg,C:\Users\sures\.cache\kagglehub\datasets\andrewmvd\ocular-disease-recognition-odir5k\versions\2\ODIR-5K\ODIR-5K\Training Images\2865_right.jpg,0,No DR
2866,left,2866_left.jpg,C:\Users\sures\.cache\kagglehub\datasets\andrewmvd\ocular-disease-recognition-odir5k\versions\2\ODIR-5K\ODIR-5K\Training Images\2866_left.jpg,0,No DR
2866,right,2866_right.jpg,C:\Users\sures\.cache\kagglehub\datasets\andrewmvd\ocular-disease-recognition-odir5k\versions\2\ODIR-5K\ODIR-5K\Training Images\2866_right.jpg,0,No DR
2872,left,2872_left.jpg,C:\Users\sures\.cache\kagglehub\datasets\andrewmvd\ocular-disease-recognition-odir5k\versions\2\ODIR-5K\ODIR-5K\Training Images\2872_left.jpg,0,No DR
2872,right,2872_right.jpg,C:\Users\sures\.cache\kagglehub\datasets\andrewmvd\ocular-disease-recognition-odir5k\versions\2\ODIR-5K\ODIR-5K\Training Images\2872_right.jpg,0,No DR
2873,left,2873_left.jpg,C:\Users\sures\.cache\kagglehub\datasets\andrewmvd\ocular-disease-recognition-odir5k\versions\2\ODIR-5K\ODIR-5K\Training Images\2873_left.jpg,0,No DR
2873,right,2873_right.jpg,C:\Users\sures\.cache\kagglehub\datasets\andrewmvd\ocular-disease-recognition-odir5k\versions\2\ODIR-5K\ODIR-5K\Training Images\2873_right.jpg,0,No DR
2874,left,2874_left.jpg,C:\Users\sures\.cache\kagglehub\datasets\andrewmvd\ocular-disease-recognition-odir5k\versions\2\ODIR-5K\ODIR-5K\Training Images\2874_left.jpg,0,No DR
2874,right,2874_right.jpg,C:\Users\sures\.cache\kagglehub\datasets\andrewmvd\ocular-disease-recognition-odir5k\versions\2\ODIR-5K\ODIR-5K\Training Images\2874_right.jpg,0,No DR
2876,left,2876_left.jpg,C:\Users\sures\.cache\kagglehub\datasets\andrewmvd\ocular-disease-recognition-odir5k\versions\2\ODIR-5K\ODIR-5K\Training Images\2876_left.jpg,0,No DR
2876,right,2876_right.jpg,C:\Users\sures\.cache\kagglehub\datasets\andrewmvd\ocular-disease-recognition-odir5k\versions\2\ODIR-5K\ODIR-5K\Training Images\2876_right.jpg,0,No DR
2880,left,2880_left.jpg,C:\Users\sures\.cache\kagglehub\datasets\andrewmvd\ocular-disease-recognition-odir5k\versions\2\ODIR-5K\ODIR-5K\Training Images\2880_left.jpg,0,No DR
2880,right,2880_right.jpg,C:\Users\sures\.cache\kagglehub\datasets\andrewmvd\ocular-disease-recognition-odir5k\versions\2\ODIR-5K\ODIR-5K\Training Images\2880_right.jpg,0,No DR
2881,left,2881_left.jpg,C:\Users\sures\.cache\kagglehub\datasets\andrewmvd\ocular-disease-recognition-odir5k\versions\2\ODIR-5K\ODIR-5K\Training Images\2881_left.jpg,0,No DR
2881,right,2881_right.jpg,C:\Users\sures\.cache\kagglehub\datasets\andrewmvd\ocular-disease-recognition-odir5k\versions\2\ODIR-5K\ODIR-5K\Training Images\2881_right.jpg,0,No DR
2882,left,2882_left.jpg,C:\Users\sures\.cache\kagglehub\datasets\andrewmvd\ocular-disease-recognition-odir5k\versions\2\ODIR-5K\ODIR-5K\Training Images\2882_left.jpg,0,No DR
2882,right,2882_right.jpg,C:\Users\sures\.cache\kagglehub\datasets\andrewmvd\ocular-disease-recognition-odir5k\versions\2\ODIR-5K\ODIR-5K\Training Images\2882_right.jpg,0,No DR
2883,left,2883_left.jpg,C:\Users\sures\.cache\kagglehub\datasets\andrewmvd\ocular-disease-recognition-odir5k\versions\2\ODIR-5K\ODIR-5K\Training Images\2883_left.jpg,0,No DR
2883,right,2883_right.jpg,C:\Users\sures\.cache\kagglehub\datasets\andrewmvd\ocular-disease-recognition-odir5k\versions\2\ODIR-5K\ODIR-5K\Training Images\2883_right.jpg,0,No DR
2884,left,2884_left.jpg,C:\Users\sures\.cache\kagglehub\datasets\andrewmvd\ocular-disease-recognition-odir5k\versions\2\ODIR-5K\ODIR-5K\Training Images\2884_left.jpg,0,No DR
2884,right,2884_right.jpg,C:\Users\sures\.cache\kagglehub\datasets\andrewmvd\ocular-disease-recognition-odir5k\versions\2\ODIR-5K\ODIR-5K\Training Images\2884_right.jpg,0,No DR
2885,left,2885_left.jpg,C:\Users\sures\.cache\kagglehub\datasets\andrewmvd\ocular-disease-recognition-odir5k\versions\2\ODIR-5K\ODIR-5K\Training Images\2885_left.jpg,0,No DR
2885,right,2885_right.jpg,C:\Users\sures\.cache\kagglehub\datasets\andrewmvd\ocular-disease-recognition-odir5k\versions\2\ODIR-5K\ODIR-5K\Training Images\2885_right.jpg,0,No DR
2887,left,2887_left.jpg,C:\Users\sures\.cache\kagglehub\datasets\andrewmvd\ocular-disease-recognition-odir5k\versions\2\ODIR-5K\ODIR-5K\Training Images\2887_left.jpg,0,No DR
2887,right,2887_right.jpg,C:\Users\sures\.cache\kagglehub\datasets\andrewmvd\ocular-disease-recognition-odir5k\versions\2\ODIR-5K\ODIR-5K\Training Images\2887_right.jpg,0,No DR
2888,left,2888_left.jpg,C:\Users\sures\.cache\kagglehub\datasets\andrewmvd\ocular-disease-recognition-odir5k\versions\2\ODIR-5K\ODIR-5K\Training Images\2888_left.jpg,0,No DR
2888,right,2888_right.jpg,C:\Users\sures\.cache\kagglehub\datasets\andrewmvd\ocular-disease-recognition-odir5k\versions\2\ODIR-5K\ODIR-5K\Training Images\2888_right.jpg,0,No DR
2889,left,2889_left.jpg,C:\Users\sures\.cache\kagglehub\datasets\andrewmvd\ocular-disease-recognition-odir5k\versions\2\ODIR-5K\ODIR-5K\Training Images\2889_left.jpg,0,No DR
2889,right,2889_right.jpg,C:\Users\sures\.cache\kagglehub\datasets\andrewmvd\ocular-disease-recognition-odir5k\versions\2\ODIR-5K\ODIR-5K\Training Images\2889_right.jpg,0,No DR
2890,left,2890_left.jpg,C:\Users\sures\.cache\kagglehub\datasets\andrewmvd\ocular-disease-recognition-odir5k\versions\2\ODIR-5K\ODIR-5K\Training Images\2890_left.jpg,0,No DR
2890,right,2890_right.jpg,C:\Users\sures\.cache\kagglehub\datasets\andrewmvd\ocular-disease-recognition-odir5k\versions\2\ODIR-5K\ODIR-5K\Training Images\2890_right.jpg,0,No DR
2892,left,2892_left.jpg,C:\Users\sures\.cache\kagglehub\datasets\andrewmvd\ocular-disease-recognition-odir5k\versions\2\ODIR-5K\ODIR-5K\Training Images\2892_left.jpg,0,No DR
2892,right,2892_right.jpg,C:\Users\sures\.cache\kagglehub\datasets\andrewmvd\ocular-disease-recognition-odir5k\versions\2\ODIR-5K\ODIR-5K\Training Images\2892_right.jpg,0,No DR
2893,left,2893_left.jpg,C:\Users\sures\.cache\kagglehub\datasets\andrewmvd\ocular-disease-recognition-odir5k\versions\2\ODIR-5K\ODIR-5K\Training Images\2893_left.jpg,0,No DR
2893,right,2893_right.jpg,C:\Users\sures\.cache\kagglehub\datasets\andrewmvd\ocular-disease-recognition-odir5k\versions\2\ODIR-5K\ODIR-5K\Training Images\2893_right.jpg,0,No DR
2895,left,2895_left.jpg,C:\Users\sures\.cache\kagglehub\datasets\andrewmvd\ocular-disease-recognition-odir5k\versions\2\ODIR-5K\ODIR-5K\Training Images\2895_left.jpg,0,No DR
2895,right,2895_right.jpg,C:\Users\sures\.cache\kagglehub\datasets\andrewmvd\ocular-disease-recognition-odir5k\versions\2\ODIR-5K\ODIR-5K\Training Images\2895_right.jpg,0,No DR
2896,left,2896_left.jpg,C:\Users\sures\.cache\kagglehub\datasets\andrewmvd\ocular-disease-recognition-odir5k\versions\2\ODIR-5K\ODIR-5K\Training Images\2896_left.jpg,0,No DR
2896,right,2896_right.jpg,C:\Users\sures\.cache\kagglehub\datasets\andrewmvd\ocular-disease-recognition-odir5k\versions\2\ODIR-5K\ODIR-5K\Training Images\2896_right.jpg,0,No DR
2897,left,2897_left.jpg,C:\Users\sures\.cache\kagglehub\datasets\andrewmvd\ocular-disease-recognition-odir5k\versions\2\ODIR-5K\ODIR-5K\Training Images\2897_left.jpg,0,No DR
2897,right,2897_right.jpg,C:\Users\sures\.cache\kagglehub\datasets\andrewmvd\ocular-disease-recognition-odir5k\versions\2\ODIR-5K\ODIR-5K\Training Images\2897_right.jpg,0,No DR
2899,left,2899_left.jpg,C:\Users\sures\.cache\kagglehub\datasets\andrewmvd\ocular-disease-recognition-odir5k\versions\2\ODIR-5K\ODIR-5K\Training Images\2899_left.jpg,0,No DR
2899,right,2899_right.jpg,C:\Users\sures\.cache\kagglehub\datasets\andrewmvd\ocular-disease-recognition-odir5k\versions\2\ODIR-5K\ODIR-5K\Training Images\2899_right.jpg,0,No DR
2900,left,2900_left.jpg,C:\Users\sures\.cache\kagglehub\datasets\andrewmvd\ocular-disease-recognition-odir5k\versions\2\ODIR-5K\ODIR-5K\Training Images\2900_left.jpg,0,No DR
2900,right,2900_right.jpg,C:\Users\sures\.cache\kagglehub\datasets\andrewmvd\ocular-disease-recognition-odir5k\versions\2\ODIR-5K\ODIR-5K\Training Images\2900_right.jpg,0,No DR
2901,left,2901_left.jpg,C:\Users\sures\.cache\kagglehub\datasets\andrewmvd\ocular-disease-recognition-odir5k\versions\2\ODIR-5K\ODIR-5K\Training Images\2901_left.jpg,0,No DR
2901,right,2901_right.jpg,C:\Users\sures\.cache\kagglehub\datasets\andrewmvd\ocular-disease-recognition-odir5k\versions\2\ODIR-5K\ODIR-5K\Training Images\2901_right.jpg,0,No DR
2902,left,2902_left.jpg,C:\Users\sures\.cache\kagglehub\datasets\andrewmvd\ocular-disease-recognition-odir5k\versions\2\ODIR-5K\ODIR-5K\Training Images\2902_left.jpg,0,No DR
2902,right,2902_right.jpg,C:\Users\sures\.cache\kagglehub\datasets\andrewmvd\ocular-disease-recognition-odir5k\versions\2\ODIR-5K\ODIR-5K\Training Images\2902_right.jpg,0,No DR
2903,left,2903_left.jpg,C:\Users\sures\.cache\kagglehub\datasets\andrewmvd\ocular-disease-recognition-odir5k\versions\2\ODIR-5K\ODIR-5K\Training Images\2903_left.jpg,0,No DR
2903,right,2903_right.jpg,C:\Users\sures\.cache\kagglehub\datasets\andrewmvd\ocular-disease-recognition-odir5k\versions\2\ODIR-5K\ODIR-5K\Training Images\2903_right.jpg,0,No DR
2904,left,2904_left.jpg,C:\Users\sures\.cache\kagglehub\datasets\andrewmvd\ocular-disease-recognition-odir5k\versions\2\ODIR-5K\ODIR-5K\Training Images\2904_left.jpg,0,No DR
2904,right,2904_right.jpg,C:\Users\sures\.cache\kagglehub\datasets\andrewmvd\ocular-disease-recognition-odir5k\versions\2\ODIR-5K\ODIR-5K\Training Images\2904_right.jpg,0,No DR
2906,left,2906_left.jpg,C:\Users\sures\.cache\kagglehub\datasets\andrewmvd\ocular-disease-recognition-odir5k\versions\2\ODIR-5K\ODIR-5K\Training Images\2906_left.jpg,0,No DR
2906,right,2906_right.jpg,C:\Users\sures\.cache\kagglehub\datasets\andrewmvd\ocular-disease-recognition-odir5k\versions\2\ODIR-5K\ODIR-5K\Training Images\2906_right.jpg,0,No DR
2908,left,2908_left.jpg,C:\Users\sures\.cache\kagglehub\datasets\andrewmvd\ocular-disease-recognition-odir5k\versions\2\ODIR-5K\ODIR-5K\Training Images\2908_left.jpg,0,No DR
2908,right,2908_right.jpg,C:\Users\sures\.cache\kagglehub\datasets\andrewmvd\ocular-disease-recognition-odir5k\versions\2\ODIR-5K\ODIR-5K\Training Images\2908_right.jpg,0,No DR
2909,left,2909_left.jpg,C:\Users\sures\.cache\kagglehub\datasets\andrewmvd\ocular-disease-recognition-odir5k\versions\2\ODIR-5K\ODIR-5K\Training Images\2909_left.jpg,0,No DR
2909,right,2909_right.jpg,C:\Users\sures\.cache\kagglehub\datasets\andrewmvd\ocular-disease-recognition-odir5k\versions\2\ODIR-5K\ODIR-5K\Training Images\2909_right.jpg,0,No DR
2914,left,2914_left.jpg,C:\Users\sures\.cache\kagglehub\datasets\andrewmvd\ocular-disease-recognition-odir5k\versions\2\ODIR-5K\ODIR-5K\Training Images\2914_left.jpg,0,No DR
2914,right,2914_right.jpg,C:\Users\sures\.cache\kagglehub\datasets\andrewmvd\ocular-disease-recognition-odir5k\versions\2\ODIR-5K\ODIR-5K\Training Images\2914_right.jpg,0,No DR
2915,left,2915_left.jpg,C:\Users\sures\.cache\kagglehub\datasets\andrewmvd\ocular-disease-recognition-odir5k\versions\2\ODIR-5K\ODIR-5K\Training Images\2915_left.jpg,0,No DR
2915,right,2915_right.jpg,C:\Users\sures\.cache\kagglehub\datasets\andrewmvd\ocular-disease-recognition-odir5k\versions\2\ODIR-5K\ODIR-5K\Training Images\2915_right.jpg,0,No DR
2917,left,2917_left.jpg,C:\Users\sures\.cache\kagglehub\datasets\andrewmvd\ocular-disease-recognition-odir5k\versions\2\ODIR-5K\ODIR-5K\Training Images\2917_left.jpg,0,No DR
2917,right,2917_right.jpg,C:\Users\sures\.cache\kagglehub\datasets\andrewmvd\ocular-disease-recognition-odir5k\versions\2\ODIR-5K\ODIR-5K\Training Images\2917_right.jpg,0,No DR
2918,left,2918_left.jpg,C:\Users\sures\.cache\kagglehub\datasets\andrewmvd\ocular-disease-recognition-odir5k\versions\2\ODIR-5K\ODIR-5K\Training Images\2918_left.jpg,0,No DR
2918,right,2918_right.jpg,C:\Users\sures\.cache\kagglehub\datasets\andrewmvd\ocular-disease-recognition-odir5k\versions\2\ODIR-5K\ODIR-5K\Training Images\2918_right.jpg,0,No DR
2919,left,2919_left.jpg,C:\Users\sures\.cache\kagglehub\datasets\andrewmvd\ocular-disease-recognition-odir5k\versions\2\ODIR-5K\ODIR-5K\Training Images\2919_left.jpg,0,No DR
2919,right,2919_right.jpg,C:\Users\sures\.cache\kagglehub\datasets\andrewmvd\ocular-disease-recognition-odir5k\versions\2\ODIR-5K\ODIR-5K\Training Images\2919_right.jpg,0,No DR
2920,left,2920_left.jpg,C:\Users\sures\.cache\kagglehub\datasets\andrewmvd\ocular-disease-recognition-odir5k\versions\2\ODIR-5K\ODIR-5K\Training Images\2920_left.jpg,0,No DR
2920,right,2920_right.jpg,C:\Users\sures\.cache\kagglehub\datasets\andrewmvd\ocular-disease-recognition-odir5k\versions\2\ODIR-5K\ODIR-5K\Training Images\2920_right.jpg,0,No DR
2921,left,2921_left.jpg,C:\Users\sures\.cache\kagglehub\datasets\andrewmvd\ocular-disease-recognition-odir5k\versions\2\ODIR-5K\ODIR-5K\Training Images\2921_left.jpg,0,No DR
2921,right,2921_right.jpg,C:\Users\sures\.cache\kagglehub\datasets\andrewmvd\ocular-disease-recognition-odir5k\versions\2\ODIR-5K\ODIR-5K\Training Images\2921_right.jpg,0,No DR
2923,left,2923_left.jpg,C:\Users\sures\.cache\kagglehub\datasets\andrewmvd\ocular-disease-recognition-odir5k\versions\2\ODIR-5K\ODIR-5K\Training Images\2923_left.jpg,0,No DR
2923,right,2923_right.jpg,C:\Users\sures\.cache\kagglehub\datasets\andrewmvd\ocular-disease-recognition-odir5k\versions\2\ODIR-5K\ODIR-5K\Training Images\2923_right.jpg,0,No DR
2924,left,2924_left.jpg,C:\Users\sures\.cache\kagglehub\datasets\andrewmvd\ocular-disease-recognition-odir5k\versions\2\ODIR-5K\ODIR-5K\Training Images\2924_left.jpg,0,No DR
2924,right,2924_right.jpg,C:\Users\sures\.cache\kagglehub\datasets\andrewmvd\ocular-disease-recognition-odir5k\versions\2\ODIR-5K\ODIR-5K\Training Images\2924_right.jpg,0,No DR
2926,left,2926_left.jpg,C:\Users\sures\.cache\kagglehub\datasets\andrewmvd\ocular-disease-recognition-odir5k\versions\2\ODIR-5K\ODIR-5K\Training Images\2926_left.jpg,0,No DR
2926,right,2926_right.jpg,C:\Users\sures\.cache\kagglehub\datasets\andrewmvd\ocular-disease-recognition-odir5k\versions\2\ODIR-5K\ODIR-5K\Training Images\2926_right.jpg,0,No DR
2927,left,2927_left.jpg,C:\Users\sures\.cache\kagglehub\datasets\andrewmvd\ocular-disease-recognition-odir5k\versions\2\ODIR-5K\ODIR-5K\Training Images\2927_left.jpg,0,No DR
2927,right,2927_right.jpg,C:\Users\sures\.cache\kagglehub\datasets\andrewmvd\ocular-disease-recognition-odir5k\versions\2\ODIR-5K\ODIR-5K\Training Images\2927_right.jpg,0,No DR
2929,left,2929_left.jpg,C:\Users\sures\.cache\kagglehub\datasets\andrewmvd\ocular-disease-recognition-odir5k\versions\2\ODIR-5K\ODIR-5K\Training Images\2929_left.jpg,0,No DR
2929,right,2929_right.jpg,C:\Users\sures\.cache\kagglehub\datasets\andrewmvd\ocular-disease-recognition-odir5k\versions\2\ODIR-5K\ODIR-5K\Training Images\2929_right.jpg,0,No DR
2930,left,2930_left.jpg,C:\Users\sures\.cache\kagglehub\datasets\andrewmvd\ocular-disease-recognition-odir5k\versions\2\ODIR-5K\ODIR-5K\Training Images\2930_left.jpg,0,No DR
2930,right,2930_right.jpg,C:\Users\sures\.cache\kagglehub\datasets\andrewmvd\ocular-disease-recognition-odir5k\versions\2\ODIR-5K\ODIR-5K\Training Images\2930_right.jpg,0,No DR
2931,left,2931_left.jpg,C:\Users\sures\.cache\kagglehub\datasets\andrewmvd\ocular-disease-recognition-odir5k\versions\2\ODIR-5K\ODIR-5K\Training Images\2931_left.jpg,0,No DR
2931,right,2931_right.jpg,C:\Users\sures\.cache\kagglehub\datasets\andrewmvd\ocular-disease-recognition-odir5k\versions\2\ODIR-5K\ODIR-5K\Training Images\2931_right.jpg,0,No DR
2932,left,2932_left.jpg,C:\Users\sures\.cache\kagglehub\datasets\andrewmvd\ocular-disease-recognition-odir5k\versions\2\ODIR-5K\ODIR-5K\Training Images\2932_left.jpg,0,No DR
2932,right,2932_right.jpg,C:\Users\sures\.cache\kagglehub\datasets\andrewmvd\ocular-disease-recognition-odir5k\versions\2\ODIR-5K\ODIR-5K\Training Images\2932_right.jpg,0,No DR
2933,left,2933_left.jpg,C:\Users\sures\.cache\kagglehub\datasets\andrewmvd\ocular-disease-recognition-odir5k\versions\2\ODIR-5K\ODIR-5K\Training Images\2933_left.jpg,0,No DR
2933,right,2933_right.jpg,C:\Users\sures\.cache\kagglehub\datasets\andrewmvd\ocular-disease-recognition-odir5k\versions\2\ODIR-5K\ODIR-5K\Training Images\2933_right.jpg,0,No DR
2934,left,2934_left.jpg,C:\Users\sures\.cache\kagglehub\datasets\andrewmvd\ocular-disease-recognition-odir5k\versions\2\ODIR-5K\ODIR-5K\Training Images\2934_left.jpg,0,No DR
2934,right,2934_right.jpg,C:\Users\sures\.cache\kagglehub\datasets\andrewmvd\ocular-disease-recognition-odir5k\versions\2\ODIR-5K\ODIR-5K\Training Images\2934_right.jpg,0,No DR
2936,left,2936_left.jpg,C:\Users\sures\.cache\kagglehub\datasets\andrewmvd\ocular-disease-recognition-odir5k\versions\2\ODIR-5K\ODIR-5K\Training Images\2936_left.jpg,0,No DR
2936,right,2936_right.jpg,C:\Users\sures\.cache\kagglehub\datasets\andrewmvd\ocular-disease-recognition-odir5k\versions\2\ODIR-5K\ODIR-5K\Training Images\2936_right.jpg,0,No DR
2940,left,2940_left.jpg,C:\Users\sures\.cache\kagglehub\datasets\andrewmvd\ocular-disease-recognition-odir5k\versions\2\ODIR-5K\ODIR-5K\Training Images\2940_left.jpg,0,No DR
2940,right,2940_right.jpg,C:\Users\sures\.cache\kagglehub\datasets\andrewmvd\ocular-disease-recognition-odir5k\versions\2\ODIR-5K\ODIR-5K\Training Images\2940_right.jpg,0,No DR
2941,left,2941_left.jpg,C:\Users\sures\.cache\kagglehub\datasets\andrewmvd\ocular-disease-recognition-odir5k\versions\2\ODIR-5K\ODIR-5K\Training Images\2941_left.jpg,0,No DR
2941,right,2941_right.jpg,C:\Users\sures\.cache\kagglehub\datasets\andrewmvd\ocular-disease-recognition-odir5k\versions\2\ODIR-5K\ODIR-5K\Training Images\2941_right.jpg,0,No DR
2942,left,2942_left.jpg,C:\Users\sures\.cache\kagglehub\datasets\andrewmvd\ocular-disease-recognition-odir5k\versions\2\ODIR-5K\ODIR-5K\Training Images\2942_left.jpg,0,No DR
2942,right,2942_right.jpg,C:\Users\sures\.cache\kagglehub\datasets\andrewmvd\ocular-disease-recognition-odir5k\versions\2\ODIR-5K\ODIR-5K\Training Images\2942_right.jpg,0,No DR
2943,left,2943_left.jpg,C:\Users\sures\.cache\kagglehub\datasets\andrewmvd\ocular-disease-recognition-odir5k\versions\2\ODIR-5K\ODIR-5K\Training Images\2943_left.jpg,0,No DR
2943,right,2943_right.jpg,C:\Users\sures\.cache\kagglehub\datasets\andrewmvd\ocular-disease-recognition-odir5k\versions\2\ODIR-5K\ODIR-5K\Training Images\2943_right.jpg,0,No DR
2944,left,2944_left.jpg,C:\Users\sures\.cache\kagglehub\datasets\andrewmvd\ocular-disease-recognition-odir5k\versions\2\ODIR-5K\ODIR-5K\Training Images\2944_left.jpg,0,No DR
2944,right,2944_right.jpg,C:\Users\sures\.cache\kagglehub\datasets\andrewmvd\ocular-disease-recognition-odir5k\versions\2\ODIR-5K\ODIR-5K\Training Images\2944_right.jpg,0,No DR
2945,left,2945_left.jpg,C:\Users\sures\.cache\kagglehub\datasets\andrewmvd\ocular-disease-recognition-odir5k\versions\2\ODIR-5K\ODIR-5K\Training Images\2945_left.jpg,0,No DR
2945,right,2945_right.jpg,C:\Users\sures\.cache\kagglehub\datasets\andrewmvd\ocular-disease-recognition-odir5k\versions\2\ODIR-5K\ODIR-5K\Training Images\2945_right.jpg,0,No DR
2946,left,2946_left.jpg,C:\Users\sures\.cache\kagglehub\datasets\andrewmvd\ocular-disease-recognition-odir5k\versions\2\ODIR-5K\ODIR-5K\Training Images\2946_left.jpg,0,No DR
2946,right,2946_right.jpg,C:\Users\sures\.cache\kagglehub\datasets\andrewmvd\ocular-disease-recognition-odir5k\versions\2\ODIR-5K\ODIR-5K\Training Images\2946_right.jpg,0,No DR
2948,left,2948_left.jpg,C:\Users\sures\.cache\kagglehub\datasets\andrewmvd\ocular-disease-recognition-odir5k\versions\2\ODIR-5K\ODIR-5K\Training Images\2948_left.jpg,0,No DR
2948,right,2948_right.jpg,C:\Users\sures\.cache\kagglehub\datasets\andrewmvd\ocular-disease-recognition-odir5k\versions\2\ODIR-5K\ODIR-5K\Training Images\2948_right.jpg,0,No DR
2949,left,2949_left.jpg,C:\Users\sures\.cache\kagglehub\datasets\andrewmvd\ocular-disease-recognition-odir5k\versions\2\ODIR-5K\ODIR-5K\Training Images\2949_left.jpg,0,No DR
2949,right,2949_right.jpg,C:\Users\sures\.cache\kagglehub\datasets\andrewmvd\ocular-disease-recognition-odir5k\versions\2\ODIR-5K\ODIR-5K\Training Images\2949_right.jpg,0,No DR
2950,left,2950_left.jpg,C:\Users\sures\.cache\kagglehub\datasets\andrewmvd\ocular-disease-recognition-odir5k\versions\2\ODIR-5K\ODIR-5K\Training Images\2950_left.jpg,0,No DR
2950,right,2950_right.jpg,C:\Users\sures\.cache\kagglehub\datasets\andrewmvd\ocular-disease-recognition-odir5k\versions\2\ODIR-5K\ODIR-5K\Training Images\2950_right.jpg,0,No DR
2952,left,2952_left.jpg,C:\Users\sures\.cache\kagglehub\datasets\andrewmvd\ocular-disease-recognition-odir5k\versions\2\ODIR-5K\ODIR-5K\Training Images\2952_left.jpg,0,No DR
2952,right,2952_right.jpg,C:\Users\sures\.cache\kagglehub\datasets\andrewmvd\ocular-disease-recognition-odir5k\versions\2\ODIR-5K\ODIR-5K\Training Images\2952_right.jpg,0,No DR
2953,left,2953_left.jpg,C:\Users\sures\.cache\kagglehub\datasets\andrewmvd\ocular-disease-recognition-odir5k\versions\2\ODIR-5K\ODIR-5K\Training Images\2953_left.jpg,0,No DR
2953,right,2953_right.jpg,C:\Users\sures\.cache\kagglehub\datasets\andrewmvd\ocular-disease-recognition-odir5k\versions\2\ODIR-5K\ODIR-5K\Training Images\2953_right.jpg,0,No DR
2954,left,2954_left.jpg,C:\Users\sures\.cache\kagglehub\datasets\andrewmvd\ocular-disease-recognition-odir5k\versions\2\ODIR-5K\ODIR-5K\Training Images\2954_left.jpg,0,No DR
2954,right,2954_right.jpg,C:\Users\sures\.cache\kagglehub\datasets\andrewmvd\ocular-disease-recognition-odir5k\versions\2\ODIR-5K\ODIR-5K\Training Images\2954_right.jpg,0,No DR
2956,left,2956_left.jpg,C:\Users\sures\.cache\kagglehub\datasets\andrewmvd\ocular-disease-recognition-odir5k\versions\2\ODIR-5K\ODIR-5K\Training Images\2956_left.jpg,0,No DR
2956,right,2956_right.jpg,C:\Users\sures\.cache\kagglehub\datasets\andrewmvd\ocular-disease-recognition-odir5k\versions\2\ODIR-5K\ODIR-5K\Training Images\2956_right.jpg,0,No DR
2957,left,2957_left.jpg,C:\Users\sures\.cache\kagglehub\datasets\andrewmvd\ocular-disease-recognition-odir5k\versions\2\ODIR-5K\ODIR-5K\Training Images\2957_left.jpg,0,No DR
2957,right,2957_right.jpg,C:\Users\sures\.cache\kagglehub\datasets\andrewmvd\ocular-disease-recognition-odir5k\versions\2\ODIR-5K\ODIR-5K\Training Images\2957_right.jpg,0,No DR
2959,left,2959_left.jpg,C:\Users\sures\.cache\kagglehub\datasets\andrewmvd\ocular-disease-recognition-odir5k\versions\2\ODIR-5K\ODIR-5K\Training Images\2959_left.jpg,0,No DR
2959,right,2959_right.jpg,C:\Users\sures\.cache\kagglehub\datasets\andrewmvd\ocular-disease-recognition-odir5k\versions\2\ODIR-5K\ODIR-5K\Training Images\2959_right.jpg,0,No DR
2960,left,2960_left.jpg,C:\Users\sures\.cache\kagglehub\datasets\andrewmvd\ocular-disease-recognition-odir5k\versions\2\ODIR-5K\ODIR-5K\Training Images\2960_left.jpg,0,No DR
2960,right,2960_right.jpg,C:\Users\sures\.cache\kagglehub\datasets\andrewmvd\ocular-disease-recognition-odir5k\versions\2\ODIR-5K\ODIR-5K\Training Images\2960_right.jpg,0,No DR
2961,left,2961_left.jpg,C:\Users\sures\.cache\kagglehub\datasets\andrewmvd\ocular-disease-recognition-odir5k\versions\2\ODIR-5K\ODIR-5K\Training Images\2961_left.jpg,0,No DR
2961,right,2961_right.jpg,C:\Users\sures\.cache\kagglehub\datasets\andrewmvd\ocular-disease-recognition-odir5k\versions\2\ODIR-5K\ODIR-5K\Training Images\2961_right.jpg,0,No DR
2963,left,2963_left.jpg,C:\Users\sures\.cache\kagglehub\datasets\andrewmvd\ocular-disease-recognition-odir5k\versions\2\ODIR-5K\ODIR-5K\Training Images\2963_left.jpg,0,No DR
2963,right,2963_right.jpg,C:\Users\sures\.cache\kagglehub\datasets\andrewmvd\ocular-disease-recognition-odir5k\versions\2\ODIR-5K\ODIR-5K\Training Images\2963_right.jpg,0,No DR
2964,left,2964_left.jpg,C:\Users\sures\.cache\kagglehub\datasets\andrewmvd\ocular-disease-recognition-odir5k\versions\2\ODIR-5K\ODIR-5K\Training Images\2964_left.jpg,0,No DR
2964,right,2964_right.jpg,C:\Users\sures\.cache\kagglehub\datasets\andrewmvd\ocular-disease-recognition-odir5k\versions\2\ODIR-5K\ODIR-5K\Training Images\2964_right.jpg,0,No DR
2965,left,2965_left.jpg,C:\Users\sures\.cache\kagglehub\datasets\andrewmvd\ocular-disease-recognition-odir5k\versions\2\ODIR-5K\ODIR-5K\Training Images\2965_left.jpg,0,No DR
2965,right,2965_right.jpg,C:\Users\sures\.cache\kagglehub\datasets\andrewmvd\ocular-disease-recognition-odir5k\versions\2\ODIR-5K\ODIR-5K\Training Images\2965_right.jpg,0,No DR
2966,left,2966_left.jpg,C:\Users\sures\.cache\kagglehub\datasets\andrewmvd\ocular-disease-recognition-odir5k\versions\2\ODIR-5K\ODIR-5K\Training Images\2966_left.jpg,0,No DR
2966,right,2966_right.jpg,C:\Users\sures\.cache\kagglehub\datasets\andrewmvd\ocular-disease-recognition-odir5k\versions\2\ODIR-5K\ODIR-5K\Training Images\2966_right.jpg,0,No DR
2967,left,2967_left.jpg,C:\Users\sures\.cache\kagglehub\datasets\andrewmvd\ocular-disease-recognition-odir5k\versions\2\ODIR-5K\ODIR-5K\Training Images\2967_left.jpg,0,No DR
2967,right,2967_right.jpg,C:\Users\sures\.cache\kagglehub\datasets\andrewmvd\ocular-disease-recognition-odir5k\versions\2\ODIR-5K\ODIR-5K\Training Images\2967_right.jpg,0,No DR
2969,left,2969_left.jpg,C:\Users\sures\.cache\kagglehub\datasets\andrewmvd\ocular-disease-recognition-odir5k\versions\2\ODIR-5K\ODIR-5K\Training Images\2969_left.jpg,0,No DR
2969,right,2969_right.jpg,C:\Users\sures\.cache\kagglehub\datasets\andrewmvd\ocular-disease-recognition-odir5k\versions\2\ODIR-5K\ODIR-5K\Training Images\2969_right.jpg,0,No DR
2973,left,2973_left.jpg,C:\Users\sures\.cache\kagglehub\datasets\andrewmvd\ocular-disease-recognition-odir5k\versions\2\ODIR-5K\ODIR-5K\Training Images\2973_left.jpg,0,No DR
2973,right,2973_right.jpg,C:\Users\sures\.cache\kagglehub\datasets\andrewmvd\ocular-disease-recognition-odir5k\versions\2\ODIR-5K\ODIR-5K\Training Images\2973_right.jpg,0,No DR
2980,left,2980_left.jpg,C:\Users\sures\.cache\kagglehub\datasets\andrewmvd\ocular-disease-recognition-odir5k\versions\2\ODIR-5K\ODIR-5K\Training Images\2980_left.jpg,0,No DR
2980,right,2980_right.jpg,C:\Users\sures\.cache\kagglehub\datasets\andrewmvd\ocular-disease-recognition-odir5k\versions\2\ODIR-5K\ODIR-5K\Training Images\2980_right.jpg,0,No DR
2981,left,2981_left.jpg,C:\Users\sures\.cache\kagglehub\datasets\andrewmvd\ocular-disease-recognition-odir5k\versions\2\ODIR-5K\ODIR-5K\Training Images\2981_left.jpg,0,No DR
2981,right,2981_right.jpg,C:\Users\sures\.cache\kagglehub\datasets\andrewmvd\ocular-disease-recognition-odir5k\versions\2\ODIR-5K\ODIR-5K\Training Images\2981_right.jpg,0,No DR
2982,left,2982_left.jpg,C:\Users\sures\.cache\kagglehub\datasets\andrewmvd\ocular-disease-recognition-odir5k\versions\2\ODIR-5K\ODIR-5K\Training Images\2982_left.jpg,0,No DR
2982,right,2982_right.jpg,C:\Users\sures\.cache\kagglehub\datasets\andrewmvd\ocular-disease-recognition-odir5k\versions\2\ODIR-5K\ODIR-5K\Training Images\2982_right.jpg,0,No DR
2984,left,2984_left.jpg,C:\Users\sures\.cache\kagglehub\datasets\andrewmvd\ocular-disease-recognition-odir5k\versions\2\ODIR-5K\ODIR-5K\Training Images\2984_left.jpg,0,No DR
2984,right,2984_right.jpg,C:\Users\sures\.cache\kagglehub\datasets\andrewmvd\ocular-disease-recognition-odir5k\versions\2\ODIR-5K\ODIR-5K\Training Images\2984_right.jpg,0,No DR
2985,left,2985_left.jpg,C:\Users\sures\.cache\kagglehub\datasets\andrewmvd\ocular-disease-recognition-odir5k\versions\2\ODIR-5K\ODIR-5K\Training Images\2985_left.jpg,0,No DR
2985,right,2985_right.jpg,C:\Users\sures\.cache\kagglehub\datasets\andrewmvd\ocular-disease-recognition-odir5k\versions\2\ODIR-5K\ODIR-5K\Training Images\2985_right.jpg,0,No DR
2987,left,2987_left.jpg,C:\Users\sures\.cache\kagglehub\datasets\andrewmvd\ocular-disease-recognition-odir5k\versions\2\ODIR-5K\ODIR-5K\Training Images\2987_left.jpg,0,No DR
2987,right,2987_right.jpg,C:\Users\sures\.cache\kagglehub\datasets\andrewmvd\ocular-disease-recognition-odir5k\versions\2\ODIR-5K\ODIR-5K\Training Images\2987_right.jpg,0,No DR
2988,left,2988_left.jpg,C:\Users\sures\.cache\kagglehub\datasets\andrewmvd\ocular-disease-recognition-odir5k\versions\2\ODIR-5K\ODIR-5K\Training Images\2988_left.jpg,0,No DR
2988,right,2988_right.jpg,C:\Users\sures\.cache\kagglehub\datasets\andrewmvd\ocular-disease-recognition-odir5k\versions\2\ODIR-5K\ODIR-5K\Training Images\2988_right.jpg,0,No DR
2989,left,2989_left.jpg,C:\Users\sures\.cache\kagglehub\datasets\andrewmvd\ocular-disease-recognition-odir5k\versions\2\ODIR-5K\ODIR-5K\Training Images\2989_left.jpg,0,No DR
2989,right,2989_right.jpg,C:\Users\sures\.cache\kagglehub\datasets\andrewmvd\ocular-disease-recognition-odir5k\versions\2\ODIR-5K\ODIR-5K\Training Images\2989_right.jpg,0,No DR
2990,left,2990_left.jpg,C:\Users\sures\.cache\kagglehub\datasets\andrewmvd\ocular-disease-recognition-odir5k\versions\2\ODIR-5K\ODIR-5K\Training Images\2990_left.jpg,0,No DR
2990,right,2990_right.jpg,C:\Users\sures\.cache\kagglehub\datasets\andrewmvd\ocular-disease-recognition-odir5k\versions\2\ODIR-5K\ODIR-5K\Training Images\2990_right.jpg,0,No DR
2991,left,2991_left.jpg,C:\Users\sures\.cache\kagglehub\datasets\andrewmvd\ocular-disease-recognition-odir5k\versions\2\ODIR-5K\ODIR-5K\Training Images\2991_left.jpg,0,No DR
2991,right,2991_right.jpg,C:\Users\sures\.cache\kagglehub\datasets\andrewmvd\ocular-disease-recognition-odir5k\versions\2\ODIR-5K\ODIR-5K\Training Images\2991_right.jpg,0,No DR
2992,left,2992_left.jpg,C:\Users\sures\.cache\kagglehub\datasets\andrewmvd\ocular-disease-recognition-odir5k\versions\2\ODIR-5K\ODIR-5K\Training Images\2992_left.jpg,0,No DR
2992,right,2992_right.jpg,C:\Users\sures\.cache\kagglehub\datasets\andrewmvd\ocular-disease-recognition-odir5k\versions\2\ODIR-5K\ODIR-5K\Training Images\2992_right.jpg,0,No DR
2993,left,2993_left.jpg,C:\Users\sures\.cache\kagglehub\datasets\andrewmvd\ocular-disease-recognition-odir5k\versions\2\ODIR-5K\ODIR-5K\Training Images\2993_left.jpg,0,No DR
2993,right,2993_right.jpg,C:\Users\sures\.cache\kagglehub\datasets\andrewmvd\ocular-disease-recognition-odir5k\versions\2\ODIR-5K\ODIR-5K\Training Images\2993_right.jpg,0,No DR
2994,left,2994_left.jpg,C:\Users\sures\.cache\kagglehub\datasets\andrewmvd\ocular-disease-recognition-odir5k\versions\2\ODIR-5K\ODIR-5K\Training Images\2994_left.jpg,0,No DR
2994,right,2994_right.jpg,C:\Users\sures\.cache\kagglehub\datasets\andrewmvd\ocular-disease-recognition-odir5k\versions\2\ODIR-5K\ODIR-5K\Training Images\2994_right.jpg,0,No DR
2996,left,2996_left.jpg,C:\Users\sures\.cache\kagglehub\datasets\andrewmvd\ocular-disease-recognition-odir5k\versions\2\ODIR-5K\ODIR-5K\Training Images\2996_left.jpg,0,No DR
2996,right,2996_right.jpg,C:\Users\sures\.cache\kagglehub\datasets\andrewmvd\ocular-disease-recognition-odir5k\versions\2\ODIR-5K\ODIR-5K\Training Images\2996_right.jpg,0,No DR
2997,left,2997_left.jpg,C:\Users\sures\.cache\kagglehub\datasets\andrewmvd\ocular-disease-recognition-odir5k\versions\2\ODIR-5K\ODIR-5K\Training Images\2997_left.jpg,0,No DR
2997,right,2997_right.jpg,C:\Users\sures\.cache\kagglehub\datasets\andrewmvd\ocular-disease-recognition-odir5k\versions\2\ODIR-5K\ODIR-5K\Training Images\2997_right.jpg,0,No DR
2999,left,2999_left.jpg,C:\Users\sures\.cache\kagglehub\datasets\andrewmvd\ocular-disease-recognition-odir5k\versions\2\ODIR-5K\ODIR-5K\Training Images\2999_left.jpg,0,No DR
2999,right,2999_right.jpg,C:\Users\sures\.cache\kagglehub\datasets\andrewmvd\ocular-disease-recognition-odir5k\versions\2\ODIR-5K\ODIR-5K\Training Images\2999_right.jpg,0,No DR
3001,left,3001_left.jpg,C:\Users\sures\.cache\kagglehub\datasets\andrewmvd\ocular-disease-recognition-odir5k\versions\2\ODIR-5K\ODIR-5K\Training Images\3001_left.jpg,0,No DR
3001,right,3001_right.jpg,C:\Users\sures\.cache\kagglehub\datasets\andrewmvd\ocular-disease-recognition-odir5k\versions\2\ODIR-5K\ODIR-5K\Training Images\3001_right.jpg,0,No DR
3002,left,3002_left.jpg,C:\Users\sures\.cache\kagglehub\datasets\andrewmvd\ocular-disease-recognition-odir5k\versions\2\ODIR-5K\ODIR-5K\Training Images\3002_left.jpg,0,No DR
3002,right,3002_right.jpg,C:\Users\sures\.cache\kagglehub\datasets\andrewmvd\ocular-disease-recognition-odir5k\versions\2\ODIR-5K\ODIR-5K\Training Images\3002_right.jpg,0,No DR
3003,left,3003_left.jpg,C:\Users\sures\.cache\kagglehub\datasets\andrewmvd\ocular-disease-recognition-odir5k\versions\2\ODIR-5K\ODIR-5K\Training Images\3003_left.jpg,0,No DR
3003,right,3003_right.jpg,C:\Users\sures\.cache\kagglehub\datasets\andrewmvd\ocular-disease-recognition-odir5k\versions\2\ODIR-5K\ODIR-5K\Training Images\3003_right.jpg,0,No DR
3005,left,3005_left.jpg,C:\Users\sures\.cache\kagglehub\datasets\andrewmvd\ocular-disease-recognition-odir5k\versions\2\ODIR-5K\ODIR-5K\Training Images\3005_left.jpg,0,No DR
3005,right,3005_right.jpg,C:\Users\sures\.cache\kagglehub\datasets\andrewmvd\ocular-disease-recognition-odir5k\versions\2\ODIR-5K\ODIR-5K\Training Images\3005_right.jpg,0,No DR
3007,left,3007_left.jpg,C:\Users\sures\.cache\kagglehub\datasets\andrewmvd\ocular-disease-recognition-odir5k\versions\2\ODIR-5K\ODIR-5K\Training Images\3007_left.jpg,0,No DR
3007,right,3007_right.jpg,C:\Users\sures\.cache\kagglehub\datasets\andrewmvd\ocular-disease-recognition-odir5k\versions\2\ODIR-5K\ODIR-5K\Training Images\3007_right.jpg,0,No DR
3008,left,3008_left.jpg,C:\Users\sures\.cache\kagglehub\datasets\andrewmvd\ocular-disease-recognition-odir5k\versions\2\ODIR-5K\ODIR-5K\Training Images\3008_left.jpg,0,No DR
3008,right,3008_right.jpg,C:\Users\sures\.cache\kagglehub\datasets\andrewmvd\ocular-disease-recognition-odir5k\versions\2\ODIR-5K\ODIR-5K\Training Images\3008_right.jpg,0,No DR
3011,left,3011_left.jpg,C:\Users\sures\.cache\kagglehub\datasets\andrewmvd\ocular-disease-recognition-odir5k\versions\2\ODIR-5K\ODIR-5K\Training Images\3011_left.jpg,0,No DR
3011,right,3011_right.jpg,C:\Users\sures\.cache\kagglehub\datasets\andrewmvd\ocular-disease-recognition-odir5k\versions\2\ODIR-5K\ODIR-5K\Training Images\3011_right.jpg,0,No DR
3013,left,3013_left.jpg,C:\Users\sures\.cache\kagglehub\datasets\andrewmvd\ocular-disease-recognition-odir5k\versions\2\ODIR-5K\ODIR-5K\Training Images\3013_left.jpg,0,No DR
3013,right,3013_right.jpg,C:\Users\sures\.cache\kagglehub\datasets\andrewmvd\ocular-disease-recognition-odir5k\versions\2\ODIR-5K\ODIR-5K\Training Images\3013_right.jpg,0,No DR
3014,left,3014_left.jpg,C:\Users\sures\.cache\kagglehub\datasets\andrewmvd\ocular-disease-recognition-odir5k\versions\2\ODIR-5K\ODIR-5K\Training Images\3014_left.jpg,0,No DR
3014,right,3014_right.jpg,C:\Users\sures\.cache\kagglehub\datasets\andrewmvd\ocular-disease-recognition-odir5k\versions\2\ODIR-5K\ODIR-5K\Training Images\3014_right.jpg,0,No DR
3015,left,3015_left.jpg,C:\Users\sures\.cache\kagglehub\datasets\andrewmvd\ocular-disease-recognition-odir5k\versions\2\ODIR-5K\ODIR-5K\Training Images\3015_left.jpg,0,No DR
3015,right,3015_right.jpg,C:\Users\sures\.cache\kagglehub\datasets\andrewmvd\ocular-disease-recognition-odir5k\versions\2\ODIR-5K\ODIR-5K\Training Images\3015_right.jpg,0,No DR
3017,left,3017_left.jpg,C:\Users\sures\.cache\kagglehub\datasets\andrewmvd\ocular-disease-recognition-odir5k\versions\2\ODIR-5K\ODIR-5K\Training Images\3017_left.jpg,0,No DR
3017,right,3017_right.jpg,C:\Users\sures\.cache\kagglehub\datasets\andrewmvd\ocular-disease-recognition-odir5k\versions\2\ODIR-5K\ODIR-5K\Training Images\3017_right.jpg,0,No DR
3018,left,3018_left.jpg,C:\Users\sures\.cache\kagglehub\datasets\andrewmvd\ocular-disease-recognition-odir5k\versions\2\ODIR-5K\ODIR-5K\Training Images\3018_left.jpg,0,No DR
3018,right,3018_right.jpg,C:\Users\sures\.cache\kagglehub\datasets\andrewmvd\ocular-disease-recognition-odir5k\versions\2\ODIR-5K\ODIR-5K\Training Images\3018_right.jpg,0,No DR
3020,left,3020_left.jpg,C:\Users\sures\.cache\kagglehub\datasets\andrewmvd\ocular-disease-recognition-odir5k\versions\2\ODIR-5K\ODIR-5K\Training Images\3020_left.jpg,0,No DR
3020,right,3020_right.jpg,C:\Users\sures\.cache\kagglehub\datasets\andrewmvd\ocular-disease-recognition-odir5k\versions\2\ODIR-5K\ODIR-5K\Training Images\3020_right.jpg,0,No DR
3023,left,3023_left.jpg,C:\Users\sures\.cache\kagglehub\datasets\andrewmvd\ocular-disease-recognition-odir5k\versions\2\ODIR-5K\ODIR-5K\Training Images\3023_left.jpg,0,No DR
3023,right,3023_right.jpg,C:\Users\sures\.cache\kagglehub\datasets\andrewmvd\ocular-disease-recognition-odir5k\versions\2\ODIR-5K\ODIR-5K\Training Images\3023_right.jpg,0,No DR
3025,left,3025_left.jpg,C:\Users\sures\.cache\kagglehub\datasets\andrewmvd\ocular-disease-recognition-odir5k\versions\2\ODIR-5K\ODIR-5K\Training Images\3025_left.jpg,0,No DR
3025,right,3025_right.jpg,C:\Users\sures\.cache\kagglehub\datasets\andrewmvd\ocular-disease-recognition-odir5k\versions\2\ODIR-5K\ODIR-5K\Training Images\3025_right.jpg,0,No DR
3027,left,3027_left.jpg,C:\Users\sures\.cache\kagglehub\datasets\andrewmvd\ocular-disease-recognition-odir5k\versions\2\ODIR-5K\ODIR-5K\Training Images\3027_left.jpg,0,No DR
3027,right,3027_right.jpg,C:\Users\sures\.cache\kagglehub\datasets\andrewmvd\ocular-disease-recognition-odir5k\versions\2\ODIR-5K\ODIR-5K\Training Images\3027_right.jpg,0,No DR
3030,left,3030_left.jpg,C:\Users\sures\.cache\kagglehub\datasets\andrewmvd\ocular-disease-recognition-odir5k\versions\2\ODIR-5K\ODIR-5K\Training Images\3030_left.jpg,0,No DR
3030,right,3030_right.jpg,C:\Users\sures\.cache\kagglehub\datasets\andrewmvd\ocular-disease-recognition-odir5k\versions\2\ODIR-5K\ODIR-5K\Training Images\3030_right.jpg,0,No DR
3033,left,3033_left.jpg,C:\Users\sures\.cache\kagglehub\datasets\andrewmvd\ocular-disease-recognition-odir5k\versions\2\ODIR-5K\ODIR-5K\Training Images\3033_left.jpg,0,No DR
3033,right,3033_right.jpg,C:\Users\sures\.cache\kagglehub\datasets\andrewmvd\ocular-disease-recognition-odir5k\versions\2\ODIR-5K\ODIR-5K\Training Images\3033_right.jpg,0,No DR
3034,left,3034_left.jpg,C:\Users\sures\.cache\kagglehub\datasets\andrewmvd\ocular-disease-recognition-odir5k\versions\2\ODIR-5K\ODIR-5K\Training Images\3034_left.jpg,0,No DR
3034,right,3034_right.jpg,C:\Users\sures\.cache\kagglehub\datasets\andrewmvd\ocular-disease-recognition-odir5k\versions\2\ODIR-5K\ODIR-5K\Training Images\3034_right.jpg,0,No DR
3037,left,3037_left.jpg,C:\Users\sures\.cache\kagglehub\datasets\andrewmvd\ocular-disease-recognition-odir5k\versions\2\ODIR-5K\ODIR-5K\Training Images\3037_left.jpg,0,No DR
3037,right,3037_right.jpg,C:\Users\sures\.cache\kagglehub\datasets\andrewmvd\ocular-disease-recognition-odir5k\versions\2\ODIR-5K\ODIR-5K\Training Images\3037_right.jpg,0,No DR
3038,left,3038_left.jpg,C:\Users\sures\.cache\kagglehub\datasets\andrewmvd\ocular-disease-recognition-odir5k\versions\2\ODIR-5K\ODIR-5K\Training Images\3038_left.jpg,0,No DR
3038,right,3038_right.jpg,C:\Users\sures\.cache\kagglehub\datasets\andrewmvd\ocular-disease-recognition-odir5k\versions\2\ODIR-5K\ODIR-5K\Training Images\3038_right.jpg,0,No DR
3040,left,3040_left.jpg,C:\Users\sures\.cache\kagglehub\datasets\andrewmvd\ocular-disease-recognition-odir5k\versions\2\ODIR-5K\ODIR-5K\Training Images\3040_left.jpg,0,No DR
3040,right,3040_right.jpg,C:\Users\sures\.cache\kagglehub\datasets\andrewmvd\ocular-disease-recognition-odir5k\versions\2\ODIR-5K\ODIR-5K\Training Images\3040_right.jpg,0,No DR
3042,left,3042_left.jpg,C:\Users\sures\.cache\kagglehub\datasets\andrewmvd\ocular-disease-recognition-odir5k\versions\2\ODIR-5K\ODIR-5K\Training Images\3042_left.jpg,0,No DR
3042,right,3042_right.jpg,C:\Users\sures\.cache\kagglehub\datasets\andrewmvd\ocular-disease-recognition-odir5k\versions\2\ODIR-5K\ODIR-5K\Training Images\3042_right.jpg,0,No DR
3043,left,3043_left.jpg,C:\Users\sures\.cache\kagglehub\datasets\andrewmvd\ocular-disease-recognition-odir5k\versions\2\ODIR-5K\ODIR-5K\Training Images\3043_left.jpg,0,No DR
3043,right,3043_right.jpg,C:\Users\sures\.cache\kagglehub\datasets\andrewmvd\ocular-disease-recognition-odir5k\versions\2\ODIR-5K\ODIR-5K\Training Images\3043_right.jpg,0,No DR
3044,left,3044_left.jpg,C:\Users\sures\.cache\kagglehub\datasets\andrewmvd\ocular-disease-recognition-odir5k\versions\2\ODIR-5K\ODIR-5K\Training Images\3044_left.jpg,0,No DR
3044,right,3044_right.jpg,C:\Users\sures\.cache\kagglehub\datasets\andrewmvd\ocular-disease-recognition-odir5k\versions\2\ODIR-5K\ODIR-5K\Training Images\3044_right.jpg,0,No DR
3045,left,3045_left.jpg,C:\Users\sures\.cache\kagglehub\datasets\andrewmvd\ocular-disease-recognition-odir5k\versions\2\ODIR-5K\ODIR-5K\Training Images\3045_left.jpg,0,No DR
3045,right,3045_right.jpg,C:\Users\sures\.cache\kagglehub\datasets\andrewmvd\ocular-disease-recognition-odir5k\versions\2\ODIR-5K\ODIR-5K\Training Images\3045_right.jpg,0,No DR
3046,left,3046_left.jpg,C:\Users\sures\.cache\kagglehub\datasets\andrewmvd\ocular-disease-recognition-odir5k\versions\2\ODIR-5K\ODIR-5K\Training Images\3046_left.jpg,0,No DR
3046,right,3046_right.jpg,C:\Users\sures\.cache\kagglehub\datasets\andrewmvd\ocular-disease-recognition-odir5k\versions\2\ODIR-5K\ODIR-5K\Training Images\3046_right.jpg,0,No DR
3047,left,3047_left.jpg,C:\Users\sures\.cache\kagglehub\datasets\andrewmvd\ocular-disease-recognition-odir5k\versions\2\ODIR-5K\ODIR-5K\Training Images\3047_left.jpg,0,No DR
3047,right,3047_right.jpg,C:\Users\sures\.cache\kagglehub\datasets\andrewmvd\ocular-disease-recognition-odir5k\versions\2\ODIR-5K\ODIR-5K\Training Images\3047_right.jpg,0,No DR
3048,left,3048_left.jpg,C:\Users\sures\.cache\kagglehub\datasets\andrewmvd\ocular-disease-recognition-odir5k\versions\2\ODIR-5K\ODIR-5K\Training Images\3048_left.jpg,0,No DR
3048,right,3048_right.jpg,C:\Users\sures\.cache\kagglehub\datasets\andrewmvd\ocular-disease-recognition-odir5k\versions\2\ODIR-5K\ODIR-5K\Training Images\3048_right.jpg,0,No DR
3050,left,3050_left.jpg,C:\Users\sures\.cache\kagglehub\datasets\andrewmvd\ocular-disease-recognition-odir5k\versions\2\ODIR-5K\ODIR-5K\Training Images\3050_left.jpg,0,No DR
3050,right,3050_right.jpg,C:\Users\sures\.cache\kagglehub\datasets\andrewmvd\ocular-disease-recognition-odir5k\versions\2\ODIR-5K\ODIR-5K\Training Images\3050_right.jpg,0,No DR
3051,left,3051_left.jpg,C:\Users\sures\.cache\kagglehub\datasets\andrewmvd\ocular-disease-recognition-odir5k\versions\2\ODIR-5K\ODIR-5K\Training Images\3051_left.jpg,0,No DR
3051,right,3051_right.jpg,C:\Users\sures\.cache\kagglehub\datasets\andrewmvd\ocular-disease-recognition-odir5k\versions\2\ODIR-5K\ODIR-5K\Training Images\3051_right.jpg,0,No DR
3052,left,3052_left.jpg,C:\Users\sures\.cache\kagglehub\datasets\andrewmvd\ocular-disease-recognition-odir5k\versions\2\ODIR-5K\ODIR-5K\Training Images\3052_left.jpg,0,No DR
3052,right,3052_right.jpg,C:\Users\sures\.cache\kagglehub\datasets\andrewmvd\ocular-disease-recognition-odir5k\versions\2\ODIR-5K\ODIR-5K\Training Images\3052_right.jpg,0,No DR
3056,left,3056_left.jpg,C:\Users\sures\.cache\kagglehub\datasets\andrewmvd\ocular-disease-recognition-odir5k\versions\2\ODIR-5K\ODIR-5K\Training Images\3056_left.jpg,0,No DR
3056,right,3056_right.jpg,C:\Users\sures\.cache\kagglehub\datasets\andrewmvd\ocular-disease-recognition-odir5k\versions\2\ODIR-5K\ODIR-5K\Training Images\3056_right.jpg,0,No DR
3061,left,3061_left.jpg,C:\Users\sures\.cache\kagglehub\datasets\andrewmvd\ocular-disease-recognition-odir5k\versions\2\ODIR-5K\ODIR-5K\Training Images\3061_left.jpg,0,No DR
3061,right,3061_right.jpg,C:\Users\sures\.cache\kagglehub\datasets\andrewmvd\ocular-disease-recognition-odir5k\versions\2\ODIR-5K\ODIR-5K\Training Images\3061_right.jpg,0,No DR
3063,left,3063_left.jpg,C:\Users\sures\.cache\kagglehub\datasets\andrewmvd\ocular-disease-recognition-odir5k\versions\2\ODIR-5K\ODIR-5K\Training Images\3063_left.jpg,0,No DR
3063,right,3063_right.jpg,C:\Users\sures\.cache\kagglehub\datasets\andrewmvd\ocular-disease-recognition-odir5k\versions\2\ODIR-5K\ODIR-5K\Training Images\3063_right.jpg,0,No DR
3065,left,3065_left.jpg,C:\Users\sures\.cache\kagglehub\datasets\andrewmvd\ocular-disease-recognition-odir5k\versions\2\ODIR-5K\ODIR-5K\Training Images\3065_left.jpg,0,No DR
3065,right,3065_right.jpg,C:\Users\sures\.cache\kagglehub\datasets\andrewmvd\ocular-disease-recognition-odir5k\versions\2\ODIR-5K\ODIR-5K\Training Images\3065_right.jpg,0,No DR
3067,left,3067_left.jpg,C:\Users\sures\.cache\kagglehub\datasets\andrewmvd\ocular-disease-recognition-odir5k\versions\2\ODIR-5K\ODIR-5K\Training Images\3067_left.jpg,0,No DR
3067,right,3067_right.jpg,C:\Users\sures\.cache\kagglehub\datasets\andrewmvd\ocular-disease-recognition-odir5k\versions\2\ODIR-5K\ODIR-5K\Training Images\3067_right.jpg,0,No DR
3068,left,3068_left.jpg,C:\Users\sures\.cache\kagglehub\datasets\andrewmvd\ocular-disease-recognition-odir5k\versions\2\ODIR-5K\ODIR-5K\Training Images\3068_left.jpg,0,No DR
3068,right,3068_right.jpg,C:\Users\sures\.cache\kagglehub\datasets\andrewmvd\ocular-disease-recognition-odir5k\versions\2\ODIR-5K\ODIR-5K\Training Images\3068_right.jpg,0,No DR
3071,left,3071_left.jpg,C:\Users\sures\.cache\kagglehub\datasets\andrewmvd\ocular-disease-recognition-odir5k\versions\2\ODIR-5K\ODIR-5K\Training Images\3071_left.jpg,0,No DR
3071,right,3071_right.jpg,C:\Users\sures\.cache\kagglehub\datasets\andrewmvd\ocular-disease-recognition-odir5k\versions\2\ODIR-5K\ODIR-5K\Training Images\3071_right.jpg,0,No DR
3072,left,3072_left.jpg,C:\Users\sures\.cache\kagglehub\datasets\andrewmvd\ocular-disease-recognition-odir5k\versions\2\ODIR-5K\ODIR-5K\Training Images\3072_left.jpg,0,No DR
3072,right,3072_right.jpg,C:\Users\sures\.cache\kagglehub\datasets\andrewmvd\ocular-disease-recognition-odir5k\versions\2\ODIR-5K\ODIR-5K\Training Images\3072_right.jpg,0,No DR
3073,left,3073_left.jpg,C:\Users\sures\.cache\kagglehub\datasets\andrewmvd\ocular-disease-recognition-odir5k\versions\2\ODIR-5K\ODIR-5K\Training Images\3073_left.jpg,0,No DR
3073,right,3073_right.jpg,C:\Users\sures\.cache\kagglehub\datasets\andrewmvd\ocular-disease-recognition-odir5k\versions\2\ODIR-5K\ODIR-5K\Training Images\3073_right.jpg,0,No DR
3076,left,3076_left.jpg,C:\Users\sures\.cache\kagglehub\datasets\andrewmvd\ocular-disease-recognition-odir5k\versions\2\ODIR-5K\ODIR-5K\Training Images\3076_left.jpg,0,No DR
3076,right,3076_right.jpg,C:\Users\sures\.cache\kagglehub\datasets\andrewmvd\ocular-disease-recognition-odir5k\versions\2\ODIR-5K\ODIR-5K\Training Images\3076_right.jpg,0,No DR
3077,left,3077_left.jpg,C:\Users\sures\.cache\kagglehub\datasets\andrewmvd\ocular-disease-recognition-odir5k\versions\2\ODIR-5K\ODIR-5K\Training Images\3077_left.jpg,0,No DR
3077,right,3077_right.jpg,C:\Users\sures\.cache\kagglehub\datasets\andrewmvd\ocular-disease-recognition-odir5k\versions\2\ODIR-5K\ODIR-5K\Training Images\3077_right.jpg,0,No DR
3079,left,3079_left.jpg,C:\Users\sures\.cache\kagglehub\datasets\andrewmvd\ocular-disease-recognition-odir5k\versions\2\ODIR-5K\ODIR-5K\Training Images\3079_left.jpg,0,No DR
3079,right,3079_right.jpg,C:\Users\sures\.cache\kagglehub\datasets\andrewmvd\ocular-disease-recognition-odir5k\versions\2\ODIR-5K\ODIR-5K\Training Images\3079_right.jpg,0,No DR
3080,left,3080_left.jpg,C:\Users\sures\.cache\kagglehub\datasets\andrewmvd\ocular-disease-recognition-odir5k\versions\2\ODIR-5K\ODIR-5K\Training Images\3080_left.jpg,0,No DR
3080,right,3080_right.jpg,C:\Users\sures\.cache\kagglehub\datasets\andrewmvd\ocular-disease-recognition-odir5k\versions\2\ODIR-5K\ODIR-5K\Training Images\3080_right.jpg,0,No DR
3081,left,3081_left.jpg,C:\Users\sures\.cache\kagglehub\datasets\andrewmvd\ocular-disease-recognition-odir5k\versions\2\ODIR-5K\ODIR-5K\Training Images\3081_left.jpg,0,No DR
3081,right,3081_right.jpg,C:\Users\sures\.cache\kagglehub\datasets\andrewmvd\ocular-disease-recognition-odir5k\versions\2\ODIR-5K\ODIR-5K\Training Images\3081_right.jpg,0,No DR
3083,left,3083_left.jpg,C:\Users\sures\.cache\kagglehub\datasets\andrewmvd\ocular-disease-recognition-odir5k\versions\2\ODIR-5K\ODIR-5K\Training Images\3083_left.jpg,0,No DR
3083,right,3083_right.jpg,C:\Users\sures\.cache\kagglehub\datasets\andrewmvd\ocular-disease-recognition-odir5k\versions\2\ODIR-5K\ODIR-5K\Training Images\3083_right.jpg,0,No DR
3085,left,3085_left.jpg,C:\Users\sures\.cache\kagglehub\datasets\andrewmvd\ocular-disease-recognition-odir5k\versions\2\ODIR-5K\ODIR-5K\Training Images\3085_left.jpg,0,No DR
3085,right,3085_right.jpg,C:\Users\sures\.cache\kagglehub\datasets\andrewmvd\ocular-disease-recognition-odir5k\versions\2\ODIR-5K\ODIR-5K\Training Images\3085_right.jpg,0,No DR
3086,left,3086_left.jpg,C:\Users\sures\.cache\kagglehub\datasets\andrewmvd\ocular-disease-recognition-odir5k\versions\2\ODIR-5K\ODIR-5K\Training Images\3086_left.jpg,0,No DR
3086,right,3086_right.jpg,C:\Users\sures\.cache\kagglehub\datasets\andrewmvd\ocular-disease-recognition-odir5k\versions\2\ODIR-5K\ODIR-5K\Training Images\3086_right.jpg,0,No DR
3087,left,3087_left.jpg,C:\Users\sures\.cache\kagglehub\datasets\andrewmvd\ocular-disease-recognition-odir5k\versions\2\ODIR-5K\ODIR-5K\Training Images\3087_left.jpg,0,No DR
3087,right,3087_right.jpg,C:\Users\sures\.cache\kagglehub\datasets\andrewmvd\ocular-disease-recognition-odir5k\versions\2\ODIR-5K\ODIR-5K\Training Images\3087_right.jpg,0,No DR
3088,left,3088_left.jpg,C:\Users\sures\.cache\kagglehub\datasets\andrewmvd\ocular-disease-recognition-odir5k\versions\2\ODIR-5K\ODIR-5K\Training Images\3088_left.jpg,0,No DR
3088,right,3088_right.jpg,C:\Users\sures\.cache\kagglehub\datasets\andrewmvd\ocular-disease-recognition-odir5k\versions\2\ODIR-5K\ODIR-5K\Training Images\3088_right.jpg,0,No DR
3091,left,3091_left.jpg,C:\Users\sures\.cache\kagglehub\datasets\andrewmvd\ocular-disease-recognition-odir5k\versions\2\ODIR-5K\ODIR-5K\Training Images\3091_left.jpg,0,No DR
3091,right,3091_right.jpg,C:\Users\sures\.cache\kagglehub\datasets\andrewmvd\ocular-disease-recognition-odir5k\versions\2\ODIR-5K\ODIR-5K\Training Images\3091_right.jpg,0,No DR
3092,left,3092_left.jpg,C:\Users\sures\.cache\kagglehub\datasets\andrewmvd\ocular-disease-recognition-odir5k\versions\2\ODIR-5K\ODIR-5K\Training Images\3092_left.jpg,0,No DR
3092,right,3092_right.jpg,C:\Users\sures\.cache\kagglehub\datasets\andrewmvd\ocular-disease-recognition-odir5k\versions\2\ODIR-5K\ODIR-5K\Training Images\3092_right.jpg,0,No DR
3093,left,3093_left.jpg,C:\Users\sures\.cache\kagglehub\datasets\andrewmvd\ocular-disease-recognition-odir5k\versions\2\ODIR-5K\ODIR-5K\Training Images\3093_left.jpg,0,No DR
3093,right,3093_right.jpg,C:\Users\sures\.cache\kagglehub\datasets\andrewmvd\ocular-disease-recognition-odir5k\versions\2\ODIR-5K\ODIR-5K\Training Images\3093_right.jpg,0,No DR
3094,left,3094_left.jpg,C:\Users\sures\.cache\kagglehub\datasets\andrewmvd\ocular-disease-recognition-odir5k\versions\2\ODIR-5K\ODIR-5K\Training Images\3094_left.jpg,0,No DR
3094,right,3094_right.jpg,C:\Users\sures\.cache\kagglehub\datasets\andrewmvd\ocular-disease-recognition-odir5k\versions\2\ODIR-5K\ODIR-5K\Training Images\3094_right.jpg,0,No DR
3095,left,3095_left.jpg,C:\Users\sures\.cache\kagglehub\datasets\andrewmvd\ocular-disease-recognition-odir5k\versions\2\ODIR-5K\ODIR-5K\Training Images\3095_left.jpg,0,No DR
3095,right,3095_right.jpg,C:\Users\sures\.cache\kagglehub\datasets\andrewmvd\ocular-disease-recognition-odir5k\versions\2\ODIR-5K\ODIR-5K\Training Images\3095_right.jpg,0,No DR
3097,left,3097_left.jpg,C:\Users\sures\.cache\kagglehub\datasets\andrewmvd\ocular-disease-recognition-odir5k\versions\2\ODIR-5K\ODIR-5K\Training Images\3097_left.jpg,0,No DR
3097,right,3097_right.jpg,C:\Users\sures\.cache\kagglehub\datasets\andrewmvd\ocular-disease-recognition-odir5k\versions\2\ODIR-5K\ODIR-5K\Training Images\3097_right.jpg,0,No DR
3099,left,3099_left.jpg,C:\Users\sures\.cache\kagglehub\datasets\andrewmvd\ocular-disease-recognition-odir5k\versions\2\ODIR-5K\ODIR-5K\Training Images\3099_left.jpg,0,No DR
3099,right,3099_right.jpg,C:\Users\sures\.cache\kagglehub\datasets\andrewmvd\ocular-disease-recognition-odir5k\versions\2\ODIR-5K\ODIR-5K\Training Images\3099_right.jpg,0,No DR
3100,left,3100_left.jpg,C:\Users\sures\.cache\kagglehub\datasets\andrewmvd\ocular-disease-recognition-odir5k\versions\2\ODIR-5K\ODIR-5K\Training Images\3100_left.jpg,0,No DR
3100,right,3100_right.jpg,C:\Users\sures\.cache\kagglehub\datasets\andrewmvd\ocular-disease-recognition-odir5k\versions\2\ODIR-5K\ODIR-5K\Training Images\3100_right.jpg,0,No DR
3101,left,3101_left.jpg,C:\Users\sures\.cache\kagglehub\datasets\andrewmvd\ocular-disease-recognition-odir5k\versions\2\ODIR-5K\ODIR-5K\Training Images\3101_left.jpg,0,No DR
3101,right,3101_right.jpg,C:\Users\sures\.cache\kagglehub\datasets\andrewmvd\ocular-disease-recognition-odir5k\versions\2\ODIR-5K\ODIR-5K\Training Images\3101_right.jpg,0,No DR
3103,left,3103_left.jpg,C:\Users\sures\.cache\kagglehub\datasets\andrewmvd\ocular-disease-recognition-odir5k\versions\2\ODIR-5K\ODIR-5K\Training Images\3103_left.jpg,0,No DR
3103,right,3103_right.jpg,C:\Users\sures\.cache\kagglehub\datasets\andrewmvd\ocular-disease-recognition-odir5k\versions\2\ODIR-5K\ODIR-5K\Training Images\3103_right.jpg,0,No DR
3104,left,3104_left.jpg,C:\Users\sures\.cache\kagglehub\datasets\andrewmvd\ocular-disease-recognition-odir5k\versions\2\ODIR-5K\ODIR-5K\Training Images\3104_left.jpg,0,No DR
3104,right,3104_right.jpg,C:\Users\sures\.cache\kagglehub\datasets\andrewmvd\ocular-disease-recognition-odir5k\versions\2\ODIR-5K\ODIR-5K\Training Images\3104_right.jpg,0,No DR
3105,left,3105_left.jpg,C:\Users\sures\.cache\kagglehub\datasets\andrewmvd\ocular-disease-recognition-odir5k\versions\2\ODIR-5K\ODIR-5K\Training Images\3105_left.jpg,0,No DR
3105,right,3105_right.jpg,C:\Users\sures\.cache\kagglehub\datasets\andrewmvd\ocular-disease-recognition-odir5k\versions\2\ODIR-5K\ODIR-5K\Training Images\3105_right.jpg,0,No DR
3106,left,3106_left.jpg,C:\Users\sures\.cache\kagglehub\datasets\andrewmvd\ocular-disease-recognition-odir5k\versions\2\ODIR-5K\ODIR-5K\Training Images\3106_left.jpg,0,No DR
3106,right,3106_right.jpg,C:\Users\sures\.cache\kagglehub\datasets\andrewmvd\ocular-disease-recognition-odir5k\versions\2\ODIR-5K\ODIR-5K\Training Images\3106_right.jpg,0,No DR
3107,left,3107_left.jpg,C:\Users\sures\.cache\kagglehub\datasets\andrewmvd\ocular-disease-recognition-odir5k\versions\2\ODIR-5K\ODIR-5K\Training Images\3107_left.jpg,0,No DR
3107,right,3107_right.jpg,C:\Users\sures\.cache\kagglehub\datasets\andrewmvd\ocular-disease-recognition-odir5k\versions\2\ODIR-5K\ODIR-5K\Training Images\3107_right.jpg,0,No DR
3109,left,3109_left.jpg,C:\Users\sures\.cache\kagglehub\datasets\andrewmvd\ocular-disease-recognition-odir5k\versions\2\ODIR-5K\ODIR-5K\Training Images\3109_left.jpg,0,No DR
3109,right,3109_right.jpg,C:\Users\sures\.cache\kagglehub\datasets\andrewmvd\ocular-disease-recognition-odir5k\versions\2\ODIR-5K\ODIR-5K\Training Images\3109_right.jpg,0,No DR
3110,left,3110_left.jpg,C:\Users\sures\.cache\kagglehub\datasets\andrewmvd\ocular-disease-recognition-odir5k\versions\2\ODIR-5K\ODIR-5K\Training Images\3110_left.jpg,0,No DR
3110,right,3110_right.jpg,C:\Users\sures\.cache\kagglehub\datasets\andrewmvd\ocular-disease-recognition-odir5k\versions\2\ODIR-5K\ODIR-5K\Training Images\3110_right.jpg,0,No DR
3111,left,3111_left.jpg,C:\Users\sures\.cache\kagglehub\datasets\andrewmvd\ocular-disease-recognition-odir5k\versions\2\ODIR-5K\ODIR-5K\Training Images\3111_left.jpg,0,No DR
3111,right,3111_right.jpg,C:\Users\sures\.cache\kagglehub\datasets\andrewmvd\ocular-disease-recognition-odir5k\versions\2\ODIR-5K\ODIR-5K\Training Images\3111_right.jpg,0,No DR
3112,left,3112_left.jpg,C:\Users\sures\.cache\kagglehub\datasets\andrewmvd\ocular-disease-recognition-odir5k\versions\2\ODIR-5K\ODIR-5K\Training Images\3112_left.jpg,0,No DR
3112,right,3112_right.jpg,C:\Users\sures\.cache\kagglehub\datasets\andrewmvd\ocular-disease-recognition-odir5k\versions\2\ODIR-5K\ODIR-5K\Training Images\3112_right.jpg,0,No DR
3114,left,3114_left.jpg,C:\Users\sures\.cache\kagglehub\datasets\andrewmvd\ocular-disease-recognition-odir5k\versions\2\ODIR-5K\ODIR-5K\Training Images\3114_left.jpg,0,No DR
3114,right,3114_right.jpg,C:\Users\sures\.cache\kagglehub\datasets\andrewmvd\ocular-disease-recognition-odir5k\versions\2\ODIR-5K\ODIR-5K\Training Images\3114_right.jpg,0,No DR
3115,left,3115_left.jpg,C:\Users\sures\.cache\kagglehub\datasets\andrewmvd\ocular-disease-recognition-odir5k\versions\2\ODIR-5K\ODIR-5K\Training Images\3115_left.jpg,0,No DR
3115,right,3115_right.jpg,C:\Users\sures\.cache\kagglehub\datasets\andrewmvd\ocular-disease-recognition-odir5k\versions\2\ODIR-5K\ODIR-5K\Training Images\3115_right.jpg,0,No DR
3117,left,3117_left.jpg,C:\Users\sures\.cache\kagglehub\datasets\andrewmvd\ocular-disease-recognition-odir5k\versions\2\ODIR-5K\ODIR-5K\Training Images\3117_left.jpg,0,No DR
3117,right,3117_right.jpg,C:\Users\sures\.cache\kagglehub\datasets\andrewmvd\ocular-disease-recognition-odir5k\versions\2\ODIR-5K\ODIR-5K\Training Images\3117_right.jpg,0,No DR
3120,left,3120_left.jpg,C:\Users\sures\.cache\kagglehub\datasets\andrewmvd\ocular-disease-recognition-odir5k\versions\2\ODIR-5K\ODIR-5K\Training Images\3120_left.jpg,0,No DR
3120,right,3120_right.jpg,C:\Users\sures\.cache\kagglehub\datasets\andrewmvd\ocular-disease-recognition-odir5k\versions\2\ODIR-5K\ODIR-5K\Training Images\3120_right.jpg,0,No DR
3121,left,3121_left.jpg,C:\Users\sures\.cache\kagglehub\datasets\andrewmvd\ocular-disease-recognition-odir5k\versions\2\ODIR-5K\ODIR-5K\Training Images\3121_left.jpg,0,No DR
3121,right,3121_right.jpg,C:\Users\sures\.cache\kagglehub\datasets\andrewmvd\ocular-disease-recognition-odir5k\versions\2\ODIR-5K\ODIR-5K\Training Images\3121_right.jpg,0,No DR
3122,left,3122_left.jpg,C:\Users\sures\.cache\kagglehub\datasets\andrewmvd\ocular-disease-recognition-odir5k\versions\2\ODIR-5K\ODIR-5K\Training Images\3122_left.jpg,0,No DR
3122,right,3122_right.jpg,C:\Users\sures\.cache\kagglehub\datasets\andrewmvd\ocular-disease-recognition-odir5k\versions\2\ODIR-5K\ODIR-5K\Training Images\3122_right.jpg,0,No DR
3123,left,3123_left.jpg,C:\Users\sures\.cache\kagglehub\datasets\andrewmvd\ocular-disease-recognition-odir5k\versions\2\ODIR-5K\ODIR-5K\Training Images\3123_left.jpg,0,No DR
3123,right,3123_right.jpg,C:\Users\sures\.cache\kagglehub\datasets\andrewmvd\ocular-disease-recognition-odir5k\versions\2\ODIR-5K\ODIR-5K\Training Images\3123_right.jpg,0,No DR
3124,left,3124_left.jpg,C:\Users\sures\.cache\kagglehub\datasets\andrewmvd\ocular-disease-recognition-odir5k\versions\2\ODIR-5K\ODIR-5K\Training Images\3124_left.jpg,0,No DR
3124,right,3124_right.jpg,C:\Users\sures\.cache\kagglehub\datasets\andrewmvd\ocular-disease-recognition-odir5k\versions\2\ODIR-5K\ODIR-5K\Training Images\3124_right.jpg,0,No DR
3125,left,3125_left.jpg,C:\Users\sures\.cache\kagglehub\datasets\andrewmvd\ocular-disease-recognition-odir5k\versions\2\ODIR-5K\ODIR-5K\Training Images\3125_left.jpg,0,No DR
3125,right,3125_right.jpg,C:\Users\sures\.cache\kagglehub\datasets\andrewmvd\ocular-disease-recognition-odir5k\versions\2\ODIR-5K\ODIR-5K\Training Images\3125_right.jpg,0,No DR
3126,left,3126_left.jpg,C:\Users\sures\.cache\kagglehub\datasets\andrewmvd\ocular-disease-recognition-odir5k\versions\2\ODIR-5K\ODIR-5K\Training Images\3126_left.jpg,0,No DR
3126,right,3126_right.jpg,C:\Users\sures\.cache\kagglehub\datasets\andrewmvd\ocular-disease-recognition-odir5k\versions\2\ODIR-5K\ODIR-5K\Training Images\3126_right.jpg,0,No DR
3127,left,3127_left.jpg,C:\Users\sures\.cache\kagglehub\datasets\andrewmvd\ocular-disease-recognition-odir5k\versions\2\ODIR-5K\ODIR-5K\Training Images\3127_left.jpg,0,No DR
3127,right,3127_right.jpg,C:\Users\sures\.cache\kagglehub\datasets\andrewmvd\ocular-disease-recognition-odir5k\versions\2\ODIR-5K\ODIR-5K\Training Images\3127_right.jpg,0,No DR
3128,left,3128_left.jpg,C:\Users\sures\.cache\kagglehub\datasets\andrewmvd\ocular-disease-recognition-odir5k\versions\2\ODIR-5K\ODIR-5K\Training Images\3128_left.jpg,0,No DR
3128,right,3128_right.jpg,C:\Users\sures\.cache\kagglehub\datasets\andrewmvd\ocular-disease-recognition-odir5k\versions\2\ODIR-5K\ODIR-5K\Training Images\3128_right.jpg,0,No DR
3131,left,3131_left.jpg,C:\Users\sures\.cache\kagglehub\datasets\andrewmvd\ocular-disease-recognition-odir5k\versions\2\ODIR-5K\ODIR-5K\Training Images\3131_left.jpg,0,No DR
3131,right,3131_right.jpg,C:\Users\sures\.cache\kagglehub\datasets\andrewmvd\ocular-disease-recognition-odir5k\versions\2\ODIR-5K\ODIR-5K\Training Images\3131_right.jpg,0,No DR
3132,left,3132_left.jpg,C:\Users\sures\.cache\kagglehub\datasets\andrewmvd\ocular-disease-recognition-odir5k\versions\2\ODIR-5K\ODIR-5K\Training Images\3132_left.jpg,0,No DR
3132,right,3132_right.jpg,C:\Users\sures\.cache\kagglehub\datasets\andrewmvd\ocular-disease-recognition-odir5k\versions\2\ODIR-5K\ODIR-5K\Training Images\3132_right.jpg,0,No DR
3135,left,3135_left.jpg,C:\Users\sures\.cache\kagglehub\datasets\andrewmvd\ocular-disease-recognition-odir5k\versions\2\ODIR-5K\ODIR-5K\Training Images\3135_left.jpg,0,No DR
3135,right,3135_right.jpg,C:\Users\sures\.cache\kagglehub\datasets\andrewmvd\ocular-disease-recognition-odir5k\versions\2\ODIR-5K\ODIR-5K\Training Images\3135_right.jpg,0,No DR
3136,left,3136_left.jpg,C:\Users\sures\.cache\kagglehub\datasets\andrewmvd\ocular-disease-recognition-odir5k\versions\2\ODIR-5K\ODIR-5K\Training Images\3136_left.jpg,0,No DR
3136,right,3136_right.jpg,C:\Users\sures\.cache\kagglehub\datasets\andrewmvd\ocular-disease-recognition-odir5k\versions\2\ODIR-5K\ODIR-5K\Training Images\3136_right.jpg,0,No DR
3137,left,3137_left.jpg,C:\Users\sures\.cache\kagglehub\datasets\andrewmvd\ocular-disease-recognition-odir5k\versions\2\ODIR-5K\ODIR-5K\Training Images\3137_left.jpg,0,No DR
3137,right,3137_right.jpg,C:\Users\sures\.cache\kagglehub\datasets\andrewmvd\ocular-disease-recognition-odir5k\versions\2\ODIR-5K\ODIR-5K\Training Images\3137_right.jpg,0,No DR
3138,left,3138_left.jpg,C:\Users\sures\.cache\kagglehub\datasets\andrewmvd\ocular-disease-recognition-odir5k\versions\2\ODIR-5K\ODIR-5K\Training Images\3138_left.jpg,0,No DR
3138,right,3138_right.jpg,C:\Users\sures\.cache\kagglehub\datasets\andrewmvd\ocular-disease-recognition-odir5k\versions\2\ODIR-5K\ODIR-5K\Training Images\3138_right.jpg,0,No DR
3139,left,3139_left.jpg,C:\Users\sures\.cache\kagglehub\datasets\andrewmvd\ocular-disease-recognition-odir5k\versions\2\ODIR-5K\ODIR-5K\Training Images\3139_left.jpg,0,No DR
3139,right,3139_right.jpg,C:\Users\sures\.cache\kagglehub\datasets\andrewmvd\ocular-disease-recognition-odir5k\versions\2\ODIR-5K\ODIR-5K\Training Images\3139_right.jpg,0,No DR
3140,left,3140_left.jpg,C:\Users\sures\.cache\kagglehub\datasets\andrewmvd\ocular-disease-recognition-odir5k\versions\2\ODIR-5K\ODIR-5K\Training Images\3140_left.jpg,0,No DR
3140,right,3140_right.jpg,C:\Users\sures\.cache\kagglehub\datasets\andrewmvd\ocular-disease-recognition-odir5k\versions\2\ODIR-5K\ODIR-5K\Training Images\3140_right.jpg,0,No DR
3141,left,3141_left.jpg,C:\Users\sures\.cache\kagglehub\datasets\andrewmvd\ocular-disease-recognition-odir5k\versions\2\ODIR-5K\ODIR-5K\Training Images\3141_left.jpg,0,No DR
3141,right,3141_right.jpg,C:\Users\sures\.cache\kagglehub\datasets\andrewmvd\ocular-disease-recognition-odir5k\versions\2\ODIR-5K\ODIR-5K\Training Images\3141_right.jpg,0,No DR
3142,left,3142_left.jpg,C:\Users\sures\.cache\kagglehub\datasets\andrewmvd\ocular-disease-recognition-odir5k\versions\2\ODIR-5K\ODIR-5K\Training Images\3142_left.jpg,0,No DR
3142,right,3142_right.jpg,C:\Users\sures\.cache\kagglehub\datasets\andrewmvd\ocular-disease-recognition-odir5k\versions\2\ODIR-5K\ODIR-5K\Training Images\3142_right.jpg,0,No DR
3143,left,3143_left.jpg,C:\Users\sures\.cache\kagglehub\datasets\andrewmvd\ocular-disease-recognition-odir5k\versions\2\ODIR-5K\ODIR-5K\Training Images\3143_left.jpg,0,No DR
3143,right,3143_right.jpg,C:\Users\sures\.cache\kagglehub\datasets\andrewmvd\ocular-disease-recognition-odir5k\versions\2\ODIR-5K\ODIR-5K\Training Images\3143_right.jpg,0,No DR
3144,left,3144_left.jpg,C:\Users\sures\.cache\kagglehub\datasets\andrewmvd\ocular-disease-recognition-odir5k\versions\2\ODIR-5K\ODIR-5K\Training Images\3144_left.jpg,0,No DR
3144,right,3144_right.jpg,C:\Users\sures\.cache\kagglehub\datasets\andrewmvd\ocular-disease-recognition-odir5k\versions\2\ODIR-5K\ODIR-5K\Training Images\3144_right.jpg,0,No DR
3145,left,3145_left.jpg,C:\Users\sures\.cache\kagglehub\datasets\andrewmvd\ocular-disease-recognition-odir5k\versions\2\ODIR-5K\ODIR-5K\Training Images\3145_left.jpg,0,No DR
3145,right,3145_right.jpg,C:\Users\sures\.cache\kagglehub\datasets\andrewmvd\ocular-disease-recognition-odir5k\versions\2\ODIR-5K\ODIR-5K\Training Images\3145_right.jpg,0,No DR
3146,left,3146_left.jpg,C:\Users\sures\.cache\kagglehub\datasets\andrewmvd\ocular-disease-recognition-odir5k\versions\2\ODIR-5K\ODIR-5K\Training Images\3146_left.jpg,0,No DR
3146,right,3146_right.jpg,C:\Users\sures\.cache\kagglehub\datasets\andrewmvd\ocular-disease-recognition-odir5k\versions\2\ODIR-5K\ODIR-5K\Training Images\3146_right.jpg,0,No DR
3147,left,3147_left.jpg,C:\Users\sures\.cache\kagglehub\datasets\andrewmvd\ocular-disease-recognition-odir5k\versions\2\ODIR-5K\ODIR-5K\Training Images\3147_left.jpg,0,No DR
3147,right,3147_right.jpg,C:\Users\sures\.cache\kagglehub\datasets\andrewmvd\ocular-disease-recognition-odir5k\versions\2\ODIR-5K\ODIR-5K\Training Images\3147_right.jpg,0,No DR
3149,left,3149_left.jpg,C:\Users\sures\.cache\kagglehub\datasets\andrewmvd\ocular-disease-recognition-odir5k\versions\2\ODIR-5K\ODIR-5K\Training Images\3149_left.jpg,0,No DR
3149,right,3149_right.jpg,C:\Users\sures\.cache\kagglehub\datasets\andrewmvd\ocular-disease-recognition-odir5k\versions\2\ODIR-5K\ODIR-5K\Training Images\3149_right.jpg,0,No DR
3150,left,3150_left.jpg,C:\Users\sures\.cache\kagglehub\datasets\andrewmvd\ocular-disease-recognition-odir5k\versions\2\ODIR-5K\ODIR-5K\Training Images\3150_left.jpg,0,No DR
3150,right,3150_right.jpg,C:\Users\sures\.cache\kagglehub\datasets\andrewmvd\ocular-disease-recognition-odir5k\versions\2\ODIR-5K\ODIR-5K\Training Images\3150_right.jpg,0,No DR
3151,left,3151_left.jpg,C:\Users\sures\.cache\kagglehub\datasets\andrewmvd\ocular-disease-recognition-odir5k\versions\2\ODIR-5K\ODIR-5K\Training Images\3151_left.jpg,0,No DR
3151,right,3151_right.jpg,C:\Users\sures\.cache\kagglehub\datasets\andrewmvd\ocular-disease-recognition-odir5k\versions\2\ODIR-5K\ODIR-5K\Training Images\3151_right.jpg,0,No DR
3152,left,3152_left.jpg,C:\Users\sures\.cache\kagglehub\datasets\andrewmvd\ocular-disease-recognition-odir5k\versions\2\ODIR-5K\ODIR-5K\Training Images\3152_left.jpg,0,No DR
3152,right,3152_right.jpg,C:\Users\sures\.cache\kagglehub\datasets\andrewmvd\ocular-disease-recognition-odir5k\versions\2\ODIR-5K\ODIR-5K\Training Images\3152_right.jpg,0,No DR
3153,left,3153_left.jpg,C:\Users\sures\.cache\kagglehub\datasets\andrewmvd\ocular-disease-recognition-odir5k\versions\2\ODIR-5K\ODIR-5K\Training Images\3153_left.jpg,0,No DR
3153,right,3153_right.jpg,C:\Users\sures\.cache\kagglehub\datasets\andrewmvd\ocular-disease-recognition-odir5k\versions\2\ODIR-5K\ODIR-5K\Training Images\3153_right.jpg,0,No DR
3157,left,3157_left.jpg,C:\Users\sures\.cache\kagglehub\datasets\andrewmvd\ocular-disease-recognition-odir5k\versions\2\ODIR-5K\ODIR-5K\Training Images\3157_left.jpg,0,No DR
3157,right,3157_right.jpg,C:\Users\sures\.cache\kagglehub\datasets\andrewmvd\ocular-disease-recognition-odir5k\versions\2\ODIR-5K\ODIR-5K\Training Images\3157_right.jpg,0,No DR
3159,left,3159_left.jpg,C:\Users\sures\.cache\kagglehub\datasets\andrewmvd\ocular-disease-recognition-odir5k\versions\2\ODIR-5K\ODIR-5K\Training Images\3159_left.jpg,0,No DR
3159,right,3159_right.jpg,C:\Users\sures\.cache\kagglehub\datasets\andrewmvd\ocular-disease-recognition-odir5k\versions\2\ODIR-5K\ODIR-5K\Training Images\3159_right.jpg,0,No DR
3160,left,3160_left.jpg,C:\Users\sures\.cache\kagglehub\datasets\andrewmvd\ocular-disease-recognition-odir5k\versions\2\ODIR-5K\ODIR-5K\Training Images\3160_left.jpg,0,No DR
3160,right,3160_right.jpg,C:\Users\sures\.cache\kagglehub\datasets\andrewmvd\ocular-disease-recognition-odir5k\versions\2\ODIR-5K\ODIR-5K\Training Images\3160_right.jpg,0,No DR
3161,left,3161_left.jpg,C:\Users\sures\.cache\kagglehub\datasets\andrewmvd\ocular-disease-recognition-odir5k\versions\2\ODIR-5K\ODIR-5K\Training Images\3161_left.jpg,0,No DR
3161,right,3161_right.jpg,C:\Users\sures\.cache\kagglehub\datasets\andrewmvd\ocular-disease-recognition-odir5k\versions\2\ODIR-5K\ODIR-5K\Training Images\3161_right.jpg,0,No DR
3162,left,3162_left.jpg,C:\Users\sures\.cache\kagglehub\datasets\andrewmvd\ocular-disease-recognition-odir5k\versions\2\ODIR-5K\ODIR-5K\Training Images\3162_left.jpg,0,No DR
3162,right,3162_right.jpg,C:\Users\sures\.cache\kagglehub\datasets\andrewmvd\ocular-disease-recognition-odir5k\versions\2\ODIR-5K\ODIR-5K\Training Images\3162_right.jpg,0,No DR
3164,left,3164_left.jpg,C:\Users\sures\.cache\kagglehub\datasets\andrewmvd\ocular-disease-recognition-odir5k\versions\2\ODIR-5K\ODIR-5K\Training Images\3164_left.jpg,0,No DR
3164,right,3164_right.jpg,C:\Users\sures\.cache\kagglehub\datasets\andrewmvd\ocular-disease-recognition-odir5k\versions\2\ODIR-5K\ODIR-5K\Training Images\3164_right.jpg,0,No DR
3165,left,3165_left.jpg,C:\Users\sures\.cache\kagglehub\datasets\andrewmvd\ocular-disease-recognition-odir5k\versions\2\ODIR-5K\ODIR-5K\Training Images\3165_left.jpg,0,No DR
3165,right,3165_right.jpg,C:\Users\sures\.cache\kagglehub\datasets\andrewmvd\ocular-disease-recognition-odir5k\versions\2\ODIR-5K\ODIR-5K\Training Images\3165_right.jpg,0,No DR
3167,left,3167_left.jpg,C:\Users\sures\.cache\kagglehub\datasets\andrewmvd\ocular-disease-recognition-odir5k\versions\2\ODIR-5K\ODIR-5K\Training Images\3167_left.jpg,0,No DR
3167,right,3167_right.jpg,C:\Users\sures\.cache\kagglehub\datasets\andrewmvd\ocular-disease-recognition-odir5k\versions\2\ODIR-5K\ODIR-5K\Training Images\3167_right.jpg,0,No DR
3168,left,3168_left.jpg,C:\Users\sures\.cache\kagglehub\datasets\andrewmvd\ocular-disease-recognition-odir5k\versions\2\ODIR-5K\ODIR-5K\Training Images\3168_left.jpg,0,No DR
3168,right,3168_right.jpg,C:\Users\sures\.cache\kagglehub\datasets\andrewmvd\ocular-disease-recognition-odir5k\versions\2\ODIR-5K\ODIR-5K\Training Images\3168_right.jpg,0,No DR
3169,left,3169_left.jpg,C:\Users\sures\.cache\kagglehub\datasets\andrewmvd\ocular-disease-recognition-odir5k\versions\2\ODIR-5K\ODIR-5K\Training Images\3169_left.jpg,0,No DR
3169,right,3169_right.jpg,C:\Users\sures\.cache\kagglehub\datasets\andrewmvd\ocular-disease-recognition-odir5k\versions\2\ODIR-5K\ODIR-5K\Training Images\3169_right.jpg,0,No DR
3171,left,3171_left.jpg,C:\Users\sures\.cache\kagglehub\datasets\andrewmvd\ocular-disease-recognition-odir5k\versions\2\ODIR-5K\ODIR-5K\Training Images\3171_left.jpg,0,No DR
3171,right,3171_right.jpg,C:\Users\sures\.cache\kagglehub\datasets\andrewmvd\ocular-disease-recognition-odir5k\versions\2\ODIR-5K\ODIR-5K\Training Images\3171_right.jpg,0,No DR
3172,left,3172_left.jpg,C:\Users\sures\.cache\kagglehub\datasets\andrewmvd\ocular-disease-recognition-odir5k\versions\2\ODIR-5K\ODIR-5K\Training Images\3172_left.jpg,0,No DR
3172,right,3172_right.jpg,C:\Users\sures\.cache\kagglehub\datasets\andrewmvd\ocular-disease-recognition-odir5k\versions\2\ODIR-5K\ODIR-5K\Training Images\3172_right.jpg,0,No DR
3173,left,3173_left.jpg,C:\Users\sures\.cache\kagglehub\datasets\andrewmvd\ocular-disease-recognition-odir5k\versions\2\ODIR-5K\ODIR-5K\Training Images\3173_left.jpg,0,No DR
3173,right,3173_right.jpg,C:\Users\sures\.cache\kagglehub\datasets\andrewmvd\ocular-disease-recognition-odir5k\versions\2\ODIR-5K\ODIR-5K\Training Images\3173_right.jpg,0,No DR
3174,left,3174_left.jpg,C:\Users\sures\.cache\kagglehub\datasets\andrewmvd\ocular-disease-recognition-odir5k\versions\2\ODIR-5K\ODIR-5K\Training Images\3174_left.jpg,0,No DR
3174,right,3174_right.jpg,C:\Users\sures\.cache\kagglehub\datasets\andrewmvd\ocular-disease-recognition-odir5k\versions\2\ODIR-5K\ODIR-5K\Training Images\3174_right.jpg,0,No DR
3175,left,3175_left.jpg,C:\Users\sures\.cache\kagglehub\datasets\andrewmvd\ocular-disease-recognition-odir5k\versions\2\ODIR-5K\ODIR-5K\Training Images\3175_left.jpg,0,No DR
3175,right,3175_right.jpg,C:\Users\sures\.cache\kagglehub\datasets\andrewmvd\ocular-disease-recognition-odir5k\versions\2\ODIR-5K\ODIR-5K\Training Images\3175_right.jpg,0,No DR
3177,left,3177_left.jpg,C:\Users\sures\.cache\kagglehub\datasets\andrewmvd\ocular-disease-recognition-odir5k\versions\2\ODIR-5K\ODIR-5K\Training Images\3177_left.jpg,0,No DR
3177,right,3177_right.jpg,C:\Users\sures\.cache\kagglehub\datasets\andrewmvd\ocular-disease-recognition-odir5k\versions\2\ODIR-5K\ODIR-5K\Training Images\3177_right.jpg,0,No DR
3178,left,3178_left.jpg,C:\Users\sures\.cache\kagglehub\datasets\andrewmvd\ocular-disease-recognition-odir5k\versions\2\ODIR-5K\ODIR-5K\Training Images\3178_left.jpg,0,No DR
3178,right,3178_right.jpg,C:\Users\sures\.cache\kagglehub\datasets\andrewmvd\ocular-disease-recognition-odir5k\versions\2\ODIR-5K\ODIR-5K\Training Images\3178_right.jpg,0,No DR
3179,left,3179_left.jpg,C:\Users\sures\.cache\kagglehub\datasets\andrewmvd\ocular-disease-recognition-odir5k\versions\2\ODIR-5K\ODIR-5K\Training Images\3179_left.jpg,0,No DR
3179,right,3179_right.jpg,C:\Users\sures\.cache\kagglehub\datasets\andrewmvd\ocular-disease-recognition-odir5k\versions\2\ODIR-5K\ODIR-5K\Training Images\3179_right.jpg,0,No DR
3180,left,3180_left.jpg,C:\Users\sures\.cache\kagglehub\datasets\andrewmvd\ocular-disease-recognition-odir5k\versions\2\ODIR-5K\ODIR-5K\Training Images\3180_left.jpg,0,No DR
3180,right,3180_right.jpg,C:\Users\sures\.cache\kagglehub\datasets\andrewmvd\ocular-disease-recognition-odir5k\versions\2\ODIR-5K\ODIR-5K\Training Images\3180_right.jpg,0,No DR
3181,left,3181_left.jpg,C:\Users\sures\.cache\kagglehub\datasets\andrewmvd\ocular-disease-recognition-odir5k\versions\2\ODIR-5K\ODIR-5K\Training Images\3181_left.jpg,0,No DR
3181,right,3181_right.jpg,C:\Users\sures\.cache\kagglehub\datasets\andrewmvd\ocular-disease-recognition-odir5k\versions\2\ODIR-5K\ODIR-5K\Training Images\3181_right.jpg,0,No DR
3182,left,3182_left.jpg,C:\Users\sures\.cache\kagglehub\datasets\andrewmvd\ocular-disease-recognition-odir5k\versions\2\ODIR-5K\ODIR-5K\Training Images\3182_left.jpg,0,No DR
3182,right,3182_right.jpg,C:\Users\sures\.cache\kagglehub\datasets\andrewmvd\ocular-disease-recognition-odir5k\versions\2\ODIR-5K\ODIR-5K\Training Images\3182_right.jpg,0,No DR
3183,left,3183_left.jpg,C:\Users\sures\.cache\kagglehub\datasets\andrewmvd\ocular-disease-recognition-odir5k\versions\2\ODIR-5K\ODIR-5K\Training Images\3183_left.jpg,0,No DR
3183,right,3183_right.jpg,C:\Users\sures\.cache\kagglehub\datasets\andrewmvd\ocular-disease-recognition-odir5k\versions\2\ODIR-5K\ODIR-5K\Training Images\3183_right.jpg,0,No DR
3184,left,3184_left.jpg,C:\Users\sures\.cache\kagglehub\datasets\andrewmvd\ocular-disease-recognition-odir5k\versions\2\ODIR-5K\ODIR-5K\Training Images\3184_left.jpg,0,No DR
3184,right,3184_right.jpg,C:\Users\sures\.cache\kagglehub\datasets\andrewmvd\ocular-disease-recognition-odir5k\versions\2\ODIR-5K\ODIR-5K\Training Images\3184_right.jpg,0,No DR
3186,left,3186_left.jpg,C:\Users\sures\.cache\kagglehub\datasets\andrewmvd\ocular-disease-recognition-odir5k\versions\2\ODIR-5K\ODIR-5K\Training Images\3186_left.jpg,0,No DR
3186,right,3186_right.jpg,C:\Users\sures\.cache\kagglehub\datasets\andrewmvd\ocular-disease-recognition-odir5k\versions\2\ODIR-5K\ODIR-5K\Training Images\3186_right.jpg,0,No DR
3187,left,3187_left.jpg,C:\Users\sures\.cache\kagglehub\datasets\andrewmvd\ocular-disease-recognition-odir5k\versions\2\ODIR-5K\ODIR-5K\Training Images\3187_left.jpg,0,No DR
3187,right,3187_right.jpg,C:\Users\sures\.cache\kagglehub\datasets\andrewmvd\ocular-disease-recognition-odir5k\versions\2\ODIR-5K\ODIR-5K\Training Images\3187_right.jpg,0,No DR
3189,left,3189_left.jpg,C:\Users\sures\.cache\kagglehub\datasets\andrewmvd\ocular-disease-recognition-odir5k\versions\2\ODIR-5K\ODIR-5K\Training Images\3189_left.jpg,0,No DR
3189,right,3189_right.jpg,C:\Users\sures\.cache\kagglehub\datasets\andrewmvd\ocular-disease-recognition-odir5k\versions\2\ODIR-5K\ODIR-5K\Training Images\3189_right.jpg,0,No DR
3190,left,3190_left.jpg,C:\Users\sures\.cache\kagglehub\datasets\andrewmvd\ocular-disease-recognition-odir5k\versions\2\ODIR-5K\ODIR-5K\Training Images\3190_left.jpg,0,No DR
3190,right,3190_right.jpg,C:\Users\sures\.cache\kagglehub\datasets\andrewmvd\ocular-disease-recognition-odir5k\versions\2\ODIR-5K\ODIR-5K\Training Images\3190_right.jpg,0,No DR
3194,left,3194_left.jpg,C:\Users\sures\.cache\kagglehub\datasets\andrewmvd\ocular-disease-recognition-odir5k\versions\2\ODIR-5K\ODIR-5K\Training Images\3194_left.jpg,0,No DR
3194,right,3194_right.jpg,C:\Users\sures\.cache\kagglehub\datasets\andrewmvd\ocular-disease-recognition-odir5k\versions\2\ODIR-5K\ODIR-5K\Training Images\3194_right.jpg,0,No DR
3196,left,3196_left.jpg,C:\Users\sures\.cache\kagglehub\datasets\andrewmvd\ocular-disease-recognition-odir5k\versions\2\ODIR-5K\ODIR-5K\Training Images\3196_left.jpg,0,No DR
3196,right,3196_right.jpg,C:\Users\sures\.cache\kagglehub\datasets\andrewmvd\ocular-disease-recognition-odir5k\versions\2\ODIR-5K\ODIR-5K\Training Images\3196_right.jpg,0,No DR
3197,left,3197_left.jpg,C:\Users\sures\.cache\kagglehub\datasets\andrewmvd\ocular-disease-recognition-odir5k\versions\2\ODIR-5K\ODIR-5K\Training Images\3197_left.jpg,0,No DR
3197,right,3197_right.jpg,C:\Users\sures\.cache\kagglehub\datasets\andrewmvd\ocular-disease-recognition-odir5k\versions\2\ODIR-5K\ODIR-5K\Training Images\3197_right.jpg,0,No DR
3198,left,3198_left.jpg,C:\Users\sures\.cache\kagglehub\datasets\andrewmvd\ocular-disease-recognition-odir5k\versions\2\ODIR-5K\ODIR-5K\Training Images\3198_left.jpg,0,No DR
3198,right,3198_right.jpg,C:\Users\sures\.cache\kagglehub\datasets\andrewmvd\ocular-disease-recognition-odir5k\versions\2\ODIR-5K\ODIR-5K\Training Images\3198_right.jpg,0,No DR
3199,left,3199_left.jpg,C:\Users\sures\.cache\kagglehub\datasets\andrewmvd\ocular-disease-recognition-odir5k\versions\2\ODIR-5K\ODIR-5K\Training Images\3199_left.jpg,0,No DR
3199,right,3199_right.jpg,C:\Users\sures\.cache\kagglehub\datasets\andrewmvd\ocular-disease-recognition-odir5k\versions\2\ODIR-5K\ODIR-5K\Training Images\3199_right.jpg,0,No DR
3200,left,3200_left.jpg,C:\Users\sures\.cache\kagglehub\datasets\andrewmvd\ocular-disease-recognition-odir5k\versions\2\ODIR-5K\ODIR-5K\Training Images\3200_left.jpg,0,No DR
3200,right,3200_right.jpg,C:\Users\sures\.cache\kagglehub\datasets\andrewmvd\ocular-disease-recognition-odir5k\versions\2\ODIR-5K\ODIR-5K\Training Images\3200_right.jpg,0,No DR
3201,left,3201_left.jpg,C:\Users\sures\.cache\kagglehub\datasets\andrewmvd\ocular-disease-recognition-odir5k\versions\2\ODIR-5K\ODIR-5K\Training Images\3201_left.jpg,0,No DR
3201,right,3201_right.jpg,C:\Users\sures\.cache\kagglehub\datasets\andrewmvd\ocular-disease-recognition-odir5k\versions\2\ODIR-5K\ODIR-5K\Training Images\3201_right.jpg,0,No DR
3203,left,3203_left.jpg,C:\Users\sures\.cache\kagglehub\datasets\andrewmvd\ocular-disease-recognition-odir5k\versions\2\ODIR-5K\ODIR-5K\Training Images\3203_left.jpg,0,No DR
3203,right,3203_right.jpg,C:\Users\sures\.cache\kagglehub\datasets\andrewmvd\ocular-disease-recognition-odir5k\versions\2\ODIR-5K\ODIR-5K\Training Images\3203_right.jpg,0,No DR
3205,left,3205_left.jpg,C:\Users\sures\.cache\kagglehub\datasets\andrewmvd\ocular-disease-recognition-odir5k\versions\2\ODIR-5K\ODIR-5K\Training Images\3205_left.jpg,0,No DR
3205,right,3205_right.jpg,C:\Users\sures\.cache\kagglehub\datasets\andrewmvd\ocular-disease-recognition-odir5k\versions\2\ODIR-5K\ODIR-5K\Training Images\3205_right.jpg,0,No DR
3206,left,3206_left.jpg,C:\Users\sures\.cache\kagglehub\datasets\andrewmvd\ocular-disease-recognition-odir5k\versions\2\ODIR-5K\ODIR-5K\Training Images\3206_left.jpg,0,No DR
3206,right,3206_right.jpg,C:\Users\sures\.cache\kagglehub\datasets\andrewmvd\ocular-disease-recognition-odir5k\versions\2\ODIR-5K\ODIR-5K\Training Images\3206_right.jpg,0,No DR
3207,left,3207_left.jpg,C:\Users\sures\.cache\kagglehub\datasets\andrewmvd\ocular-disease-recognition-odir5k\versions\2\ODIR-5K\ODIR-5K\Training Images\3207_left.jpg,0,No DR
3207,right,3207_right.jpg,C:\Users\sures\.cache\kagglehub\datasets\andrewmvd\ocular-disease-recognition-odir5k\versions\2\ODIR-5K\ODIR-5K\Training Images\3207_right.jpg,0,No DR
3208,left,3208_left.jpg,C:\Users\sures\.cache\kagglehub\datasets\andrewmvd\ocular-disease-recognition-odir5k\versions\2\ODIR-5K\ODIR-5K\Training Images\3208_left.jpg,0,No DR
3208,right,3208_right.jpg,C:\Users\sures\.cache\kagglehub\datasets\andrewmvd\ocular-disease-recognition-odir5k\versions\2\ODIR-5K\ODIR-5K\Training Images\3208_right.jpg,0,No DR
3209,left,3209_left.jpg,C:\Users\sures\.cache\kagglehub\datasets\andrewmvd\ocular-disease-recognition-odir5k\versions\2\ODIR-5K\ODIR-5K\Training Images\3209_left.jpg,0,No DR
3209,right,3209_right.jpg,C:\Users\sures\.cache\kagglehub\datasets\andrewmvd\ocular-disease-recognition-odir5k\versions\2\ODIR-5K\ODIR-5K\Training Images\3209_right.jpg,0,No DR
3212,left,3212_left.jpg,C:\Users\sures\.cache\kagglehub\datasets\andrewmvd\ocular-disease-recognition-odir5k\versions\2\ODIR-5K\ODIR-5K\Training Images\3212_left.jpg,0,No DR
3212,right,3212_right.jpg,C:\Users\sures\.cache\kagglehub\datasets\andrewmvd\ocular-disease-recognition-odir5k\versions\2\ODIR-5K\ODIR-5K\Training Images\3212_right.jpg,0,No DR
3213,left,3213_left.jpg,C:\Users\sures\.cache\kagglehub\datasets\andrewmvd\ocular-disease-recognition-odir5k\versions\2\ODIR-5K\ODIR-5K\Training Images\3213_left.jpg,0,No DR
3213,right,3213_right.jpg,C:\Users\sures\.cache\kagglehub\datasets\andrewmvd\ocular-disease-recognition-odir5k\versions\2\ODIR-5K\ODIR-5K\Training Images\3213_right.jpg,0,No DR
3216,left,3216_left.jpg,C:\Users\sures\.cache\kagglehub\datasets\andrewmvd\ocular-disease-recognition-odir5k\versions\2\ODIR-5K\ODIR-5K\Training Images\3216_left.jpg,0,No DR
3216,right,3216_right.jpg,C:\Users\sures\.cache\kagglehub\datasets\andrewmvd\ocular-disease-recognition-odir5k\versions\2\ODIR-5K\ODIR-5K\Training Images\3216_right.jpg,0,No DR
3217,left,3217_left.jpg,C:\Users\sures\.cache\kagglehub\datasets\andrewmvd\ocular-disease-recognition-odir5k\versions\2\ODIR-5K\ODIR-5K\Training Images\3217_left.jpg,0,No DR
3217,right,3217_right.jpg,C:\Users\sures\.cache\kagglehub\datasets\andrewmvd\ocular-disease-recognition-odir5k\versions\2\ODIR-5K\ODIR-5K\Training Images\3217_right.jpg,0,No DR
3219,left,3219_left.jpg,C:\Users\sures\.cache\kagglehub\datasets\andrewmvd\ocular-disease-recognition-odir5k\versions\2\ODIR-5K\ODIR-5K\Training Images\3219_left.jpg,0,No DR
3219,right,3219_right.jpg,C:\Users\sures\.cache\kagglehub\datasets\andrewmvd\ocular-disease-recognition-odir5k\versions\2\ODIR-5K\ODIR-5K\Training Images\3219_right.jpg,0,No DR
3221,left,3221_left.jpg,C:\Users\sures\.cache\kagglehub\datasets\andrewmvd\ocular-disease-recognition-odir5k\versions\2\ODIR-5K\ODIR-5K\Training Images\3221_left.jpg,0,No DR
3221,right,3221_right.jpg,C:\Users\sures\.cache\kagglehub\datasets\andrewmvd\ocular-disease-recognition-odir5k\versions\2\ODIR-5K\ODIR-5K\Training Images\3221_right.jpg,0,No DR
3223,left,3223_left.jpg,C:\Users\sures\.cache\kagglehub\datasets\andrewmvd\ocular-disease-recognition-odir5k\versions\2\ODIR-5K\ODIR-5K\Training Images\3223_left.jpg,0,No DR
3223,right,3223_right.jpg,C:\Users\sures\.cache\kagglehub\datasets\andrewmvd\ocular-disease-recognition-odir5k\versions\2\ODIR-5K\ODIR-5K\Training Images\3223_right.jpg,0,No DR
3225,left,3225_left.jpg,C:\Users\sures\.cache\kagglehub\datasets\andrewmvd\ocular-disease-recognition-odir5k\versions\2\ODIR-5K\ODIR-5K\Training Images\3225_left.jpg,0,No DR
3225,right,3225_right.jpg,C:\Users\sures\.cache\kagglehub\datasets\andrewmvd\ocular-disease-recognition-odir5k\versions\2\ODIR-5K\ODIR-5K\Training Images\3225_right.jpg,0,No DR
3230,left,3230_left.jpg,C:\Users\sures\.cache\kagglehub\datasets\andrewmvd\ocular-disease-recognition-odir5k\versions\2\ODIR-5K\ODIR-5K\Training Images\3230_left.jpg,0,No DR
3230,right,3230_right.jpg,C:\Users\sures\.cache\kagglehub\datasets\andrewmvd\ocular-disease-recognition-odir5k\versions\2\ODIR-5K\ODIR-5K\Training Images\3230_right.jpg,0,No DR
3234,left,3234_left.jpg,C:\Users\sures\.cache\kagglehub\datasets\andrewmvd\ocular-disease-recognition-odir5k\versions\2\ODIR-5K\ODIR-5K\Training Images\3234_left.jpg,0,No DR
3234,right,3234_right.jpg,C:\Users\sures\.cache\kagglehub\datasets\andrewmvd\ocular-disease-recognition-odir5k\versions\2\ODIR-5K\ODIR-5K\Training Images\3234_right.jpg,0,No DR
3236,left,3236_left.jpg,C:\Users\sures\.cache\kagglehub\datasets\andrewmvd\ocular-disease-recognition-odir5k\versions\2\ODIR-5K\ODIR-5K\Training Images\3236_left.jpg,0,No DR
3236,right,3236_right.jpg,C:\Users\sures\.cache\kagglehub\datasets\andrewmvd\ocular-disease-recognition-odir5k\versions\2\ODIR-5K\ODIR-5K\Training Images\3236_right.jpg,0,No DR
3238,left,3238_left.jpg,C:\Users\sures\.cache\kagglehub\datasets\andrewmvd\ocular-disease-recognition-odir5k\versions\2\ODIR-5K\ODIR-5K\Training Images\3238_left.jpg,0,No DR
3238,right,3238_right.jpg,C:\Users\sures\.cache\kagglehub\datasets\andrewmvd\ocular-disease-recognition-odir5k\versions\2\ODIR-5K\ODIR-5K\Training Images\3238_right.jpg,0,No DR
3239,left,3239_left.jpg,C:\Users\sures\.cache\kagglehub\datasets\andrewmvd\ocular-disease-recognition-odir5k\versions\2\ODIR-5K\ODIR-5K\Training Images\3239_left.jpg,0,No DR
3239,right,3239_right.jpg,C:\Users\sures\.cache\kagglehub\datasets\andrewmvd\ocular-disease-recognition-odir5k\versions\2\ODIR-5K\ODIR-5K\Training Images\3239_right.jpg,0,No DR
3240,left,3240_left.jpg,C:\Users\sures\.cache\kagglehub\datasets\andrewmvd\ocular-disease-recognition-odir5k\versions\2\ODIR-5K\ODIR-5K\Training Images\3240_left.jpg,0,No DR
3240,right,3240_right.jpg,C:\Users\sures\.cache\kagglehub\datasets\andrewmvd\ocular-disease-recognition-odir5k\versions\2\ODIR-5K\ODIR-5K\Training Images\3240_right.jpg,0,No DR
3241,left,3241_left.jpg,C:\Users\sures\.cache\kagglehub\datasets\andrewmvd\ocular-disease-recognition-odir5k\versions\2\ODIR-5K\ODIR-5K\Training Images\3241_left.jpg,0,No DR
3241,right,3241_right.jpg,C:\Users\sures\.cache\kagglehub\datasets\andrewmvd\ocular-disease-recognition-odir5k\versions\2\ODIR-5K\ODIR-5K\Training Images\3241_right.jpg,0,No DR
3242,left,3242_left.jpg,C:\Users\sures\.cache\kagglehub\datasets\andrewmvd\ocular-disease-recognition-odir5k\versions\2\ODIR-5K\ODIR-5K\Training Images\3242_left.jpg,0,No DR
3242,right,3242_right.jpg,C:\Users\sures\.cache\kagglehub\datasets\andrewmvd\ocular-disease-recognition-odir5k\versions\2\ODIR-5K\ODIR-5K\Training Images\3242_right.jpg,0,No DR
3243,left,3243_left.jpg,C:\Users\sures\.cache\kagglehub\datasets\andrewmvd\ocular-disease-recognition-odir5k\versions\2\ODIR-5K\ODIR-5K\Training Images\3243_left.jpg,0,No DR
3243,right,3243_right.jpg,C:\Users\sures\.cache\kagglehub\datasets\andrewmvd\ocular-disease-recognition-odir5k\versions\2\ODIR-5K\ODIR-5K\Training Images\3243_right.jpg,0,No DR
3244,left,3244_left.jpg,C:\Users\sures\.cache\kagglehub\datasets\andrewmvd\ocular-disease-recognition-odir5k\versions\2\ODIR-5K\ODIR-5K\Training Images\3244_left.jpg,0,No DR
3244,right,3244_right.jpg,C:\Users\sures\.cache\kagglehub\datasets\andrewmvd\ocular-disease-recognition-odir5k\versions\2\ODIR-5K\ODIR-5K\Training Images\3244_right.jpg,0,No DR
3245,left,3245_left.jpg,C:\Users\sures\.cache\kagglehub\datasets\andrewmvd\ocular-disease-recognition-odir5k\versions\2\ODIR-5K\ODIR-5K\Training Images\3245_left.jpg,0,No DR
3245,right,3245_right.jpg,C:\Users\sures\.cache\kagglehub\datasets\andrewmvd\ocular-disease-recognition-odir5k\versions\2\ODIR-5K\ODIR-5K\Training Images\3245_right.jpg,0,No DR
3246,left,3246_left.jpg,C:\Users\sures\.cache\kagglehub\datasets\andrewmvd\ocular-disease-recognition-odir5k\versions\2\ODIR-5K\ODIR-5K\Training Images\3246_left.jpg,0,No DR
3246,right,3246_right.jpg,C:\Users\sures\.cache\kagglehub\datasets\andrewmvd\ocular-disease-recognition-odir5k\versions\2\ODIR-5K\ODIR-5K\Training Images\3246_right.jpg,0,No DR
3247,left,3247_left.jpg,C:\Users\sures\.cache\kagglehub\datasets\andrewmvd\ocular-disease-recognition-odir5k\versions\2\ODIR-5K\ODIR-5K\Training Images\3247_left.jpg,0,No DR
3247,right,3247_right.jpg,C:\Users\sures\.cache\kagglehub\datasets\andrewmvd\ocular-disease-recognition-odir5k\versions\2\ODIR-5K\ODIR-5K\Training Images\3247_right.jpg,0,No DR
3249,left,3249_left.jpg,C:\Users\sures\.cache\kagglehub\datasets\andrewmvd\ocular-disease-recognition-odir5k\versions\2\ODIR-5K\ODIR-5K\Training Images\3249_left.jpg,0,No DR
3249,right,3249_right.jpg,C:\Users\sures\.cache\kagglehub\datasets\andrewmvd\ocular-disease-recognition-odir5k\versions\2\ODIR-5K\ODIR-5K\Training Images\3249_right.jpg,0,No DR
3252,left,3252_left.jpg,C:\Users\sures\.cache\kagglehub\datasets\andrewmvd\ocular-disease-recognition-odir5k\versions\2\ODIR-5K\ODIR-5K\Training Images\3252_left.jpg,0,No DR
3252,right,3252_right.jpg,C:\Users\sures\.cache\kagglehub\datasets\andrewmvd\ocular-disease-recognition-odir5k\versions\2\ODIR-5K\ODIR-5K\Training Images\3252_right.jpg,0,No DR
3253,left,3253_left.jpg,C:\Users\sures\.cache\kagglehub\datasets\andrewmvd\ocular-disease-recognition-odir5k\versions\2\ODIR-5K\ODIR-5K\Training Images\3253_left.jpg,0,No DR
3253,right,3253_right.jpg,C:\Users\sures\.cache\kagglehub\datasets\andrewmvd\ocular-disease-recognition-odir5k\versions\2\ODIR-5K\ODIR-5K\Training Images\3253_right.jpg,0,No DR
3254,left,3254_left.jpg,C:\Users\sures\.cache\kagglehub\datasets\andrewmvd\ocular-disease-recognition-odir5k\versions\2\ODIR-5K\ODIR-5K\Training Images\3254_left.jpg,0,No DR
3254,right,3254_right.jpg,C:\Users\sures\.cache\kagglehub\datasets\andrewmvd\ocular-disease-recognition-odir5k\versions\2\ODIR-5K\ODIR-5K\Training Images\3254_right.jpg,0,No DR
3255,left,3255_left.jpg,C:\Users\sures\.cache\kagglehub\datasets\andrewmvd\ocular-disease-recognition-odir5k\versions\2\ODIR-5K\ODIR-5K\Training Images\3255_left.jpg,0,No DR
3255,right,3255_right.jpg,C:\Users\sures\.cache\kagglehub\datasets\andrewmvd\ocular-disease-recognition-odir5k\versions\2\ODIR-5K\ODIR-5K\Training Images\3255_right.jpg,0,No DR
3256,left,3256_left.jpg,C:\Users\sures\.cache\kagglehub\datasets\andrewmvd\ocular-disease-recognition-odir5k\versions\2\ODIR-5K\ODIR-5K\Training Images\3256_left.jpg,0,No DR
3256,right,3256_right.jpg,C:\Users\sures\.cache\kagglehub\datasets\andrewmvd\ocular-disease-recognition-odir5k\versions\2\ODIR-5K\ODIR-5K\Training Images\3256_right.jpg,0,No DR
3257,left,3257_left.jpg,C:\Users\sures\.cache\kagglehub\datasets\andrewmvd\ocular-disease-recognition-odir5k\versions\2\ODIR-5K\ODIR-5K\Training Images\3257_left.jpg,0,No DR
3257,right,3257_right.jpg,C:\Users\sures\.cache\kagglehub\datasets\andrewmvd\ocular-disease-recognition-odir5k\versions\2\ODIR-5K\ODIR-5K\Training Images\3257_right.jpg,0,No DR
3258,left,3258_left.jpg,C:\Users\sures\.cache\kagglehub\datasets\andrewmvd\ocular-disease-recognition-odir5k\versions\2\ODIR-5K\ODIR-5K\Training Images\3258_left.jpg,0,No DR
3258,right,3258_right.jpg,C:\Users\sures\.cache\kagglehub\datasets\andrewmvd\ocular-disease-recognition-odir5k\versions\2\ODIR-5K\ODIR-5K\Training Images\3258_right.jpg,0,No DR
3259,left,3259_left.jpg,C:\Users\sures\.cache\kagglehub\datasets\andrewmvd\ocular-disease-recognition-odir5k\versions\2\ODIR-5K\ODIR-5K\Training Images\3259_left.jpg,0,No DR
3259,right,3259_right.jpg,C:\Users\sures\.cache\kagglehub\datasets\andrewmvd\ocular-disease-recognition-odir5k\versions\2\ODIR-5K\ODIR-5K\Training Images\3259_right.jpg,0,No DR
3260,left,3260_left.jpg,C:\Users\sures\.cache\kagglehub\datasets\andrewmvd\ocular-disease-recognition-odir5k\versions\2\ODIR-5K\ODIR-5K\Training Images\3260_left.jpg,0,No DR
3260,right,3260_right.jpg,C:\Users\sures\.cache\kagglehub\datasets\andrewmvd\ocular-disease-recognition-odir5k\versions\2\ODIR-5K\ODIR-5K\Training Images\3260_right.jpg,0,No DR
3262,left,3262_left.jpg,C:\Users\sures\.cache\kagglehub\datasets\andrewmvd\ocular-disease-recognition-odir5k\versions\2\ODIR-5K\ODIR-5K\Training Images\3262_left.jpg,0,No DR
3262,right,3262_right.jpg,C:\Users\sures\.cache\kagglehub\datasets\andrewmvd\ocular-disease-recognition-odir5k\versions\2\ODIR-5K\ODIR-5K\Training Images\3262_right.jpg,0,No DR
3264,left,3264_left.jpg,C:\Users\sures\.cache\kagglehub\datasets\andrewmvd\ocular-disease-recognition-odir5k\versions\2\ODIR-5K\ODIR-5K\Training Images\3264_left.jpg,0,No DR
3264,right,3264_right.jpg,C:\Users\sures\.cache\kagglehub\datasets\andrewmvd\ocular-disease-recognition-odir5k\versions\2\ODIR-5K\ODIR-5K\Training Images\3264_right.jpg,0,No DR
3266,left,3266_left.jpg,C:\Users\sures\.cache\kagglehub\datasets\andrewmvd\ocular-disease-recognition-odir5k\versions\2\ODIR-5K\ODIR-5K\Training Images\3266_left.jpg,0,No DR
3266,right,3266_right.jpg,C:\Users\sures\.cache\kagglehub\datasets\andrewmvd\ocular-disease-recognition-odir5k\versions\2\ODIR-5K\ODIR-5K\Training Images\3266_right.jpg,0,No DR
3268,left,3268_left.jpg,C:\Users\sures\.cache\kagglehub\datasets\andrewmvd\ocular-disease-recognition-odir5k\versions\2\ODIR-5K\ODIR-5K\Training Images\3268_left.jpg,0,No DR
3268,right,3268_right.jpg,C:\Users\sures\.cache\kagglehub\datasets\andrewmvd\ocular-disease-recognition-odir5k\versions\2\ODIR-5K\ODIR-5K\Training Images\3268_right.jpg,0,No DR
3269,left,3269_left.jpg,C:\Users\sures\.cache\kagglehub\datasets\andrewmvd\ocular-disease-recognition-odir5k\versions\2\ODIR-5K\ODIR-5K\Training Images\3269_left.jpg,0,No DR
3269,right,3269_right.jpg,C:\Users\sures\.cache\kagglehub\datasets\andrewmvd\ocular-disease-recognition-odir5k\versions\2\ODIR-5K\ODIR-5K\Training Images\3269_right.jpg,0,No DR
3270,left,3270_left.jpg,C:\Users\sures\.cache\kagglehub\datasets\andrewmvd\ocular-disease-recognition-odir5k\versions\2\ODIR-5K\ODIR-5K\Training Images\3270_left.jpg,0,No DR
3270,right,3270_right.jpg,C:\Users\sures\.cache\kagglehub\datasets\andrewmvd\ocular-disease-recognition-odir5k\versions\2\ODIR-5K\ODIR-5K\Training Images\3270_right.jpg,0,No DR
3272,left,3272_left.jpg,C:\Users\sures\.cache\kagglehub\datasets\andrewmvd\ocular-disease-recognition-odir5k\versions\2\ODIR-5K\ODIR-5K\Training Images\3272_left.jpg,0,No DR
3272,right,3272_right.jpg,C:\Users\sures\.cache\kagglehub\datasets\andrewmvd\ocular-disease-recognition-odir5k\versions\2\ODIR-5K\ODIR-5K\Training Images\3272_right.jpg,0,No DR
3274,left,3274_left.jpg,C:\Users\sures\.cache\kagglehub\datasets\andrewmvd\ocular-disease-recognition-odir5k\versions\2\ODIR-5K\ODIR-5K\Training Images\3274_left.jpg,0,No DR
3274,right,3274_right.jpg,C:\Users\sures\.cache\kagglehub\datasets\andrewmvd\ocular-disease-recognition-odir5k\versions\2\ODIR-5K\ODIR-5K\Training Images\3274_right.jpg,0,No DR
3275,left,3275_left.jpg,C:\Users\sures\.cache\kagglehub\datasets\andrewmvd\ocular-disease-recognition-odir5k\versions\2\ODIR-5K\ODIR-5K\Training Images\3275_left.jpg,0,No DR
3275,right,3275_right.jpg,C:\Users\sures\.cache\kagglehub\datasets\andrewmvd\ocular-disease-recognition-odir5k\versions\2\ODIR-5K\ODIR-5K\Training Images\3275_right.jpg,0,No DR
3276,left,3276_left.jpg,C:\Users\sures\.cache\kagglehub\datasets\andrewmvd\ocular-disease-recognition-odir5k\versions\2\ODIR-5K\ODIR-5K\Training Images\3276_left.jpg,0,No DR
3276,right,3276_right.jpg,C:\Users\sures\.cache\kagglehub\datasets\andrewmvd\ocular-disease-recognition-odir5k\versions\2\ODIR-5K\ODIR-5K\Training Images\3276_right.jpg,0,No DR
3282,left,3282_left.jpg,C:\Users\sures\.cache\kagglehub\datasets\andrewmvd\ocular-disease-recognition-odir5k\versions\2\ODIR-5K\ODIR-5K\Training Images\3282_left.jpg,0,No DR
3282,right,3282_right.jpg,C:\Users\sures\.cache\kagglehub\datasets\andrewmvd\ocular-disease-recognition-odir5k\versions\2\ODIR-5K\ODIR-5K\Training Images\3282_right.jpg,0,No DR
3283,left,3283_left.jpg,C:\Users\sures\.cache\kagglehub\datasets\andrewmvd\ocular-disease-recognition-odir5k\versions\2\ODIR-5K\ODIR-5K\Training Images\3283_left.jpg,0,No DR
3283,right,3283_right.jpg,C:\Users\sures\.cache\kagglehub\datasets\andrewmvd\ocular-disease-recognition-odir5k\versions\2\ODIR-5K\ODIR-5K\Training Images\3283_right.jpg,0,No DR
3284,left,3284_left.jpg,C:\Users\sures\.cache\kagglehub\datasets\andrewmvd\ocular-disease-recognition-odir5k\versions\2\ODIR-5K\ODIR-5K\Training Images\3284_left.jpg,0,No DR
3284,right,3284_right.jpg,C:\Users\sures\.cache\kagglehub\datasets\andrewmvd\ocular-disease-recognition-odir5k\versions\2\ODIR-5K\ODIR-5K\Training Images\3284_right.jpg,0,No DR
3285,left,3285_left.jpg,C:\Users\sures\.cache\kagglehub\datasets\andrewmvd\ocular-disease-recognition-odir5k\versions\2\ODIR-5K\ODIR-5K\Training Images\3285_left.jpg,0,No DR
3285,right,3285_right.jpg,C:\Users\sures\.cache\kagglehub\datasets\andrewmvd\ocular-disease-recognition-odir5k\versions\2\ODIR-5K\ODIR-5K\Training Images\3285_right.jpg,0,No DR
3287,left,3287_left.jpg,C:\Users\sures\.cache\kagglehub\datasets\andrewmvd\ocular-disease-recognition-odir5k\versions\2\ODIR-5K\ODIR-5K\Training Images\3287_left.jpg,0,No DR
3287,right,3287_right.jpg,C:\Users\sures\.cache\kagglehub\datasets\andrewmvd\ocular-disease-recognition-odir5k\versions\2\ODIR-5K\ODIR-5K\Training Images\3287_right.jpg,0,No DR
3290,left,3290_left.jpg,C:\Users\sures\.cache\kagglehub\datasets\andrewmvd\ocular-disease-recognition-odir5k\versions\2\ODIR-5K\ODIR-5K\Training Images\3290_left.jpg,0,No DR
3290,right,3290_right.jpg,C:\Users\sures\.cache\kagglehub\datasets\andrewmvd\ocular-disease-recognition-odir5k\versions\2\ODIR-5K\ODIR-5K\Training Images\3290_right.jpg,0,No DR
3294,left,3294_left.jpg,C:\Users\sures\.cache\kagglehub\datasets\andrewmvd\ocular-disease-recognition-odir5k\versions\2\ODIR-5K\ODIR-5K\Training Images\3294_left.jpg,0,No DR
3294,right,3294_right.jpg,C:\Users\sures\.cache\kagglehub\datasets\andrewmvd\ocular-disease-recognition-odir5k\versions\2\ODIR-5K\ODIR-5K\Training Images\3294_right.jpg,0,No DR
3298,left,3298_left.jpg,C:\Users\sures\.cache\kagglehub\datasets\andrewmvd\ocular-disease-recognition-odir5k\versions\2\ODIR-5K\ODIR-5K\Training Images\3298_left.jpg,0,No DR
3298,right,3298_right.jpg,C:\Users\sures\.cache\kagglehub\datasets\andrewmvd\ocular-disease-recognition-odir5k\versions\2\ODIR-5K\ODIR-5K\Training Images\3298_right.jpg,0,No DR
3301,left,3301_left.jpg,C:\Users\sures\.cache\kagglehub\datasets\andrewmvd\ocular-disease-recognition-odir5k\versions\2\ODIR-5K\ODIR-5K\Training Images\3301_left.jpg,0,No DR
3301,right,3301_right.jpg,C:\Users\sures\.cache\kagglehub\datasets\andrewmvd\ocular-disease-recognition-odir5k\versions\2\ODIR-5K\ODIR-5K\Training Images\3301_right.jpg,0,No DR
3302,left,3302_left.jpg,C:\Users\sures\.cache\kagglehub\datasets\andrewmvd\ocular-disease-recognition-odir5k\versions\2\ODIR-5K\ODIR-5K\Training Images\3302_left.jpg,0,No DR
3302,right,3302_right.jpg,C:\Users\sures\.cache\kagglehub\datasets\andrewmvd\ocular-disease-recognition-odir5k\versions\2\ODIR-5K\ODIR-5K\Training Images\3302_right.jpg,0,No DR
3303,left,3303_left.jpg,C:\Users\sures\.cache\kagglehub\datasets\andrewmvd\ocular-disease-recognition-odir5k\versions\2\ODIR-5K\ODIR-5K\Training Images\3303_left.jpg,0,No DR
3303,right,3303_right.jpg,C:\Users\sures\.cache\kagglehub\datasets\andrewmvd\ocular-disease-recognition-odir5k\versions\2\ODIR-5K\ODIR-5K\Training Images\3303_right.jpg,0,No DR
3304,left,3304_left.jpg,C:\Users\sures\.cache\kagglehub\datasets\andrewmvd\ocular-disease-recognition-odir5k\versions\2\ODIR-5K\ODIR-5K\Training Images\3304_left.jpg,0,No DR
3304,right,3304_right.jpg,C:\Users\sures\.cache\kagglehub\datasets\andrewmvd\ocular-disease-recognition-odir5k\versions\2\ODIR-5K\ODIR-5K\Training Images\3304_right.jpg,0,No DR
3305,left,3305_left.jpg,C:\Users\sures\.cache\kagglehub\datasets\andrewmvd\ocular-disease-recognition-odir5k\versions\2\ODIR-5K\ODIR-5K\Training Images\3305_left.jpg,0,No DR
3305,right,3305_right.jpg,C:\Users\sures\.cache\kagglehub\datasets\andrewmvd\ocular-disease-recognition-odir5k\versions\2\ODIR-5K\ODIR-5K\Training Images\3305_right.jpg,0,No DR
3306,left,3306_left.jpg,C:\Users\sures\.cache\kagglehub\datasets\andrewmvd\ocular-disease-recognition-odir5k\versions\2\ODIR-5K\ODIR-5K\Training Images\3306_left.jpg,0,No DR
3306,right,3306_right.jpg,C:\Users\sures\.cache\kagglehub\datasets\andrewmvd\ocular-disease-recognition-odir5k\versions\2\ODIR-5K\ODIR-5K\Training Images\3306_right.jpg,0,No DR
3307,left,3307_left.jpg,C:\Users\sures\.cache\kagglehub\datasets\andrewmvd\ocular-disease-recognition-odir5k\versions\2\ODIR-5K\ODIR-5K\Training Images\3307_left.jpg,0,No DR
3307,right,3307_right.jpg,C:\Users\sures\.cache\kagglehub\datasets\andrewmvd\ocular-disease-recognition-odir5k\versions\2\ODIR-5K\ODIR-5K\Training Images\3307_right.jpg,0,No DR
3308,left,3308_left.jpg,C:\Users\sures\.cache\kagglehub\datasets\andrewmvd\ocular-disease-recognition-odir5k\versions\2\ODIR-5K\ODIR-5K\Training Images\3308_left.jpg,0,No DR
3308,right,3308_right.jpg,C:\Users\sures\.cache\kagglehub\datasets\andrewmvd\ocular-disease-recognition-odir5k\versions\2\ODIR-5K\ODIR-5K\Training Images\3308_right.jpg,0,No DR
3309,left,3309_left.jpg,C:\Users\sures\.cache\kagglehub\datasets\andrewmvd\ocular-disease-recognition-odir5k\versions\2\ODIR-5K\ODIR-5K\Training Images\3309_left.jpg,0,No DR
3309,right,3309_right.jpg,C:\Users\sures\.cache\kagglehub\datasets\andrewmvd\ocular-disease-recognition-odir5k\versions\2\ODIR-5K\ODIR-5K\Training Images\3309_right.jpg,0,No DR
3310,left,3310_left.jpg,C:\Users\sures\.cache\kagglehub\datasets\andrewmvd\ocular-disease-recognition-odir5k\versions\2\ODIR-5K\ODIR-5K\Training Images\3310_left.jpg,0,No DR
3310,right,3310_right.jpg,C:\Users\sures\.cache\kagglehub\datasets\andrewmvd\ocular-disease-recognition-odir5k\versions\2\ODIR-5K\ODIR-5K\Training Images\3310_right.jpg,0,No DR
3311,left,3311_left.jpg,C:\Users\sures\.cache\kagglehub\datasets\andrewmvd\ocular-disease-recognition-odir5k\versions\2\ODIR-5K\ODIR-5K\Training Images\3311_left.jpg,0,No DR
3311,right,3311_right.jpg,C:\Users\sures\.cache\kagglehub\datasets\andrewmvd\ocular-disease-recognition-odir5k\versions\2\ODIR-5K\ODIR-5K\Training Images\3311_right.jpg,0,No DR
3312,left,3312_left.jpg,C:\Users\sures\.cache\kagglehub\datasets\andrewmvd\ocular-disease-recognition-odir5k\versions\2\ODIR-5K\ODIR-5K\Training Images\3312_left.jpg,0,No DR
3312,right,3312_right.jpg,C:\Users\sures\.cache\kagglehub\datasets\andrewmvd\ocular-disease-recognition-odir5k\versions\2\ODIR-5K\ODIR-5K\Training Images\3312_right.jpg,0,No DR
3313,left,3313_left.jpg,C:\Users\sures\.cache\kagglehub\datasets\andrewmvd\ocular-disease-recognition-odir5k\versions\2\ODIR-5K\ODIR-5K\Training Images\3313_left.jpg,0,No DR
3313,right,3313_right.jpg,C:\Users\sures\.cache\kagglehub\datasets\andrewmvd\ocular-disease-recognition-odir5k\versions\2\ODIR-5K\ODIR-5K\Training Images\3313_right.jpg,0,No DR
3315,left,3315_left.jpg,C:\Users\sures\.cache\kagglehub\datasets\andrewmvd\ocular-disease-recognition-odir5k\versions\2\ODIR-5K\ODIR-5K\Training Images\3315_left.jpg,0,No DR
3315,right,3315_right.jpg,C:\Users\sures\.cache\kagglehub\datasets\andrewmvd\ocular-disease-recognition-odir5k\versions\2\ODIR-5K\ODIR-5K\Training Images\3315_right.jpg,0,No DR
3316,left,3316_left.jpg,C:\Users\sures\.cache\kagglehub\datasets\andrewmvd\ocular-disease-recognition-odir5k\versions\2\ODIR-5K\ODIR-5K\Training Images\3316_left.jpg,0,No DR
3316,right,3316_right.jpg,C:\Users\sures\.cache\kagglehub\datasets\andrewmvd\ocular-disease-recognition-odir5k\versions\2\ODIR-5K\ODIR-5K\Training Images\3316_right.jpg,0,No DR
3317,left,3317_left.jpg,C:\Users\sures\.cache\kagglehub\datasets\andrewmvd\ocular-disease-recognition-odir5k\versions\2\ODIR-5K\ODIR-5K\Training Images\3317_left.jpg,0,No DR
3317,right,3317_right.jpg,C:\Users\sures\.cache\kagglehub\datasets\andrewmvd\ocular-disease-recognition-odir5k\versions\2\ODIR-5K\ODIR-5K\Training Images\3317_right.jpg,0,No DR
3319,left,3319_left.jpg,C:\Users\sures\.cache\kagglehub\datasets\andrewmvd\ocular-disease-recognition-odir5k\versions\2\ODIR-5K\ODIR-5K\Training Images\3319_left.jpg,0,No DR
3319,right,3319_right.jpg,C:\Users\sures\.cache\kagglehub\datasets\andrewmvd\ocular-disease-recognition-odir5k\versions\2\ODIR-5K\ODIR-5K\Training Images\3319_right.jpg,0,No DR
3320,left,3320_left.jpg,C:\Users\sures\.cache\kagglehub\datasets\andrewmvd\ocular-disease-recognition-odir5k\versions\2\ODIR-5K\ODIR-5K\Training Images\3320_left.jpg,0,No DR
3320,right,3320_right.jpg,C:\Users\sures\.cache\kagglehub\datasets\andrewmvd\ocular-disease-recognition-odir5k\versions\2\ODIR-5K\ODIR-5K\Training Images\3320_right.jpg,0,No DR
3321,left,3321_left.jpg,C:\Users\sures\.cache\kagglehub\datasets\andrewmvd\ocular-disease-recognition-odir5k\versions\2\ODIR-5K\ODIR-5K\Training Images\3321_left.jpg,0,No DR
3321,right,3321_right.jpg,C:\Users\sures\.cache\kagglehub\datasets\andrewmvd\ocular-disease-recognition-odir5k\versions\2\ODIR-5K\ODIR-5K\Training Images\3321_right.jpg,0,No DR
3323,left,3323_left.jpg,C:\Users\sures\.cache\kagglehub\datasets\andrewmvd\ocular-disease-recognition-odir5k\versions\2\ODIR-5K\ODIR-5K\Training Images\3323_left.jpg,0,No DR
3323,right,3323_right.jpg,C:\Users\sures\.cache\kagglehub\datasets\andrewmvd\ocular-disease-recognition-odir5k\versions\2\ODIR-5K\ODIR-5K\Training Images\3323_right.jpg,0,No DR
3326,left,3326_left.jpg,C:\Users\sures\.cache\kagglehub\datasets\andrewmvd\ocular-disease-recognition-odir5k\versions\2\ODIR-5K\ODIR-5K\Training Images\3326_left.jpg,0,No DR
3326,right,3326_right.jpg,C:\Users\sures\.cache\kagglehub\datasets\andrewmvd\ocular-disease-recognition-odir5k\versions\2\ODIR-5K\ODIR-5K\Training Images\3326_right.jpg,0,No DR
3327,left,3327_left.jpg,C:\Users\sures\.cache\kagglehub\datasets\andrewmvd\ocular-disease-recognition-odir5k\versions\2\ODIR-5K\ODIR-5K\Training Images\3327_left.jpg,0,No DR
3327,right,3327_right.jpg,C:\Users\sures\.cache\kagglehub\datasets\andrewmvd\ocular-disease-recognition-odir5k\versions\2\ODIR-5K\ODIR-5K\Training Images\3327_right.jpg,0,No DR
3330,left,3330_left.jpg,C:\Users\sures\.cache\kagglehub\datasets\andrewmvd\ocular-disease-recognition-odir5k\versions\2\ODIR-5K\ODIR-5K\Training Images\3330_left.jpg,0,No DR
3330,right,3330_right.jpg,C:\Users\sures\.cache\kagglehub\datasets\andrewmvd\ocular-disease-recognition-odir5k\versions\2\ODIR-5K\ODIR-5K\Training Images\3330_right.jpg,0,No DR
3331,left,3331_left.jpg,C:\Users\sures\.cache\kagglehub\datasets\andrewmvd\ocular-disease-recognition-odir5k\versions\2\ODIR-5K\ODIR-5K\Training Images\3331_left.jpg,0,No DR
3331,right,3331_right.jpg,C:\Users\sures\.cache\kagglehub\datasets\andrewmvd\ocular-disease-recognition-odir5k\versions\2\ODIR-5K\ODIR-5K\Training Images\3331_right.jpg,0,No DR
3333,left,3333_left.jpg,C:\Users\sures\.cache\kagglehub\datasets\andrewmvd\ocular-disease-recognition-odir5k\versions\2\ODIR-5K\ODIR-5K\Training Images\3333_left.jpg,0,No DR
3333,right,3333_right.jpg,C:\Users\sures\.cache\kagglehub\datasets\andrewmvd\ocular-disease-recognition-odir5k\versions\2\ODIR-5K\ODIR-5K\Training Images\3333_right.jpg,0,No DR
3336,left,3336_left.jpg,C:\Users\sures\.cache\kagglehub\datasets\andrewmvd\ocular-disease-recognition-odir5k\versions\2\ODIR-5K\ODIR-5K\Training Images\3336_left.jpg,0,No DR
3336,right,3336_right.jpg,C:\Users\sures\.cache\kagglehub\datasets\andrewmvd\ocular-disease-recognition-odir5k\versions\2\ODIR-5K\ODIR-5K\Training Images\3336_right.jpg,0,No DR
3338,left,3338_left.jpg,C:\Users\sures\.cache\kagglehub\datasets\andrewmvd\ocular-disease-recognition-odir5k\versions\2\ODIR-5K\ODIR-5K\Training Images\3338_left.jpg,0,No DR
3338,right,3338_right.jpg,C:\Users\sures\.cache\kagglehub\datasets\andrewmvd\ocular-disease-recognition-odir5k\versions\2\ODIR-5K\ODIR-5K\Training Images\3338_right.jpg,0,No DR
3339,left,3339_left.jpg,C:\Users\sures\.cache\kagglehub\datasets\andrewmvd\ocular-disease-recognition-odir5k\versions\2\ODIR-5K\ODIR-5K\Training Images\3339_left.jpg,0,No DR
3339,right,3339_right.jpg,C:\Users\sures\.cache\kagglehub\datasets\andrewmvd\ocular-disease-recognition-odir5k\versions\2\ODIR-5K\ODIR-5K\Training Images\3339_right.jpg,0,No DR
3340,left,3340_left.jpg,C:\Users\sures\.cache\kagglehub\datasets\andrewmvd\ocular-disease-recognition-odir5k\versions\2\ODIR-5K\ODIR-5K\Training Images\3340_left.jpg,0,No DR
3340,right,3340_right.jpg,C:\Users\sures\.cache\kagglehub\datasets\andrewmvd\ocular-disease-recognition-odir5k\versions\2\ODIR-5K\ODIR-5K\Training Images\3340_right.jpg,0,No DR
3341,left,3341_left.jpg,C:\Users\sures\.cache\kagglehub\datasets\andrewmvd\ocular-disease-recognition-odir5k\versions\2\ODIR-5K\ODIR-5K\Training Images\3341_left.jpg,0,No DR
3341,right,3341_right.jpg,C:\Users\sures\.cache\kagglehub\datasets\andrewmvd\ocular-disease-recognition-odir5k\versions\2\ODIR-5K\ODIR-5K\Training Images\3341_right.jpg,0,No DR
3342,left,3342_left.jpg,C:\Users\sures\.cache\kagglehub\datasets\andrewmvd\ocular-disease-recognition-odir5k\versions\2\ODIR-5K\ODIR-5K\Training Images\3342_left.jpg,0,No DR
3342,right,3342_right.jpg,C:\Users\sures\.cache\kagglehub\datasets\andrewmvd\ocular-disease-recognition-odir5k\versions\2\ODIR-5K\ODIR-5K\Training Images\3342_right.jpg,0,No DR
3343,left,3343_left.jpg,C:\Users\sures\.cache\kagglehub\datasets\andrewmvd\ocular-disease-recognition-odir5k\versions\2\ODIR-5K\ODIR-5K\Training Images\3343_left.jpg,0,No DR
3343,right,3343_right.jpg,C:\Users\sures\.cache\kagglehub\datasets\andrewmvd\ocular-disease-recognition-odir5k\versions\2\ODIR-5K\ODIR-5K\Training Images\3343_right.jpg,0,No DR
3345,left,3345_left.jpg,C:\Users\sures\.cache\kagglehub\datasets\andrewmvd\ocular-disease-recognition-odir5k\versions\2\ODIR-5K\ODIR-5K\Training Images\3345_left.jpg,0,No DR
3345,right,3345_right.jpg,C:\Users\sures\.cache\kagglehub\datasets\andrewmvd\ocular-disease-recognition-odir5k\versions\2\ODIR-5K\ODIR-5K\Training Images\3345_right.jpg,0,No DR
3346,left,3346_left.jpg,C:\Users\sures\.cache\kagglehub\datasets\andrewmvd\ocular-disease-recognition-odir5k\versions\2\ODIR-5K\ODIR-5K\Training Images\3346_left.jpg,0,No DR
3346,right,3346_right.jpg,C:\Users\sures\.cache\kagglehub\datasets\andrewmvd\ocular-disease-recognition-odir5k\versions\2\ODIR-5K\ODIR-5K\Training Images\3346_right.jpg,0,No DR
3347,left,3347_left.jpg,C:\Users\sures\.cache\kagglehub\datasets\andrewmvd\ocular-disease-recognition-odir5k\versions\2\ODIR-5K\ODIR-5K\Training Images\3347_left.jpg,0,No DR
3347,right,3347_right.jpg,C:\Users\sures\.cache\kagglehub\datasets\andrewmvd\ocular-disease-recognition-odir5k\versions\2\ODIR-5K\ODIR-5K\Training Images\3347_right.jpg,0,No DR
3348,left,3348_left.jpg,C:\Users\sures\.cache\kagglehub\datasets\andrewmvd\ocular-disease-recognition-odir5k\versions\2\ODIR-5K\ODIR-5K\Training Images\3348_left.jpg,0,No DR
3348,right,3348_right.jpg,C:\Users\sures\.cache\kagglehub\datasets\andrewmvd\ocular-disease-recognition-odir5k\versions\2\ODIR-5K\ODIR-5K\Training Images\3348_right.jpg,0,No DR
3352,left,3352_left.jpg,C:\Users\sures\.cache\kagglehub\datasets\andrewmvd\ocular-disease-recognition-odir5k\versions\2\ODIR-5K\ODIR-5K\Training Images\3352_left.jpg,0,No DR
3352,right,3352_right.jpg,C:\Users\sures\.cache\kagglehub\datasets\andrewmvd\ocular-disease-recognition-odir5k\versions\2\ODIR-5K\ODIR-5K\Training Images\3352_right.jpg,0,No DR
3355,left,3355_left.jpg,C:\Users\sures\.cache\kagglehub\datasets\andrewmvd\ocular-disease-recognition-odir5k\versions\2\ODIR-5K\ODIR-5K\Training Images\3355_left.jpg,0,No DR
3355,right,3355_right.jpg,C:\Users\sures\.cache\kagglehub\datasets\andrewmvd\ocular-disease-recognition-odir5k\versions\2\ODIR-5K\ODIR-5K\Training Images\3355_right.jpg,0,No DR
3356,left,3356_left.jpg,C:\Users\sures\.cache\kagglehub\datasets\andrewmvd\ocular-disease-recognition-odir5k\versions\2\ODIR-5K\ODIR-5K\Training Images\3356_left.jpg,0,No DR
3356,right,3356_right.jpg,C:\Users\sures\.cache\kagglehub\datasets\andrewmvd\ocular-disease-recognition-odir5k\versions\2\ODIR-5K\ODIR-5K\Training Images\3356_right.jpg,0,No DR
3359,left,3359_left.jpg,C:\Users\sures\.cache\kagglehub\datasets\andrewmvd\ocular-disease-recognition-odir5k\versions\2\ODIR-5K\ODIR-5K\Training Images\3359_left.jpg,0,No DR
3359,right,3359_right.jpg,C:\Users\sures\.cache\kagglehub\datasets\andrewmvd\ocular-disease-recognition-odir5k\versions\2\ODIR-5K\ODIR-5K\Training Images\3359_right.jpg,0,No DR
3360,left,3360_left.jpg,C:\Users\sures\.cache\kagglehub\datasets\andrewmvd\ocular-disease-recognition-odir5k\versions\2\ODIR-5K\ODIR-5K\Training Images\3360_left.jpg,0,No DR
3360,right,3360_right.jpg,C:\Users\sures\.cache\kagglehub\datasets\andrewmvd\ocular-disease-recognition-odir5k\versions\2\ODIR-5K\ODIR-5K\Training Images\3360_right.jpg,0,No DR
3361,left,3361_left.jpg,C:\Users\sures\.cache\kagglehub\datasets\andrewmvd\ocular-disease-recognition-odir5k\versions\2\ODIR-5K\ODIR-5K\Training Images\3361_left.jpg,0,No DR
3361,right,3361_right.jpg,C:\Users\sures\.cache\kagglehub\datasets\andrewmvd\ocular-disease-recognition-odir5k\versions\2\ODIR-5K\ODIR-5K\Training Images\3361_right.jpg,0,No DR
3363,left,3363_left.jpg,C:\Users\sures\.cache\kagglehub\datasets\andrewmvd\ocular-disease-recognition-odir5k\versions\2\ODIR-5K\ODIR-5K\Training Images\3363_left.jpg,0,No DR
3363,right,3363_right.jpg,C:\Users\sures\.cache\kagglehub\datasets\andrewmvd\ocular-disease-recognition-odir5k\versions\2\ODIR-5K\ODIR-5K\Training Images\3363_right.jpg,0,No DR
3365,left,3365_left.jpg,C:\Users\sures\.cache\kagglehub\datasets\andrewmvd\ocular-disease-recognition-odir5k\versions\2\ODIR-5K\ODIR-5K\Training Images\3365_left.jpg,0,No DR
3365,right,3365_right.jpg,C:\Users\sures\.cache\kagglehub\datasets\andrewmvd\ocular-disease-recognition-odir5k\versions\2\ODIR-5K\ODIR-5K\Training Images\3365_right.jpg,0,No DR
3366,left,3366_left.jpg,C:\Users\sures\.cache\kagglehub\datasets\andrewmvd\ocular-disease-recognition-odir5k\versions\2\ODIR-5K\ODIR-5K\Training Images\3366_left.jpg,0,No DR
3366,right,3366_right.jpg,C:\Users\sures\.cache\kagglehub\datasets\andrewmvd\ocular-disease-recognition-odir5k\versions\2\ODIR-5K\ODIR-5K\Training Images\3366_right.jpg,0,No DR
3370,left,3370_left.jpg,C:\Users\sures\.cache\kagglehub\datasets\andrewmvd\ocular-disease-recognition-odir5k\versions\2\ODIR-5K\ODIR-5K\Training Images\3370_left.jpg,0,No DR
3370,right,3370_right.jpg,C:\Users\sures\.cache\kagglehub\datasets\andrewmvd\ocular-disease-recognition-odir5k\versions\2\ODIR-5K\ODIR-5K\Training Images\3370_right.jpg,0,No DR
3372,left,3372_left.jpg,C:\Users\sures\.cache\kagglehub\datasets\andrewmvd\ocular-disease-recognition-odir5k\versions\2\ODIR-5K\ODIR-5K\Training Images\3372_left.jpg,0,No DR
3372,right,3372_right.jpg,C:\Users\sures\.cache\kagglehub\datasets\andrewmvd\ocular-disease-recognition-odir5k\versions\2\ODIR-5K\ODIR-5K\Training Images\3372_right.jpg,0,No DR
3374,left,3374_left.jpg,C:\Users\sures\.cache\kagglehub\datasets\andrewmvd\ocular-disease-recognition-odir5k\versions\2\ODIR-5K\ODIR-5K\Training Images\3374_left.jpg,0,No DR
3374,right,3374_right.jpg,C:\Users\sures\.cache\kagglehub\datasets\andrewmvd\ocular-disease-recognition-odir5k\versions\2\ODIR-5K\ODIR-5K\Training Images\3374_right.jpg,0,No DR
3377,left,3377_left.jpg,C:\Users\sures\.cache\kagglehub\datasets\andrewmvd\ocular-disease-recognition-odir5k\versions\2\ODIR-5K\ODIR-5K\Training Images\3377_left.jpg,0,No DR
3377,right,3377_right.jpg,C:\Users\sures\.cache\kagglehub\datasets\andrewmvd\ocular-disease-recognition-odir5k\versions\2\ODIR-5K\ODIR-5K\Training Images\3377_right.jpg,0,No DR
3378,left,3378_left.jpg,C:\Users\sures\.cache\kagglehub\datasets\andrewmvd\ocular-disease-recognition-odir5k\versions\2\ODIR-5K\ODIR-5K\Training Images\3378_left.jpg,0,No DR
3378,right,3378_right.jpg,C:\Users\sures\.cache\kagglehub\datasets\andrewmvd\ocular-disease-recognition-odir5k\versions\2\ODIR-5K\ODIR-5K\Training Images\3378_right.jpg,0,No DR
3379,left,3379_left.jpg,C:\Users\sures\.cache\kagglehub\datasets\andrewmvd\ocular-disease-recognition-odir5k\versions\2\ODIR-5K\ODIR-5K\Training Images\3379_left.jpg,0,No DR
3379,right,3379_right.jpg,C:\Users\sures\.cache\kagglehub\datasets\andrewmvd\ocular-disease-recognition-odir5k\versions\2\ODIR-5K\ODIR-5K\Training Images\3379_right.jpg,0,No DR
3380,left,3380_left.jpg,C:\Users\sures\.cache\kagglehub\datasets\andrewmvd\ocular-disease-recognition-odir5k\versions\2\ODIR-5K\ODIR-5K\Training Images\3380_left.jpg,0,No DR
3380,right,3380_right.jpg,C:\Users\sures\.cache\kagglehub\datasets\andrewmvd\ocular-disease-recognition-odir5k\versions\2\ODIR-5K\ODIR-5K\Training Images\3380_right.jpg,0,No DR
3381,left,3381_left.jpg,C:\Users\sures\.cache\kagglehub\datasets\andrewmvd\ocular-disease-recognition-odir5k\versions\2\ODIR-5K\ODIR-5K\Training Images\3381_left.jpg,0,No DR
3381,right,3381_right.jpg,C:\Users\sures\.cache\kagglehub\datasets\andrewmvd\ocular-disease-recognition-odir5k\versions\2\ODIR-5K\ODIR-5K\Training Images\3381_right.jpg,0,No DR
3382,left,3382_left.jpg,C:\Users\sures\.cache\kagglehub\datasets\andrewmvd\ocular-disease-recognition-odir5k\versions\2\ODIR-5K\ODIR-5K\Training Images\3382_left.jpg,0,No DR
3382,right,3382_right.jpg,C:\Users\sures\.cache\kagglehub\datasets\andrewmvd\ocular-disease-recognition-odir5k\versions\2\ODIR-5K\ODIR-5K\Training Images\3382_right.jpg,0,No DR
3384,left,3384_left.jpg,C:\Users\sures\.cache\kagglehub\datasets\andrewmvd\ocular-disease-recognition-odir5k\versions\2\ODIR-5K\ODIR-5K\Training Images\3384_left.jpg,0,No DR
3384,right,3384_right.jpg,C:\Users\sures\.cache\kagglehub\datasets\andrewmvd\ocular-disease-recognition-odir5k\versions\2\ODIR-5K\ODIR-5K\Training Images\3384_right.jpg,0,No DR
3385,left,3385_left.jpg,C:\Users\sures\.cache\kagglehub\datasets\andrewmvd\ocular-disease-recognition-odir5k\versions\2\ODIR-5K\ODIR-5K\Training Images\3385_left.jpg,0,No DR
3385,right,3385_right.jpg,C:\Users\sures\.cache\kagglehub\datasets\andrewmvd\ocular-disease-recognition-odir5k\versions\2\ODIR-5K\ODIR-5K\Training Images\3385_right.jpg,0,No DR
3386,left,3386_left.jpg,C:\Users\sures\.cache\kagglehub\datasets\andrewmvd\ocular-disease-recognition-odir5k\versions\2\ODIR-5K\ODIR-5K\Training Images\3386_left.jpg,0,No DR
3386,right,3386_right.jpg,C:\Users\sures\.cache\kagglehub\datasets\andrewmvd\ocular-disease-recognition-odir5k\versions\2\ODIR-5K\ODIR-5K\Training Images\3386_right.jpg,0,No DR
3387,left,3387_left.jpg,C:\Users\sures\.cache\kagglehub\datasets\andrewmvd\ocular-disease-recognition-odir5k\versions\2\ODIR-5K\ODIR-5K\Training Images\3387_left.jpg,0,No DR
3387,right,3387_right.jpg,C:\Users\sures\.cache\kagglehub\datasets\andrewmvd\ocular-disease-recognition-odir5k\versions\2\ODIR-5K\ODIR-5K\Training Images\3387_right.jpg,0,No DR
3388,left,3388_left.jpg,C:\Users\sures\.cache\kagglehub\datasets\andrewmvd\ocular-disease-recognition-odir5k\versions\2\ODIR-5K\ODIR-5K\Training Images\3388_left.jpg,0,No DR
3388,right,3388_right.jpg,C:\Users\sures\.cache\kagglehub\datasets\andrewmvd\ocular-disease-recognition-odir5k\versions\2\ODIR-5K\ODIR-5K\Training Images\3388_right.jpg,0,No DR
3389,left,3389_left.jpg,C:\Users\sures\.cache\kagglehub\datasets\andrewmvd\ocular-disease-recognition-odir5k\versions\2\ODIR-5K\ODIR-5K\Training Images\3389_left.jpg,0,No DR
3389,right,3389_right.jpg,C:\Users\sures\.cache\kagglehub\datasets\andrewmvd\ocular-disease-recognition-odir5k\versions\2\ODIR-5K\ODIR-5K\Training Images\3389_right.jpg,0,No DR
3390,left,3390_left.jpg,C:\Users\sures\.cache\kagglehub\datasets\andrewmvd\ocular-disease-recognition-odir5k\versions\2\ODIR-5K\ODIR-5K\Training Images\3390_left.jpg,0,No DR
3390,right,3390_right.jpg,C:\Users\sures\.cache\kagglehub\datasets\andrewmvd\ocular-disease-recognition-odir5k\versions\2\ODIR-5K\ODIR-5K\Training Images\3390_right.jpg,0,No DR
3392,left,3392_left.jpg,C:\Users\sures\.cache\kagglehub\datasets\andrewmvd\ocular-disease-recognition-odir5k\versions\2\ODIR-5K\ODIR-5K\Training Images\3392_left.jpg,0,No DR
3392,right,3392_right.jpg,C:\Users\sures\.cache\kagglehub\datasets\andrewmvd\ocular-disease-recognition-odir5k\versions\2\ODIR-5K\ODIR-5K\Training Images\3392_right.jpg,0,No DR
3393,left,3393_left.jpg,C:\Users\sures\.cache\kagglehub\datasets\andrewmvd\ocular-disease-recognition-odir5k\versions\2\ODIR-5K\ODIR-5K\Training Images\3393_left.jpg,0,No DR
3393,right,3393_right.jpg,C:\Users\sures\.cache\kagglehub\datasets\andrewmvd\ocular-disease-recognition-odir5k\versions\2\ODIR-5K\ODIR-5K\Training Images\3393_right.jpg,0,No DR
3397,left,3397_left.jpg,C:\Users\sures\.cache\kagglehub\datasets\andrewmvd\ocular-disease-recognition-odir5k\versions\2\ODIR-5K\ODIR-5K\Training Images\3397_left.jpg,0,No DR
3397,right,3397_right.jpg,C:\Users\sures\.cache\kagglehub\datasets\andrewmvd\ocular-disease-recognition-odir5k\versions\2\ODIR-5K\ODIR-5K\Training Images\3397_right.jpg,0,No DR
3399,left,3399_left.jpg,C:\Users\sures\.cache\kagglehub\datasets\andrewmvd\ocular-disease-recognition-odir5k\versions\2\ODIR-5K\ODIR-5K\Training Images\3399_left.jpg,0,No DR
3399,right,3399_right.jpg,C:\Users\sures\.cache\kagglehub\datasets\andrewmvd\ocular-disease-recognition-odir5k\versions\2\ODIR-5K\ODIR-5K\Training Images\3399_right.jpg,0,No DR
3400,left,3400_left.jpg,C:\Users\sures\.cache\kagglehub\datasets\andrewmvd\ocular-disease-recognition-odir5k\versions\2\ODIR-5K\ODIR-5K\Training Images\3400_left.jpg,0,No DR
3400,right,3400_right.jpg,C:\Users\sures\.cache\kagglehub\datasets\andrewmvd\ocular-disease-recognition-odir5k\versions\2\ODIR-5K\ODIR-5K\Training Images\3400_right.jpg,0,No DR
3401,left,3401_left.jpg,C:\Users\sures\.cache\kagglehub\datasets\andrewmvd\ocular-disease-recognition-odir5k\versions\2\ODIR-5K\ODIR-5K\Training Images\3401_left.jpg,0,No DR
3401,right,3401_right.jpg,C:\Users\sures\.cache\kagglehub\datasets\andrewmvd\ocular-disease-recognition-odir5k\versions\2\ODIR-5K\ODIR-5K\Training Images\3401_right.jpg,0,No DR
3403,left,3403_left.jpg,C:\Users\sures\.cache\kagglehub\datasets\andrewmvd\ocular-disease-recognition-odir5k\versions\2\ODIR-5K\ODIR-5K\Training Images\3403_left.jpg,0,No DR
3403,right,3403_right.jpg,C:\Users\sures\.cache\kagglehub\datasets\andrewmvd\ocular-disease-recognition-odir5k\versions\2\ODIR-5K\ODIR-5K\Training Images\3403_right.jpg,0,No DR
3404,left,3404_left.jpg,C:\Users\sures\.cache\kagglehub\datasets\andrewmvd\ocular-disease-recognition-odir5k\versions\2\ODIR-5K\ODIR-5K\Training Images\3404_left.jpg,0,No DR
3404,right,3404_right.jpg,C:\Users\sures\.cache\kagglehub\datasets\andrewmvd\ocular-disease-recognition-odir5k\versions\2\ODIR-5K\ODIR-5K\Training Images\3404_right.jpg,0,No DR
3405,left,3405_left.jpg,C:\Users\sures\.cache\kagglehub\datasets\andrewmvd\ocular-disease-recognition-odir5k\versions\2\ODIR-5K\ODIR-5K\Training Images\3405_left.jpg,0,No DR
3405,right,3405_right.jpg,C:\Users\sures\.cache\kagglehub\datasets\andrewmvd\ocular-disease-recognition-odir5k\versions\2\ODIR-5K\ODIR-5K\Training Images\3405_right.jpg,0,No DR
3406,left,3406_left.jpg,C:\Users\sures\.cache\kagglehub\datasets\andrewmvd\ocular-disease-recognition-odir5k\versions\2\ODIR-5K\ODIR-5K\Training Images\3406_left.jpg,0,No DR
3406,right,3406_right.jpg,C:\Users\sures\.cache\kagglehub\datasets\andrewmvd\ocular-disease-recognition-odir5k\versions\2\ODIR-5K\ODIR-5K\Training Images\3406_right.jpg,0,No DR
3407,left,3407_left.jpg,C:\Users\sures\.cache\kagglehub\datasets\andrewmvd\ocular-disease-recognition-odir5k\versions\2\ODIR-5K\ODIR-5K\Training Images\3407_left.jpg,0,No DR
3407,right,3407_right.jpg,C:\Users\sures\.cache\kagglehub\datasets\andrewmvd\ocular-disease-recognition-odir5k\versions\2\ODIR-5K\ODIR-5K\Training Images\3407_right.jpg,0,No DR
3415,left,3415_left.jpg,C:\Users\sures\.cache\kagglehub\datasets\andrewmvd\ocular-disease-recognition-odir5k\versions\2\ODIR-5K\ODIR-5K\Training Images\3415_left.jpg,0,No DR
3415,right,3415_right.jpg,C:\Users\sures\.cache\kagglehub\datasets\andrewmvd\ocular-disease-recognition-odir5k\versions\2\ODIR-5K\ODIR-5K\Training Images\3415_right.jpg,0,No DR
3419,left,3419_left.jpg,C:\Users\sures\.cache\kagglehub\datasets\andrewmvd\ocular-disease-recognition-odir5k\versions\2\ODIR-5K\ODIR-5K\Training Images\3419_left.jpg,0,No DR
3419,right,3419_right.jpg,C:\Users\sures\.cache\kagglehub\datasets\andrewmvd\ocular-disease-recognition-odir5k\versions\2\ODIR-5K\ODIR-5K\Training Images\3419_right.jpg,0,No DR
3420,left,3420_left.jpg,C:\Users\sures\.cache\kagglehub\datasets\andrewmvd\ocular-disease-recognition-odir5k\versions\2\ODIR-5K\ODIR-5K\Training Images\3420_left.jpg,0,No DR
3420,right,3420_right.jpg,C:\Users\sures\.cache\kagglehub\datasets\andrewmvd\ocular-disease-recognition-odir5k\versions\2\ODIR-5K\ODIR-5K\Training Images\3420_right.jpg,0,No DR
3421,left,3421_left.jpg,C:\Users\sures\.cache\kagglehub\datasets\andrewmvd\ocular-disease-recognition-odir5k\versions\2\ODIR-5K\ODIR-5K\Training Images\3421_left.jpg,0,No DR
3421,right,3421_right.jpg,C:\Users\sures\.cache\kagglehub\datasets\andrewmvd\ocular-disease-recognition-odir5k\versions\2\ODIR-5K\ODIR-5K\Training Images\3421_right.jpg,0,No DR
3423,left,3423_left.jpg,C:\Users\sures\.cache\kagglehub\datasets\andrewmvd\ocular-disease-recognition-odir5k\versions\2\ODIR-5K\ODIR-5K\Training Images\3423_left.jpg,0,No DR
3423,right,3423_right.jpg,C:\Users\sures\.cache\kagglehub\datasets\andrewmvd\ocular-disease-recognition-odir5k\versions\2\ODIR-5K\ODIR-5K\Training Images\3423_right.jpg,0,No DR
3424,left,3424_left.jpg,C:\Users\sures\.cache\kagglehub\datasets\andrewmvd\ocular-disease-recognition-odir5k\versions\2\ODIR-5K\ODIR-5K\Training Images\3424_left.jpg,0,No DR
3424,right,3424_right.jpg,C:\Users\sures\.cache\kagglehub\datasets\andrewmvd\ocular-disease-recognition-odir5k\versions\2\ODIR-5K\ODIR-5K\Training Images\3424_right.jpg,0,No DR
3425,left,3425_left.jpg,C:\Users\sures\.cache\kagglehub\datasets\andrewmvd\ocular-disease-recognition-odir5k\versions\2\ODIR-5K\ODIR-5K\Training Images\3425_left.jpg,0,No DR
3425,right,3425_right.jpg,C:\Users\sures\.cache\kagglehub\datasets\andrewmvd\ocular-disease-recognition-odir5k\versions\2\ODIR-5K\ODIR-5K\Training Images\3425_right.jpg,0,No DR
3430,left,3430_left.jpg,C:\Users\sures\.cache\kagglehub\datasets\andrewmvd\ocular-disease-recognition-odir5k\versions\2\ODIR-5K\ODIR-5K\Training Images\3430_left.jpg,0,No DR
3430,right,3430_right.jpg,C:\Users\sures\.cache\kagglehub\datasets\andrewmvd\ocular-disease-recognition-odir5k\versions\2\ODIR-5K\ODIR-5K\Training Images\3430_right.jpg,0,No DR
3431,left,3431_left.jpg,C:\Users\sures\.cache\kagglehub\datasets\andrewmvd\ocular-disease-recognition-odir5k\versions\2\ODIR-5K\ODIR-5K\Training Images\3431_left.jpg,0,No DR
3431,right,3431_right.jpg,C:\Users\sures\.cache\kagglehub\datasets\andrewmvd\ocular-disease-recognition-odir5k\versions\2\ODIR-5K\ODIR-5K\Training Images\3431_right.jpg,0,No DR
3432,left,3432_left.jpg,C:\Users\sures\.cache\kagglehub\datasets\andrewmvd\ocular-disease-recognition-odir5k\versions\2\ODIR-5K\ODIR-5K\Training Images\3432_left.jpg,0,No DR
3432,right,3432_right.jpg,C:\Users\sures\.cache\kagglehub\datasets\andrewmvd\ocular-disease-recognition-odir5k\versions\2\ODIR-5K\ODIR-5K\Training Images\3432_right.jpg,0,No DR
3436,left,3436_left.jpg,C:\Users\sures\.cache\kagglehub\datasets\andrewmvd\ocular-disease-recognition-odir5k\versions\2\ODIR-5K\ODIR-5K\Training Images\3436_left.jpg,0,No DR
3436,right,3436_right.jpg,C:\Users\sures\.cache\kagglehub\datasets\andrewmvd\ocular-disease-recognition-odir5k\versions\2\ODIR-5K\ODIR-5K\Training Images\3436_right.jpg,0,No DR
3438,left,3438_left.jpg,C:\Users\sures\.cache\kagglehub\datasets\andrewmvd\ocular-disease-recognition-odir5k\versions\2\ODIR-5K\ODIR-5K\Training Images\3438_left.jpg,0,No DR
3438,right,3438_right.jpg,C:\Users\sures\.cache\kagglehub\datasets\andrewmvd\ocular-disease-recognition-odir5k\versions\2\ODIR-5K\ODIR-5K\Training Images\3438_right.jpg,0,No DR
3441,left,3441_left.jpg,C:\Users\sures\.cache\kagglehub\datasets\andrewmvd\ocular-disease-recognition-odir5k\versions\2\ODIR-5K\ODIR-5K\Training Images\3441_left.jpg,0,No DR
3441,right,3441_right.jpg,C:\Users\sures\.cache\kagglehub\datasets\andrewmvd\ocular-disease-recognition-odir5k\versions\2\ODIR-5K\ODIR-5K\Training Images\3441_right.jpg,0,No DR
3442,left,3442_left.jpg,C:\Users\sures\.cache\kagglehub\datasets\andrewmvd\ocular-disease-recognition-odir5k\versions\2\ODIR-5K\ODIR-5K\Training Images\3442_left.jpg,0,No DR
3442,right,3442_right.jpg,C:\Users\sures\.cache\kagglehub\datasets\andrewmvd\ocular-disease-recognition-odir5k\versions\2\ODIR-5K\ODIR-5K\Training Images\3442_right.jpg,0,No DR
3443,left,3443_left.jpg,C:\Users\sures\.cache\kagglehub\datasets\andrewmvd\ocular-disease-recognition-odir5k\versions\2\ODIR-5K\ODIR-5K\Training Images\3443_left.jpg,0,No DR
3443,right,3443_right.jpg,C:\Users\sures\.cache\kagglehub\datasets\andrewmvd\ocular-disease-recognition-odir5k\versions\2\ODIR-5K\ODIR-5K\Training Images\3443_right.jpg,0,No DR
3444,left,3444_left.jpg,C:\Users\sures\.cache\kagglehub\datasets\andrewmvd\ocular-disease-recognition-odir5k\versions\2\ODIR-5K\ODIR-5K\Training Images\3444_left.jpg,0,No DR
3444,right,3444_right.jpg,C:\Users\sures\.cache\kagglehub\datasets\andrewmvd\ocular-disease-recognition-odir5k\versions\2\ODIR-5K\ODIR-5K\Training Images\3444_right.jpg,0,No DR
3445,left,3445_left.jpg,C:\Users\sures\.cache\kagglehub\datasets\andrewmvd\ocular-disease-recognition-odir5k\versions\2\ODIR-5K\ODIR-5K\Training Images\3445_left.jpg,0,No DR
3445,right,3445_right.jpg,C:\Users\sures\.cache\kagglehub\datasets\andrewmvd\ocular-disease-recognition-odir5k\versions\2\ODIR-5K\ODIR-5K\Training Images\3445_right.jpg,0,No DR
3446,left,3446_left.jpg,C:\Users\sures\.cache\kagglehub\datasets\andrewmvd\ocular-disease-recognition-odir5k\versions\2\ODIR-5K\ODIR-5K\Training Images\3446_left.jpg,0,No DR
3446,right,3446_right.jpg,C:\Users\sures\.cache\kagglehub\datasets\andrewmvd\ocular-disease-recognition-odir5k\versions\2\ODIR-5K\ODIR-5K\Training Images\3446_right.jpg,0,No DR
3448,left,3448_left.jpg,C:\Users\sures\.cache\kagglehub\datasets\andrewmvd\ocular-disease-recognition-odir5k\versions\2\ODIR-5K\ODIR-5K\Training Images\3448_left.jpg,0,No DR
3448,right,3448_right.jpg,C:\Users\sures\.cache\kagglehub\datasets\andrewmvd\ocular-disease-recognition-odir5k\versions\2\ODIR-5K\ODIR-5K\Training Images\3448_right.jpg,0,No DR
3936,left,3936_left.jpg,C:\Users\sures\.cache\kagglehub\datasets\andrewmvd\ocular-disease-recognition-odir5k\versions\2\ODIR-5K\ODIR-5K\Training Images\3936_left.jpg,2,Moderate DR
3936,right,3936_right.jpg,C:\Users\sures\.cache\kagglehub\datasets\andrewmvd\ocular-disease-recognition-odir5k\versions\2\ODIR-5K\ODIR-5K\Training Images\3936_right.jpg,2,Moderate DR
3938,left,3938_left.jpg,C:\Users\sures\.cache\kagglehub\datasets\andrewmvd\ocular-disease-recognition-odir5k\versions\2\ODIR-5K\ODIR-5K\Training Images\3938_left.jpg,2,Moderate DR
3938,right,3938_right.jpg,C:\Users\sures\.cache\kagglehub\datasets\andrewmvd\ocular-disease-recognition-odir5k\versions\2\ODIR-5K\ODIR-5K\Training Images\3938_right.jpg,2,Moderate DR
3939,left,3939_left.jpg,C:\Users\sures\.cache\kagglehub\datasets\andrewmvd\ocular-disease-recognition-odir5k\versions\2\ODIR-5K\ODIR-5K\Training Images\3939_left.jpg,3,Severe DR
3939,right,3939_right.jpg,C:\Users\sures\.cache\kagglehub\datasets\andrewmvd\ocular-disease-recognition-odir5k\versions\2\ODIR-5K\ODIR-5K\Training Images\3939_right.jpg,3,Severe DR
3940,left,3940_left.jpg,C:\Users\sures\.cache\kagglehub\datasets\andrewmvd\ocular-disease-recognition-odir5k\versions\2\ODIR-5K\ODIR-5K\Training Images\3940_left.jpg,0,No DR
3940,right,3940_right.jpg,C:\Users\sures\.cache\kagglehub\datasets\andrewmvd\ocular-disease-recognition-odir5k\versions\2\ODIR-5K\ODIR-5K\Training Images\3940_right.jpg,1,Mild DR
3941,left,3941_left.jpg,C:\Users\sures\.cache\kagglehub\datasets\andrewmvd\ocular-disease-recognition-odir5k\versions\2\ODIR-5K\ODIR-5K\Training Images\3941_left.jpg,2,Moderate DR
3941,right,3941_right.jpg,C:\Users\sures\.cache\kagglehub\datasets\andrewmvd\ocular-disease-recognition-odir5k\versions\2\ODIR-5K\ODIR-5K\Training Images\3941_right.jpg,0,No DR
3943,left,3943_left.jpg,C:\Users\sures\.cache\kagglehub\datasets\andrewmvd\ocular-disease-recognition-odir5k\versions\2\ODIR-5K\ODIR-5K\Training Images\3943_left.jpg,1,Mild DR
3943,right,3943_right.jpg,C:\Users\sures\.cache\kagglehub\datasets\andrewmvd\ocular-disease-recognition-odir5k\versions\2\ODIR-5K\ODIR-5K\Training Images\3943_right.jpg,0,No DR
3944,left,3944_left.jpg,C:\Users\sures\.cache\kagglehub\datasets\andrewmvd\ocular-disease-recognition-odir5k\versions\2\ODIR-5K\ODIR-5K\Training Images\3944_left.jpg,2,Moderate DR
3944,right,3944_right.jpg,C:\Users\sures\.cache\kagglehub\datasets\andrewmvd\ocular-disease-recognition-odir5k\versions\2\ODIR-5K\ODIR-5K\Training Images\3944_right.jpg,2,Moderate DR
3946,left,3946_left.jpg,C:\Users\sures\.cache\kagglehub\datasets\andrewmvd\ocular-disease-recognition-odir5k\versions\2\ODIR-5K\ODIR-5K\Training Images\3946_left.jpg,1,Mild DR
3946,right,3946_right.jpg,C:\Users\sures\.cache\kagglehub\datasets\andrewmvd\ocular-disease-recognition-odir5k\versions\2\ODIR-5K\ODIR-5K\Training Images\3946_right.jpg,1,Mild DR
3948,left,3948_left.jpg,C:\Users\sures\.cache\kagglehub\datasets\andrewmvd\ocular-disease-recognition-odir5k\versions\2\ODIR-5K\ODIR-5K\Training Images\3948_left.jpg,2,Moderate DR
3948,right,3948_right.jpg,C:\Users\sures\.cache\kagglehub\datasets\andrewmvd\ocular-disease-recognition-odir5k\versions\2\ODIR-5K\ODIR-5K\Training Images\3948_right.jpg,1,Mild DR
3949,left,3949_left.jpg,C:\Users\sures\.cache\kagglehub\datasets\andrewmvd\ocular-disease-recognition-odir5k\versions\2\ODIR-5K\ODIR-5K\Training Images\3949_left.jpg,0,No DR
3949,right,3949_right.jpg,C:\Users\sures\.cache\kagglehub\datasets\andrewmvd\ocular-disease-recognition-odir5k\versions\2\ODIR-5K\ODIR-5K\Training Images\3949_right.jpg,2,Moderate DR
3950,left,3950_left.jpg,C:\Users\sures\.cache\kagglehub\datasets\andrewmvd\ocular-disease-recognition-odir5k\versions\2\ODIR-5K\ODIR-5K\Training Images\3950_left.jpg,1,Mild DR
3950,right,3950_right.jpg,C:\Users\sures\.cache\kagglehub\datasets\andrewmvd\ocular-disease-recognition-odir5k\versions\2\ODIR-5K\ODIR-5K\Training Images\3950_right.jpg,1,Mild DR
3951,left,3951_left.jpg,C:\Users\sures\.cache\kagglehub\datasets\andrewmvd\ocular-disease-recognition-odir5k\versions\2\ODIR-5K\ODIR-5K\Training Images\3951_left.jpg,1,Mild DR
3952,left,3952_left.jpg,C:\Users\sures\.cache\kagglehub\datasets\andrewmvd\ocular-disease-recognition-odir5k\versions\2\ODIR-5K\ODIR-5K\Training Images\3952_left.jpg,2,Moderate DR
3952,right,3952_right.jpg,C:\Users\sures\.cache\kagglehub\datasets\andrewmvd\ocular-disease-recognition-odir5k\versions\2\ODIR-5K\ODIR-5K\Training Images\3952_right.jpg,2,Moderate DR
3954,left,3954_left.jpg,C:\Users\sures\.cache\kagglehub\datasets\andrewmvd\ocular-disease-recognition-odir5k\versions\2\ODIR-5K\ODIR-5K\Training Images\3954_left.jpg,1,Mild DR
3954,right,3954_right.jpg,C:\Users\sures\.cache\kagglehub\datasets\andrewmvd\ocular-disease-recognition-odir5k\versions\2\ODIR-5K\ODIR-5K\Training Images\3954_right.jpg,0,No DR
3955,left,3955_left.jpg,C:\Users\sures\.cache\kagglehub\datasets\andrewmvd\ocular-disease-recognition-odir5k\versions\2\ODIR-5K\ODIR-5K\Training Images\3955_left.jpg,2,Moderate DR
3955,right,3955_right.jpg,C:\Users\sures\.cache\kagglehub\datasets\andrewmvd\ocular-disease-recognition-odir5k\versions\2\ODIR-5K\ODIR-5K\Training Images\3955_right.jpg,2,Moderate DR
3956,left,3956_left.jpg,C:\Users\sures\.cache\kagglehub\datasets\andrewmvd\ocular-disease-recognition-odir5k\versions\2\ODIR-5K\ODIR-5K\Training Images\3956_left.jpg,2,Moderate DR
3956,right,3956_right.jpg,C:\Users\sures\.cache\kagglehub\datasets\andrewmvd\ocular-disease-recognition-odir5k\versions\2\ODIR-5K\ODIR-5K\Training Images\3956_right.jpg,2,Moderate DR
3957,left,3957_left.jpg,C:\Users\sures\.cache\kagglehub\datasets\andrewmvd\ocular-disease-recognition-odir5k\versions\2\ODIR-5K\ODIR-5K\Training Images\3957_left.jpg,2,Moderate DR
3957,right,3957_right.jpg,C:\Users\sures\.cache\kagglehub\datasets\andrewmvd\ocular-disease-recognition-odir5k\versions\2\ODIR-5K\ODIR-5K\Training Images\3957_right.jpg,1,Mild DR
3958,left,3958_left.jpg,C:\Users\sures\.cache\kagglehub\datasets\andrewmvd\ocular-disease-recognition-odir5k\versions\2\ODIR-5K\ODIR-5K\Training Images\3958_left.jpg,1,Mild DR
3958,right,3958_right.jpg,C:\Users\sures\.cache\kagglehub\datasets\andrewmvd\ocular-disease-recognition-odir5k\versions\2\ODIR-5K\ODIR-5K\Training Images\3958_right.jpg,1,Mild DR
3961,left,3961_left.jpg,C:\Users\sures\.cache\kagglehub\datasets\andrewmvd\ocular-disease-recognition-odir5k\versions\2\ODIR-5K\ODIR-5K\Training Images\3961_left.jpg,0,No DR
3961,right,3961_right.jpg,C:\Users\sures\.cache\kagglehub\datasets\andrewmvd\ocular-disease-recognition-odir5k\versions\2\ODIR-5K\ODIR-5K\Training Images\3961_right.jpg,1,Mild DR
3965,left,3965_left.jpg,C:\Users\sures\.cache\kagglehub\datasets\andrewmvd\ocular-disease-recognition-odir5k\versions\2\ODIR-5K\ODIR-5K\Training Images\3965_left.jpg,3,Severe DR
3965,right,3965_right.jpg,C:\Users\sures\.cache\kagglehub\datasets\andrewmvd\ocular-disease-recognition-odir5k\versions\2\ODIR-5K\ODIR-5K\Training Images\3965_right.jpg,2,Moderate DR
3966,left,3966_left.jpg,C:\Users\sures\.cache\kagglehub\datasets\andrewmvd\ocular-disease-recognition-odir5k\versions\2\ODIR-5K\ODIR-5K\Training Images\3966_left.jpg,2,Moderate DR
3966,right,3966_right.jpg,C:\Users\sures\.cache\kagglehub\datasets\andrewmvd\ocular-disease-recognition-odir5k\versions\2\ODIR-5K\ODIR-5K\Training Images\3966_right.jpg,1,Mild DR
3968,left,3968_left.jpg,C:\Users\sures\.cache\kagglehub\datasets\andrewmvd\ocular-disease-recognition-odir5k\versions\2\ODIR-5K\ODIR-5K\Training Images\3968_left.jpg,2,Moderate DR
3968,right,3968_right.jpg,C:\Users\sures\.cache\kagglehub\datasets\andrewmvd\ocular-disease-recognition-odir5k\versions\2\ODIR-5K\ODIR-5K\Training Images\3968_right.jpg,2,Moderate DR
3970,left,3970_left.jpg,C:\Users\sures\.cache\kagglehub\datasets\andrewmvd\ocular-disease-recognition-odir5k\versions\2\ODIR-5K\ODIR-5K\Training Images\3970_left.jpg,0,No DR
3970,right,3970_right.jpg,C:\Users\sures\.cache\kagglehub\datasets\andrewmvd\ocular-disease-recognition-odir5k\versions\2\ODIR-5K\ODIR-5K\Training Images\3970_right.jpg,1,Mild DR
3971,left,3971_left.jpg,C:\Users\sures\.cache\kagglehub\datasets\andrewmvd\ocular-disease-recognition-odir5k\versions\2\ODIR-5K\ODIR-5K\Training Images\3971_left.jpg,2,Moderate DR
3971,right,3971_right.jpg,C:\Users\sures\.cache\kagglehub\datasets\andrewmvd\ocular-disease-recognition-odir5k\versions\2\ODIR-5K\ODIR-5K\Training Images\3971_right.jpg,2,Moderate DR
3972,left,3972_left.jpg,C:\Users\sures\.cache\kagglehub\datasets\andrewmvd\ocular-disease-recognition-odir5k\versions\2\ODIR-5K\ODIR-5K\Training Images\3972_left.jpg,3,Severe DR
3972,right,3972_right.jpg,C:\Users\sures\.cache\kagglehub\datasets\andrewmvd\ocular-disease-recognition-odir5k\versions\2\ODIR-5K\ODIR-5K\Training Images\3972_right.jpg,3,Severe DR
3973,left,3973_left.jpg,C:\Users\sures\.cache\kagglehub\datasets\andrewmvd\ocular-disease-recognition-odir5k\versions\2\ODIR-5K\ODIR-5K\Training Images\3973_left.jpg,2,Moderate DR
3973,right,3973_right.jpg,C:\Users\sures\.cache\kagglehub\datasets\andrewmvd\ocular-disease-recognition-odir5k\versions\2\ODIR-5K\ODIR-5K\Training Images\3973_right.jpg,3,Severe DR
3976,left,3976_left.jpg,C:\Users\sures\.cache\kagglehub\datasets\andrewmvd\ocular-disease-recognition-odir5k\versions\2\ODIR-5K\ODIR-5K\Training Images\3976_left.jpg,2,Moderate DR
3976,right,3976_right.jpg,C:\Users\sures\.cache\kagglehub\datasets\andrewmvd\ocular-disease-recognition-odir5k\versions\2\ODIR-5K\ODIR-5K\Training Images\3976_right.jpg,2,Moderate DR
3978,left,3978_left.jpg,C:\Users\sures\.cache\kagglehub\datasets\andrewmvd\ocular-disease-recognition-odir5k\versions\2\ODIR-5K\ODIR-5K\Training Images\3978_left.jpg,1,Mild DR
3978,right,3978_right.jpg,C:\Users\sures\.cache\kagglehub\datasets\andrewmvd\ocular-disease-recognition-odir5k\versions\2\ODIR-5K\ODIR-5K\Training Images\3978_right.jpg,1,Mild DR
3979,left,3979_left.jpg,C:\Users\sures\.cache\kagglehub\datasets\andrewmvd\ocular-disease-recognition-odir5k\versions\2\ODIR-5K\ODIR-5K\Training Images\3979_left.jpg,1,Mild DR
3979,right,3979_right.jpg,C:\Users\sures\.cache\kagglehub\datasets\andrewmvd\ocular-disease-recognition-odir5k\versions\2\ODIR-5K\ODIR-5K\Training Images\3979_right.jpg,1,Mild DR
3980,left,3980_left.jpg,C:\Users\sures\.cache\kagglehub\datasets\andrewmvd\ocular-disease-recognition-odir5k\versions\2\ODIR-5K\ODIR-5K\Training Images\3980_left.jpg,1,Mild DR
3980,right,3980_right.jpg,C:\Users\sures\.cache\kagglehub\datasets\andrewmvd\ocular-disease-recognition-odir5k\versions\2\ODIR-5K\ODIR-5K\Training Images\3980_right.jpg,2,Moderate DR
3981,left,3981_left.jpg,C:\Users\sures\.cache\kagglehub\datasets\andrewmvd\ocular-disease-recognition-odir5k\versions\2\ODIR-5K\ODIR-5K\Training Images\3981_left.jpg,2,Moderate DR
3981,right,3981_right.jpg,C:\Users\sures\.cache\kagglehub\datasets\andrewmvd\ocular-disease-recognition-odir5k\versions\2\ODIR-5K\ODIR-5K\Training Images\3981_right.jpg,2,Moderate DR
3983,left,3983_left.jpg,C:\Users\sures\.cache\kagglehub\datasets\andrewmvd\ocular-disease-recognition-odir5k\versions\2\ODIR-5K\ODIR-5K\Training Images\3983_left.jpg,0,No DR
3983,right,3983_right.jpg,C:\Users\sures\.cache\kagglehub\datasets\andrewmvd\ocular-disease-recognition-odir5k\versions\2\ODIR-5K\ODIR-5K\Training Images\3983_right.jpg,1,Mild DR
3984,left,3984_left.jpg,C:\Users\sures\.cache\kagglehub\datasets\andrewmvd\ocular-disease-recognition-odir5k\versions\2\ODIR-5K\ODIR-5K\Training Images\3984_left.jpg,1,Mild DR
3984,right,3984_right.jpg,C:\Users\sures\.cache\kagglehub\datasets\andrewmvd\ocular-disease-recognition-odir5k\versions\2\ODIR-5K\ODIR-5K\Training Images\3984_right.jpg,0,No DR
3985,left,3985_left.jpg,C:\Users\sures\.cache\kagglehub\datasets\andrewmvd\ocular-disease-recognition-odir5k\versions\2\ODIR-5K\ODIR-5K\Training Images\3985_left.jpg,1,Mild DR
3985,right,3985_right.jpg,C:\Users\sures\.cache\kagglehub\datasets\andrewmvd\ocular-disease-recognition-odir5k\versions\2\ODIR-5K\ODIR-5K\Training Images\3985_right.jpg,1,Mild DR
3986,left,3986_left.jpg,C:\Users\sures\.cache\kagglehub\datasets\andrewmvd\ocular-disease-recognition-odir5k\versions\2\ODIR-5K\ODIR-5K\Training Images\3986_left.jpg,3,Severe DR
3986,right,3986_right.jpg,C:\Users\sures\.cache\kagglehub\datasets\andrewmvd\ocular-disease-recognition-odir5k\versions\2\ODIR-5K\ODIR-5K\Training Images\3986_right.jpg,4,Proliferative DR
3987,left,3987_left.jpg,C:\Users\sures\.cache\kagglehub\datasets\andrewmvd\ocular-disease-recognition-odir5k\versions\2\ODIR-5K\ODIR-5K\Training Images\3987_left.jpg,2,Moderate DR
3987,right,3987_right.jpg,C:\Users\sures\.cache\kagglehub\datasets\andrewmvd\ocular-disease-recognition-odir5k\versions\2\ODIR-5K\ODIR-5K\Training Images\3987_right.jpg,2,Moderate DR
3990,left,3990_left.jpg,C:\Users\sures\.cache\kagglehub\datasets\andrewmvd\ocular-disease-recognition-odir5k\versions\2\ODIR-5K\ODIR-5K\Training Images\3990_left.jpg,2,Moderate DR
3990,right,3990_right.jpg,C:\Users\sures\.cache\kagglehub\datasets\andrewmvd\ocular-disease-recognition-odir5k\versions\2\ODIR-5K\ODIR-5K\Training Images\3990_right.jpg,2,Moderate DR
3992,left,3992_left.jpg,C:\Users\sures\.cache\kagglehub\datasets\andrewmvd\ocular-disease-recognition-odir5k\versions\2\ODIR-5K\ODIR-5K\Training Images\3992_left.jpg,1,Mild DR
3992,right,3992_right.jpg,C:\Users\sures\.cache\kagglehub\datasets\andrewmvd\ocular-disease-recognition-odir5k\versions\2\ODIR-5K\ODIR-5K\Training Images\3992_right.jpg,2,Moderate DR
3993,left,3993_left.jpg,C:\Users\sures\.cache\kagglehub\datasets\andrewmvd\ocular-disease-recognition-odir5k\versions\2\ODIR-5K\ODIR-5K\Training Images\3993_left.jpg,1,Mild DR
3993,right,3993_right.jpg,C:\Users\sures\.cache\kagglehub\datasets\andrewmvd\ocular-disease-recognition-odir5k\versions\2\ODIR-5K\ODIR-5K\Training Images\3993_right.jpg,2,Moderate DR
3994,left,3994_left.jpg,C:\Users\sures\.cache\kagglehub\datasets\andrewmvd\ocular-disease-recognition-odir5k\versions\2\ODIR-5K\ODIR-5K\Training Images\3994_left.jpg,2,Moderate DR
3994,right,3994_right.jpg,C:\Users\sures\.cache\kagglehub\datasets\andrewmvd\ocular-disease-recognition-odir5k\versions\2\ODIR-5K\ODIR-5K\Training Images\3994_right.jpg,4,Proliferative DR
3996,left,3996_left.jpg,C:\Users\sures\.cache\kagglehub\datasets\andrewmvd\ocular-disease-recognition-odir5k\versions\2\ODIR-5K\ODIR-5K\Training Images\3996_left.jpg,3,Severe DR
3996,right,3996_right.jpg,C:\Users\sures\.cache\kagglehub\datasets\andrewmvd\ocular-disease-recognition-odir5k\versions\2\ODIR-5K\ODIR-5K\Training Images\3996_right.jpg,3,Severe DR
4001,left,4001_left.jpg,C:\Users\sures\.cache\kagglehub\datasets\andrewmvd\ocular-disease-recognition-odir5k\versions\2\ODIR-5K\ODIR-5K\Training Images\4001_left.jpg,2,Moderate DR
4001,right,4001_right.jpg,C:\Users\sures\.cache\kagglehub\datasets\andrewmvd\ocular-disease-recognition-odir5k\versions\2\ODIR-5K\ODIR-5K\Training Images\4001_right.jpg,2,Moderate DR
4002,left,4002_left.jpg,C:\Users\sures\.cache\kagglehub\datasets\andrewmvd\ocular-disease-recognition-odir5k\versions\2\ODIR-5K\ODIR-5K\Training Images\4002_left.jpg,3,Severe DR
4002,right,4002_right.jpg,C:\Users\sures\.cache\kagglehub\datasets\andrewmvd\ocular-disease-recognition-odir5k\versions\2\ODIR-5K\ODIR-5K\Training Images\4002_right.jpg,4,Proliferative DR
4005,left,4005_left.jpg,C:\Users\sures\.cache\kagglehub\datasets\andrewmvd\ocular-disease-recognition-odir5k\versions\2\ODIR-5K\ODIR-5K\Training Images\4005_left.jpg,1,Mild DR
4005,right,4005_right.jpg,C:\Users\sures\.cache\kagglehub\datasets\andrewmvd\ocular-disease-recognition-odir5k\versions\2\ODIR-5K\ODIR-5K\Training Images\4005_right.jpg,1,Mild DR
4008,left,4008_left.jpg,C:\Users\sures\.cache\kagglehub\datasets\andrewmvd\ocular-disease-recognition-odir5k\versions\2\ODIR-5K\ODIR-5K\Training Images\4008_left.jpg,2,Moderate DR
4008,right,4008_right.jpg,C:\Users\sures\.cache\kagglehub\datasets\andrewmvd\ocular-disease-recognition-odir5k\versions\2\ODIR-5K\ODIR-5K\Training Images\4008_right.jpg,1,Mild DR
4009,left,4009_left.jpg,C:\Users\sures\.cache\kagglehub\datasets\andrewmvd\ocular-disease-recognition-odir5k\versions\2\ODIR-5K\ODIR-5K\Training Images\4009_left.jpg,2,Moderate DR
4009,right,4009_right.jpg,C:\Users\sures\.cache\kagglehub\datasets\andrewmvd\ocular-disease-recognition-odir5k\versions\2\ODIR-5K\ODIR-5K\Training Images\4009_right.jpg,2,Moderate DR
4011,left,4011_left.jpg,C:\Users\sures\.cache\kagglehub\datasets\andrewmvd\ocular-disease-recognition-odir5k\versions\2\ODIR-5K\ODIR-5K\Training Images\4011_left.jpg,2,Moderate DR
4011,right,4011_right.jpg,C:\Users\sures\.cache\kagglehub\datasets\andrewmvd\ocular-disease-recognition-odir5k\versions\2\ODIR-5K\ODIR-5K\Training Images\4011_right.jpg,2,Moderate DR
4014,left,4014_left.jpg,C:\Users\sures\.cache\kagglehub\datasets\andrewmvd\ocular-disease-recognition-odir5k\versions\2\ODIR-5K\ODIR-5K\Training Images\4014_left.jpg,2,Moderate DR
4014,right,4014_right.jpg,C:\Users\sures\.cache\kagglehub\datasets\andrewmvd\ocular-disease-recognition-odir5k\versions\2\ODIR-5K\ODIR-5K\Training Images\4014_right.jpg,2,Moderate DR
4015,left,4015_left.jpg,C:\Users\sures\.cache\kagglehub\datasets\andrewmvd\ocular-disease-recognition-odir5k\versions\2\ODIR-5K\ODIR-5K\Training Images\4015_left.jpg,2,Moderate DR
4015,right,4015_right.jpg,C:\Users\sures\.cache\kagglehub\datasets\andrewmvd\ocular-disease-recognition-odir5k\versions\2\ODIR-5K\ODIR-5K\Training Images\4015_right.jpg,2,Moderate DR
4016,left,4016_left.jpg,C:\Users\sures\.cache\kagglehub\datasets\andrewmvd\ocular-disease-recognition-odir5k\versions\2\ODIR-5K\ODIR-5K\Training Images\4016_left.jpg,2,Moderate DR
4016,right,4016_right.jpg,C:\Users\sures\.cache\kagglehub\datasets\andrewmvd\ocular-disease-recognition-odir5k\versions\2\ODIR-5K\ODIR-5K\Training Images\4016_right.jpg,0,No DR
4020,left,4020_left.jpg,C:\Users\sures\.cache\kagglehub\datasets\andrewmvd\ocular-disease-recognition-odir5k\versions\2\ODIR-5K\ODIR-5K\Training Images\4020_left.jpg,1,Mild DR
4020,right,4020_right.jpg,C:\Users\sures\.cache\kagglehub\datasets\andrewmvd\ocular-disease-recognition-odir5k\versions\2\ODIR-5K\ODIR-5K\Training Images\4020_right.jpg,0,No DR
4022,left,4022_left.jpg,C:\Users\sures\.cache\kagglehub\datasets\andrewmvd\ocular-disease-recognition-odir5k\versions\2\ODIR-5K\ODIR-5K\Training Images\4022_left.jpg,2,Moderate DR
4022,right,4022_right.jpg,C:\Users\sures\.cache\kagglehub\datasets\andrewmvd\ocular-disease-recognition-odir5k\versions\2\ODIR-5K\ODIR-5K\Training Images\4022_right.jpg,2,Moderate DR
4023,left,4023_left.jpg,C:\Users\sures\.cache\kagglehub\datasets\andrewmvd\ocular-disease-recognition-odir5k\versions\2\ODIR-5K\ODIR-5K\Training Images\4023_left.jpg,0,No DR
4023,right,4023_right.jpg,C:\Users\sures\.cache\kagglehub\datasets\andrewmvd\ocular-disease-recognition-odir5k\versions\2\ODIR-5K\ODIR-5K\Training Images\4023_right.jpg,1,Mild DR
4025,left,4025_left.jpg,C:\Users\sures\.cache\kagglehub\datasets\andrewmvd\ocular-disease-recognition-odir5k\versions\2\ODIR-5K\ODIR-5K\Training Images\4025_left.jpg,2,Moderate DR
4025,right,4025_right.jpg,C:\Users\sures\.cache\kagglehub\datasets\andrewmvd\ocular-disease-recognition-odir5k\versions\2\ODIR-5K\ODIR-5K\Training Images\4025_right.jpg,2,Moderate DR
4027,left,4027_left.jpg,C:\Users\sures\.cache\kagglehub\datasets\andrewmvd\ocular-disease-recognition-odir5k\versions\2\ODIR-5K\ODIR-5K\Training Images\4027_left.jpg,0,No DR
4027,right,4027_right.jpg,C:\Users\sures\.cache\kagglehub\datasets\andrewmvd\ocular-disease-recognition-odir5k\versions\2\ODIR-5K\ODIR-5K\Training Images\4027_right.jpg,2,Moderate DR
4028,left,4028_left.jpg,C:\Users\sures\.cache\kagglehub\datasets\andrewmvd\ocular-disease-recognition-odir5k\versions\2\ODIR-5K\ODIR-5K\Training Images\4028_left.jpg,1,Mild DR
4028,right,4028_right.jpg,C:\Users\sures\.cache\kagglehub\datasets\andrewmvd\ocular-disease-recognition-odir5k\versions\2\ODIR-5K\ODIR-5K\Training Images\4028_right.jpg,1,Mild DR
4029,left,4029_left.jpg,C:\Users\sures\.cache\kagglehub\datasets\andrewmvd\ocular-disease-recognition-odir5k\versions\2\ODIR-5K\ODIR-5K\Training Images\4029_left.jpg,2,Moderate DR
4029,right,4029_right.jpg,C:\Users\sures\.cache\kagglehub\datasets\andrewmvd\ocular-disease-recognition-odir5k\versions\2\ODIR-5K\ODIR-5K\Training Images\4029_right.jpg,2,Moderate DR
4030,left,4030_left.jpg,C:\Users\sures\.cache\kagglehub\datasets\andrewmvd\ocular-disease-recognition-odir5k\versions\2\ODIR-5K\ODIR-5K\Training Images\4030_left.jpg,1,Mild DR
4030,right,4030_right.jpg,C:\Users\sures\.cache\kagglehub\datasets\andrewmvd\ocular-disease-recognition-odir5k\versions\2\ODIR-5K\ODIR-5K\Training Images\4030_right.jpg,2,Moderate DR
4032,left,4032_left.jpg,C:\Users\sures\.cache\kagglehub\datasets\andrewmvd\ocular-disease-recognition-odir5k\versions\2\ODIR-5K\ODIR-5K\Training Images\4032_left.jpg,2,Moderate DR
4032,right,4032_right.jpg,C:\Users\sures\.cache\kagglehub\datasets\andrewmvd\ocular-disease-recognition-odir5k\versions\2\ODIR-5K\ODIR-5K\Training Images\4032_right.jpg,2,Moderate DR
4034,left,4034_left.jpg,C:\Users\sures\.cache\kagglehub\datasets\andrewmvd\ocular-disease-recognition-odir5k\versions\2\ODIR-5K\ODIR-5K\Training Images\4034_left.jpg,1,Mild DR
4034,right,4034_right.jpg,C:\Users\sures\.cache\kagglehub\datasets\andrewmvd\ocular-disease-recognition-odir5k\versions\2\ODIR-5K\ODIR-5K\Training Images\4034_right.jpg,2,Moderate DR
4035,left,4035_left.jpg,C:\Users\sures\.cache\kagglehub\datasets\andrewmvd\ocular-disease-recognition-odir5k\versions\2\ODIR-5K\ODIR-5K\Training Images\4035_left.jpg,1,Mild DR
4035,right,4035_right.jpg,C:\Users\sures\.cache\kagglehub\datasets\andrewmvd\ocular-disease-recognition-odir5k\versions\2\ODIR-5K\ODIR-5K\Training Images\4035_right.jpg,1,Mild DR
4036,left,4036_left.jpg,C:\Users\sures\.cache\kagglehub\datasets\andrewmvd\ocular-disease-recognition-odir5k\versions\2\ODIR-5K\ODIR-5K\Training Images\4036_left.jpg,0,No DR
4036,right,4036_right.jpg,C:\Users\sures\.cache\kagglehub\datasets\andrewmvd\ocular-disease-recognition-odir5k\versions\2\ODIR-5K\ODIR-5K\Training Images\4036_right.jpg,1,Mild DR
4037,left,4037_left.jpg,C:\Users\sures\.cache\kagglehub\datasets\andrewmvd\ocular-disease-recognition-odir5k\versions\2\ODIR-5K\ODIR-5K\Training Images\4037_left.jpg,2,Moderate DR
4037,right,4037_right.jpg,C:\Users\sures\.cache\kagglehub\datasets\andrewmvd\ocular-disease-recognition-odir5k\versions\2\ODIR-5K\ODIR-5K\Training Images\4037_right.jpg,2,Moderate DR
4039,left,4039_left.jpg,C:\Users\sures\.cache\kagglehub\datasets\andrewmvd\ocular-disease-recognition-odir5k\versions\2\ODIR-5K\ODIR-5K\Training Images\4039_left.jpg,2,Moderate DR
4039,right,4039_right.jpg,C:\Users\sures\.cache\kagglehub\datasets\andrewmvd\ocular-disease-recognition-odir5k\versions\2\ODIR-5K\ODIR-5K\Training Images\4039_right.jpg,1,Mild DR
4040,left,4040_left.jpg,C:\Users\sures\.cache\kagglehub\datasets\andrewmvd\ocular-disease-recognition-odir5k\versions\2\ODIR-5K\ODIR-5K\Training Images\4040_left.jpg,2,Moderate DR
4040,right,4040_right.jpg,C:\Users\sures\.cache\kagglehub\datasets\andrewmvd\ocular-disease-recognition-odir5k\versions\2\ODIR-5K\ODIR-5K\Training Images\4040_right.jpg,2,Moderate DR
4041,left,4041_left.jpg,C:\Users\sures\.cache\kagglehub\datasets\andrewmvd\ocular-disease-recognition-odir5k\versions\2\ODIR-5K\ODIR-5K\Training Images\4041_left.jpg,2,Moderate DR
4041,right,4041_right.jpg,C:\Users\sures\.cache\kagglehub\datasets\andrewmvd\ocular-disease-recognition-odir5k\versions\2\ODIR-5K\ODIR-5K\Training Images\4041_right.jpg,2,Moderate DR
4043,left,4043_left.jpg,C:\Users\sures\.cache\kagglehub\datasets\andrewmvd\ocular-disease-recognition-odir5k\versions\2\ODIR-5K\ODIR-5K\Training Images\4043_left.jpg,3,Severe DR
4043,right,4043_right.jpg,C:\Users\sures\.cache\kagglehub\datasets\andrewmvd\ocular-disease-recognition-odir5k\versions\2\ODIR-5K\ODIR-5K\Training Images\4043_right.jpg,3,Severe DR
4046,left,4046_left.jpg,C:\Users\sures\.cache\kagglehub\datasets\andrewmvd\ocular-disease-recognition-odir5k\versions\2\ODIR-5K\ODIR-5K\Training Images\4046_left.jpg,2,Moderate DR
4046,right,4046_right.jpg,C:\Users\sures\.cache\kagglehub\datasets\andrewmvd\ocular-disease-recognition-odir5k\versions\2\ODIR-5K\ODIR-5K\Training Images\4046_right.jpg,2,Moderate DR
4047,left,4047_left.jpg,C:\Users\sures\.cache\kagglehub\datasets\andrewmvd\ocular-disease-recognition-odir5k\versions\2\ODIR-5K\ODIR-5K\Training Images\4047_left.jpg,1,Mild DR
4047,right,4047_right.jpg,C:\Users\sures\.cache\kagglehub\datasets\andrewmvd\ocular-disease-recognition-odir5k\versions\2\ODIR-5K\ODIR-5K\Training Images\4047_right.jpg,1,Mild DR
4048,left,4048_left.jpg,C:\Users\sures\.cache\kagglehub\datasets\andrewmvd\ocular-disease-recognition-odir5k\versions\2\ODIR-5K\ODIR-5K\Training Images\4048_left.jpg,1,Mild DR
4048,right,4048_right.jpg,C:\Users\sures\.cache\kagglehub\datasets\andrewmvd\ocular-disease-recognition-odir5k\versions\2\ODIR-5K\ODIR-5K\Training Images\4048_right.jpg,1,Mild DR
4049,left,4049_left.jpg,C:\Users\sures\.cache\kagglehub\datasets\andrewmvd\ocular-disease-recognition-odir5k\versions\2\ODIR-5K\ODIR-5K\Training Images\4049_left.jpg,2,Moderate DR
4049,right,4049_right.jpg,C:\Users\sures\.cache\kagglehub\datasets\andrewmvd\ocular-disease-recognition-odir5k\versions\2\ODIR-5K\ODIR-5K\Training Images\4049_right.jpg,2,Moderate DR
4050,left,4050_left.jpg,C:\Users\sures\.cache\kagglehub\datasets\andrewmvd\ocular-disease-recognition-odir5k\versions\2\ODIR-5K\ODIR-5K\Training Images\4050_left.jpg,1,Mild DR
4050,right,4050_right.jpg,C:\Users\sures\.cache\kagglehub\datasets\andrewmvd\ocular-disease-recognition-odir5k\versions\2\ODIR-5K\ODIR-5K\Training Images\4050_right.jpg,1,Mild DR
4051,left,4051_left.jpg,C:\Users\sures\.cache\kagglehub\datasets\andrewmvd\ocular-disease-recognition-odir5k\versions\2\ODIR-5K\ODIR-5K\Training Images\4051_left.jpg,2,Moderate DR
4051,right,4051_right.jpg,C:\Users\sures\.cache\kagglehub\datasets\andrewmvd\ocular-disease-recognition-odir5k\versions\2\ODIR-5K\ODIR-5K\Training Images\4051_right.jpg,2,Moderate DR
4055,left,4055_left.jpg,C:\Users\sures\.cache\kagglehub\datasets\andrewmvd\ocular-disease-recognition-odir5k\versions\2\ODIR-5K\ODIR-5K\Training Images\4055_left.jpg,1,Mild DR
4055,right,4055_right.jpg,C:\Users\sures\.cache\kagglehub\datasets\andrewmvd\ocular-disease-recognition-odir5k\versions\2\ODIR-5K\ODIR-5K\Training Images\4055_right.jpg,1,Mild DR
4056,left,4056_left.jpg,C:\Users\sures\.cache\kagglehub\datasets\andrewmvd\ocular-disease-recognition-odir5k\versions\2\ODIR-5K\ODIR-5K\Training Images\4056_left.jpg,0,No DR
4056,right,4056_right.jpg,C:\Users\sures\.cache\kagglehub\datasets\andrewmvd\ocular-disease-recognition-odir5k\versions\2\ODIR-5K\ODIR-5K\Training Images\4056_right.jpg,2,Moderate DR
4057,left,4057_left.jpg,C:\Users\sures\.cache\kagglehub\datasets\andrewmvd\ocular-disease-recognition-odir5k\versions\2\ODIR-5K\ODIR-5K\Training Images\4057_left.jpg,0,No DR
4057,right,4057_right.jpg,C:\Users\sures\.cache\kagglehub\datasets\andrewmvd\ocular-disease-recognition-odir5k\versions\2\ODIR-5K\ODIR-5K\Training Images\4057_right.jpg,1,Mild DR
4059,left,4059_left.jpg,C:\Users\sures\.cache\kagglehub\datasets\andrewmvd\ocular-disease-recognition-odir5k\versions\2\ODIR-5K\ODIR-5K\Training Images\4059_left.jpg,0,No DR
4059,right,4059_right.jpg,C:\Users\sures\.cache\kagglehub\datasets\andrewmvd\ocular-disease-recognition-odir5k\versions\2\ODIR-5K\ODIR-5K\Training Images\4059_right.jpg,1,Mild DR
4060,left,4060_left.jpg,C:\Users\sures\.cache\kagglehub\datasets\andrewmvd\ocular-disease-recognition-odir5k\versions\2\ODIR-5K\ODIR-5K\Training Images\4060_left.jpg,0,No DR
4060,right,4060_right.jpg,C:\Users\sures\.cache\kagglehub\datasets\andrewmvd\ocular-disease-recognition-odir5k\versions\2\ODIR-5K\ODIR-5K\Training Images\4060_right.jpg,1,Mild DR
4061,left,4061_left.jpg,C:\Users\sures\.cache\kagglehub\datasets\andrewmvd\ocular-disease-recognition-odir5k\versions\2\ODIR-5K\ODIR-5K\Training Images\4061_left.jpg,2,Moderate DR
4061,right,4061_right.jpg,C:\Users\sures\.cache\kagglehub\datasets\andrewmvd\ocular-disease-recognition-odir5k\versions\2\ODIR-5K\ODIR-5K\Training Images\4061_right.jpg,2,Moderate DR
4063,left,4063_left.jpg,C:\Users\sures\.cache\kagglehub\datasets\andrewmvd\ocular-disease-recognition-odir5k\versions\2\ODIR-5K\ODIR-5K\Training Images\4063_left.jpg,2,Moderate DR
4063,right,4063_right.jpg,C:\Users\sures\.cache\kagglehub\datasets\andrewmvd\ocular-disease-recognition-odir5k\versions\2\ODIR-5K\ODIR-5K\Training Images\4063_right.jpg,0,No DR
4067,left,4067_left.jpg,C:\Users\sures\.cache\kagglehub\datasets\andrewmvd\ocular-disease-recognition-odir5k\versions\2\ODIR-5K\ODIR-5K\Training Images\4067_left.jpg,2,Moderate DR
4067,right,4067_right.jpg,C:\Users\sures\.cache\kagglehub\datasets\andrewmvd\ocular-disease-recognition-odir5k\versions\2\ODIR-5K\ODIR-5K\Training Images\4067_right.jpg,0,No DR
4068,left,4068_left.jpg,C:\Users\sures\.cache\kagglehub\datasets\andrewmvd\ocular-disease-recognition-odir5k\versions\2\ODIR-5K\ODIR-5K\Training Images\4068_left.jpg,2,Moderate DR
4068,right,4068_right.jpg,C:\Users\sures\.cache\kagglehub\datasets\andrewmvd\ocular-disease-recognition-odir5k\versions\2\ODIR-5K\ODIR-5K\Training Images\4068_right.jpg,2,Moderate DR
4069,left,4069_left.jpg,C:\Users\sures\.cache\kagglehub\datasets\andrewmvd\ocular-disease-recognition-odir5k\versions\2\ODIR-5K\ODIR-5K\Training Images\4069_left.jpg,0,No DR
4069,right,4069_right.jpg,C:\Users\sures\.cache\kagglehub\datasets\andrewmvd\ocular-disease-recognition-odir5k\versions\2\ODIR-5K\ODIR-5K\Training Images\4069_right.jpg,1,Mild DR
4072,left,4072_left.jpg,C:\Users\sures\.cache\kagglehub\datasets\andrewmvd\ocular-disease-recognition-odir5k\versions\2\ODIR-5K\ODIR-5K\Training Images\4072_left.jpg,2,Moderate DR
4072,right,4072_right.jpg,C:\Users\sures\.cache\kagglehub\datasets\andrewmvd\ocular-disease-recognition-odir5k\versions\2\ODIR-5K\ODIR-5K\Training Images\4072_right.jpg,2,Moderate DR
4074,left,4074_left.jpg,C:\Users\sures\.cache\kagglehub\datasets\andrewmvd\ocular-disease-recognition-odir5k\versions\2\ODIR-5K\ODIR-5K\Training Images\4074_left.jpg,1,Mild DR
4074,right,4074_right.jpg,C:\Users\sures\.cache\kagglehub\datasets\andrewmvd\ocular-disease-recognition-odir5k\versions\2\ODIR-5K\ODIR-5K\Training Images\4074_right.jpg,0,No DR
4076,left,4076_left.jpg,C:\Users\sures\.cache\kagglehub\datasets\andrewmvd\ocular-disease-recognition-odir5k\versions\2\ODIR-5K\ODIR-5K\Training Images\4076_left.jpg,0,No DR
4076,right,4076_right.jpg,C:\Users\sures\.cache\kagglehub\datasets\andrewmvd\ocular-disease-recognition-odir5k\versions\2\ODIR-5K\ODIR-5K\Training Images\4076_right.jpg,1,Mild DR
4078,left,4078_left.jpg,C:\Users\sures\.cache\kagglehub\datasets\andrewmvd\ocular-disease-recognition-odir5k\versions\2\ODIR-5K\ODIR-5K\Training Images\4078_left.jpg,1,Mild DR
4078,right,4078_right.jpg,C:\Users\sures\.cache\kagglehub\datasets\andrewmvd\ocular-disease-recognition-odir5k\versions\2\ODIR-5K\ODIR-5K\Training Images\4078_right.jpg,1,Mild DR
4079,left,4079_left.jpg,C:\Users\sures\.cache\kagglehub\datasets\andrewmvd\ocular-disease-recognition-odir5k\versions\2\ODIR-5K\ODIR-5K\Training Images\4079_left.jpg,0,No DR
4079,right,4079_right.jpg,C:\Users\sures\.cache\kagglehub\datasets\andrewmvd\ocular-disease-recognition-odir5k\versions\2\ODIR-5K\ODIR-5K\Training Images\4079_right.jpg,1,Mild DR
4080,left,4080_left.jpg,C:\Users\sures\.cache\kagglehub\datasets\andrewmvd\ocular-disease-recognition-odir5k\versions\2\ODIR-5K\ODIR-5K\Training Images\4080_left.jpg,2,Moderate DR
4080,right,4080_right.jpg,C:\Users\sures\.cache\kagglehub\datasets\andrewmvd\ocular-disease-recognition-odir5k\versions\2\ODIR-5K\ODIR-5K\Training Images\4080_right.jpg,1,Mild DR
4081,left,4081_left.jpg,C:\Users\sures\.cache\kagglehub\datasets\andrewmvd\ocular-disease-recognition-odir5k\versions\2\ODIR-5K\ODIR-5K\Training Images\4081_left.jpg,2,Moderate DR
4081,right,4081_right.jpg,C:\Users\sures\.cache\kagglehub\datasets\andrewmvd\ocular-disease-recognition-odir5k\versions\2\ODIR-5K\ODIR-5K\Training Images\4081_right.jpg,1,Mild DR
4082,left,4082_left.jpg,C:\Users\sures\.cache\kagglehub\datasets\andrewmvd\ocular-disease-recognition-odir5k\versions\2\ODIR-5K\ODIR-5K\Training Images\4082_left.jpg,1,Mild DR
4082,right,4082_right.jpg,C:\Users\sures\.cache\kagglehub\datasets\andrewmvd\ocular-disease-recognition-odir5k\versions\2\ODIR-5K\ODIR-5K\Training Images\4082_right.jpg,0,No DR
4083,left,4083_left.jpg,C:\Users\sures\.cache\kagglehub\datasets\andrewmvd\ocular-disease-recognition-odir5k\versions\2\ODIR-5K\ODIR-5K\Training Images\4083_left.jpg,1,Mild DR
4083,right,4083_right.jpg,C:\Users\sures\.cache\kagglehub\datasets\andrewmvd\ocular-disease-recognition-odir5k\versions\2\ODIR-5K\ODIR-5K\Training Images\4083_right.jpg,1,Mild DR
4084,left,4084_left.jpg,C:\Users\sures\.cache\kagglehub\datasets\andrewmvd\ocular-disease-recognition-odir5k\versions\2\ODIR-5K\ODIR-5K\Training Images\4084_left.jpg,2,Moderate DR
4084,right,4084_right.jpg,C:\Users\sures\.cache\kagglehub\datasets\andrewmvd\ocular-disease-recognition-odir5k\versions\2\ODIR-5K\ODIR-5K\Training Images\4084_right.jpg,2,Moderate DR
4085,left,4085_left.jpg,C:\Users\sures\.cache\kagglehub\datasets\andrewmvd\ocular-disease-recognition-odir5k\versions\2\ODIR-5K\ODIR-5K\Training Images\4085_left.jpg,1,Mild DR
4085,right,4085_right.jpg,C:\Users\sures\.cache\kagglehub\datasets\andrewmvd\ocular-disease-recognition-odir5k\versions\2\ODIR-5K\ODIR-5K\Training Images\4085_right.jpg,2,Moderate DR
4088,left,4088_left.jpg,C:\Users\sures\.cache\kagglehub\datasets\andrewmvd\ocular-disease-recognition-odir5k\versions\2\ODIR-5K\ODIR-5K\Training Images\4088_left.jpg,2,Moderate DR
4088,right,4088_right.jpg,C:\Users\sures\.cache\kagglehub\datasets\andrewmvd\ocular-disease-recognition-odir5k\versions\2\ODIR-5K\ODIR-5K\Training Images\4088_right.jpg,2,Moderate DR
4089,left,4089_left.jpg,C:\Users\sures\.cache\kagglehub\datasets\andrewmvd\ocular-disease-recognition-odir5k\versions\2\ODIR-5K\ODIR-5K\Training Images\4089_left.jpg,2,Moderate DR
4089,right,4089_right.jpg,C:\Users\sures\.cache\kagglehub\datasets\andrewmvd\ocular-disease-recognition-odir5k\versions\2\ODIR-5K\ODIR-5K\Training Images\4089_right.jpg,2,Moderate DR
4090,left,4090_left.jpg,C:\Users\sures\.cache\kagglehub\datasets\andrewmvd\ocular-disease-recognition-odir5k\versions\2\ODIR-5K\ODIR-5K\Training Images\4090_left.jpg,2,Moderate DR
4090,right,4090_right.jpg,C:\Users\sures\.cache\kagglehub\datasets\andrewmvd\ocular-disease-recognition-odir5k\versions\2\ODIR-5K\ODIR-5K\Training Images\4090_right.jpg,2,Moderate DR
4093,left,4093_left.jpg,C:\Users\sures\.cache\kagglehub\datasets\andrewmvd\ocular-disease-recognition-odir5k\versions\2\ODIR-5K\ODIR-5K\Training Images\4093_left.jpg,2,Moderate DR
4093,right,4093_right.jpg,C:\Users\sures\.cache\kagglehub\datasets\andrewmvd\ocular-disease-recognition-odir5k\versions\2\ODIR-5K\ODIR-5K\Training Images\4093_right.jpg,3,Severe DR
4094,left,4094_left.jpg,C:\Users\sures\.cache\kagglehub\datasets\andrewmvd\ocular-disease-recognition-odir5k\versions\2\ODIR-5K\ODIR-5K\Training Images\4094_left.jpg,3,Severe DR
4094,right,4094_right.jpg,C:\Users\sures\.cache\kagglehub\datasets\andrewmvd\ocular-disease-recognition-odir5k\versions\2\ODIR-5K\ODIR-5K\Training Images\4094_right.jpg,3,Severe DR
4095,left,4095_left.jpg,C:\Users\sures\.cache\kagglehub\datasets\andrewmvd\ocular-disease-recognition-odir5k\versions\2\ODIR-5K\ODIR-5K\Training Images\4095_left.jpg,2,Moderate DR
4095,right,4095_right.jpg,C:\Users\sures\.cache\kagglehub\datasets\andrewmvd\ocular-disease-recognition-odir5k\versions\2\ODIR-5K\ODIR-5K\Training Images\4095_right.jpg,2,Moderate DR
4096,left,4096_left.jpg,C:\Users\sures\.cache\kagglehub\datasets\andrewmvd\ocular-disease-recognition-odir5k\versions\2\ODIR-5K\ODIR-5K\Training Images\4096_left.jpg,1,Mild DR
4096,right,4096_right.jpg,C:\Users\sures\.cache\kagglehub\datasets\andrewmvd\ocular-disease-recognition-odir5k\versions\2\ODIR-5K\ODIR-5K\Training Images\4096_right.jpg,1,Mild DR
4097,left,4097_left.jpg,C:\Users\sures\.cache\kagglehub\datasets\andrewmvd\ocular-disease-recognition-odir5k\versions\2\ODIR-5K\ODIR-5K\Training Images\4097_left.jpg,1,Mild DR
4097,right,4097_right.jpg,C:\Users\sures\.cache\kagglehub\datasets\andrewmvd\ocular-disease-recognition-odir5k\versions\2\ODIR-5K\ODIR-5K\Training Images\4097_right.jpg,2,Moderate DR
4098,left,4098_left.jpg,C:\Users\sures\.cache\kagglehub\datasets\andrewmvd\ocular-disease-recognition-odir5k\versions\2\ODIR-5K\ODIR-5K\Training Images\4098_left.jpg,2,Moderate DR
4098,right,4098_right.jpg,C:\Users\sures\.cache\kagglehub\datasets\andrewmvd\ocular-disease-recognition-odir5k\versions\2\ODIR-5K\ODIR-5K\Training Images\4098_right.jpg,3,Severe DR
4099,left,4099_left.jpg,C:\Users\sures\.cache\kagglehub\datasets\andrewmvd\ocular-disease-recognition-odir5k\versions\2\ODIR-5K\ODIR-5K\Training Images\4099_left.jpg,2,Moderate DR
4099,right,4099_right.jpg,C:\Users\sures\.cache\kagglehub\datasets\andrewmvd\ocular-disease-recognition-odir5k\versions\2\ODIR-5K\ODIR-5K\Training Images\4099_right.jpg,2,Moderate DR
4100,left,4100_left.jpg,C:\Users\sures\.cache\kagglehub\datasets\andrewmvd\ocular-disease-recognition-odir5k\versions\2\ODIR-5K\ODIR-5K\Training Images\4100_left.jpg,0,No DR
4100,right,4100_right.jpg,C:\Users\sures\.cache\kagglehub\datasets\andrewmvd\ocular-disease-recognition-odir5k\versions\2\ODIR-5K\ODIR-5K\Training Images\4100_right.jpg,1,Mild DR
4105,left,4105_left.jpg,C:\Users\sures\.cache\kagglehub\datasets\andrewmvd\ocular-disease-recognition-odir5k\versions\2\ODIR-5K\ODIR-5K\Training Images\4105_left.jpg,2,Moderate DR
4105,right,4105_right.jpg,C:\Users\sures\.cache\kagglehub\datasets\andrewmvd\ocular-disease-recognition-odir5k\versions\2\ODIR-5K\ODIR-5K\Training Images\4105_right.jpg,2,Moderate DR
4107,left,4107_left.jpg,C:\Users\sures\.cache\kagglehub\datasets\andrewmvd\ocular-disease-recognition-odir5k\versions\2\ODIR-5K\ODIR-5K\Training Images\4107_left.jpg,2,Moderate DR
4107,right,4107_right.jpg,C:\Users\sures\.cache\kagglehub\datasets\andrewmvd\ocular-disease-recognition-odir5k\versions\2\ODIR-5K\ODIR-5K\Training Images\4107_right.jpg,2,Moderate DR
4109,left,4109_left.jpg,C:\Users\sures\.cache\kagglehub\datasets\andrewmvd\ocular-disease-recognition-odir5k\versions\2\ODIR-5K\ODIR-5K\Training Images\4109_left.jpg,2,Moderate DR
4109,right,4109_right.jpg,C:\Users\sures\.cache\kagglehub\datasets\andrewmvd\ocular-disease-recognition-odir5k\versions\2\ODIR-5K\ODIR-5K\Training Images\4109_right.jpg,2,Moderate DR
4111,left,4111_left.jpg,C:\Users\sures\.cache\kagglehub\datasets\andrewmvd\ocular-disease-recognition-odir5k\versions\2\ODIR-5K\ODIR-5K\Training Images\4111_left.jpg,0,No DR
4111,right,4111_right.jpg,C:\Users\sures\.cache\kagglehub\datasets\andrewmvd\ocular-disease-recognition-odir5k\versions\2\ODIR-5K\ODIR-5K\Training Images\4111_right.jpg,2,Moderate DR
4112,left,4112_left.jpg,C:\Users\sures\.cache\kagglehub\datasets\andrewmvd\ocular-disease-recognition-odir5k\versions\2\ODIR-5K\ODIR-5K\Training Images\4112_left.jpg,1,Mild DR
4112,right,4112_right.jpg,C:\Users\sures\.cache\kagglehub\datasets\andrewmvd\ocular-disease-recognition-odir5k\versions\2\ODIR-5K\ODIR-5K\Training Images\4112_right.jpg,2,Moderate DR
4113,left,4113_left.jpg,C:\Users\sures\.cache\kagglehub\datasets\andrewmvd\ocular-disease-recognition-odir5k\versions\2\ODIR-5K\ODIR-5K\Training Images\4113_left.jpg,2,Moderate DR
4113,right,4113_right.jpg,C:\Users\sures\.cache\kagglehub\datasets\andrewmvd\ocular-disease-recognition-odir5k\versions\2\ODIR-5K\ODIR-5K\Training Images\4113_right.jpg,2,Moderate DR
4115,left,4115_left.jpg,C:\Users\sures\.cache\kagglehub\datasets\andrewmvd\ocular-disease-recognition-odir5k\versions\2\ODIR-5K\ODIR-5K\Training Images\4115_left.jpg,1,Mild DR
4115,right,4115_right.jpg,C:\Users\sures\.cache\kagglehub\datasets\andrewmvd\ocular-disease-recognition-odir5k\versions\2\ODIR-5K\ODIR-5K\Training Images\4115_right.jpg,0,No DR
4116,left,4116_left.jpg,C:\Users\sures\.cache\kagglehub\datasets\andrewmvd\ocular-disease-recognition-odir5k\versions\2\ODIR-5K\ODIR-5K\Training Images\4116_left.jpg,2,Moderate DR
4116,right,4116_right.jpg,C:\Users\sures\.cache\kagglehub\datasets\andrewmvd\ocular-disease-recognition-odir5k\versions\2\ODIR-5K\ODIR-5K\Training Images\4116_right.jpg,2,Moderate DR
4117,left,4117_left.jpg,C:\Users\sures\.cache\kagglehub\datasets\andrewmvd\ocular-disease-recognition-odir5k\versions\2\ODIR-5K\ODIR-5K\Training Images\4117_left.jpg,0,No DR
4117,right,4117_right.jpg,C:\Users\sures\.cache\kagglehub\datasets\andrewmvd\ocular-disease-recognition-odir5k\versions\2\ODIR-5K\ODIR-5K\Training Images\4117_right.jpg,1,Mild DR
4119,left,4119_left.jpg,C:\Users\sures\.cache\kagglehub\datasets\andrewmvd\ocular-disease-recognition-odir5k\versions\2\ODIR-5K\ODIR-5K\Training Images\4119_left.jpg,2,Moderate DR
4119,right,4119_right.jpg,C:\Users\sures\.cache\kagglehub\datasets\andrewmvd\ocular-disease-recognition-odir5k\versions\2\ODIR-5K\ODIR-5K\Training Images\4119_right.jpg,2,Moderate DR
4121,left,4121_left.jpg,C:\Users\sures\.cache\kagglehub\datasets\andrewmvd\ocular-disease-recognition-odir5k\versions\2\ODIR-5K\ODIR-5K\Training Images\4121_left.jpg,2,Moderate DR
4121,right,4121_right.jpg,C:\Users\sures\.cache\kagglehub\datasets\andrewmvd\ocular-disease-recognition-odir5k\versions\2\ODIR-5K\ODIR-5K\Training Images\4121_right.jpg,2,Moderate DR
4122,left,4122_left.jpg,C:\Users\sures\.cache\kagglehub\datasets\andrewmvd\ocular-disease-recognition-odir5k\versions\2\ODIR-5K\ODIR-5K\Training Images\4122_left.jpg,2,Moderate DR
4122,right,4122_right.jpg,C:\Users\sures\.cache\kagglehub\datasets\andrewmvd\ocular-disease-recognition-odir5k\versions\2\ODIR-5K\ODIR-5K\Training Images\4122_right.jpg,2,Moderate DR
4125,left,4125_left.jpg,C:\Users\sures\.cache\kagglehub\datasets\andrewmvd\ocular-disease-recognition-odir5k\versions\2\ODIR-5K\ODIR-5K\Training Images\4125_left.jpg,3,Severe DR
4125,right,4125_right.jpg,C:\Users\sures\.cache\kagglehub\datasets\andrewmvd\ocular-disease-recognition-odir5k\versions\2\ODIR-5K\ODIR-5K\Training Images\4125_right.jpg,1,Mild DR
4127,left,4127_left.jpg,C:\Users\sures\.cache\kagglehub\datasets\andrewmvd\ocular-disease-recognition-odir5k\versions\2\ODIR-5K\ODIR-5K\Training Images\4127_left.jpg,3,Severe DR
4127,right,4127_right.jpg,C:\Users\sures\.cache\kagglehub\datasets\andrewmvd\ocular-disease-recognition-odir5k\versions\2\ODIR-5K\ODIR-5K\Training Images\4127_right.jpg,3,Severe DR
4131,left,4131_left.jpg,C:\Users\sures\.cache\kagglehub\datasets\andrewmvd\ocular-disease-recognition-odir5k\versions\2\ODIR-5K\ODIR-5K\Training Images\4131_left.jpg,4,Proliferative DR
4131,right,4131_right.jpg,C:\Users\sures\.cache\kagglehub\datasets\andrewmvd\ocular-disease-recognition-odir5k\versions\2\ODIR-5K\ODIR-5K\Training Images\4131_right.jpg,4,Proliferative DR
4133,left,4133_left.jpg,C:\Users\sures\.cache\kagglehub\datasets\andrewmvd\ocular-disease-recognition-odir5k\versions\2\ODIR-5K\ODIR-5K\Training Images\4133_left.jpg,2,Moderate DR
4133,right,4133_right.jpg,C:\Users\sures\.cache\kagglehub\datasets\andrewmvd\ocular-disease-recognition-odir5k\versions\2\ODIR-5K\ODIR-5K\Training Images\4133_right.jpg,2,Moderate DR
4134,left,4134_left.jpg,C:\Users\sures\.cache\kagglehub\datasets\andrewmvd\ocular-disease-recognition-odir5k\versions\2\ODIR-5K\ODIR-5K\Training Images\4134_left.jpg,2,Moderate DR
4134,right,4134_right.jpg,C:\Users\sures\.cache\kagglehub\datasets\andrewmvd\ocular-disease-recognition-odir5k\versions\2\ODIR-5K\ODIR-5K\Training Images\4134_right.jpg,2,Moderate DR
4136,left,4136_left.jpg,C:\Users\sures\.cache\kagglehub\datasets\andrewmvd\ocular-disease-recognition-odir5k\versions\2\ODIR-5K\ODIR-5K\Training Images\4136_left.jpg,2,Moderate DR
4136,right,4136_right.jpg,C:\Users\sures\.cache\kagglehub\datasets\andrewmvd\ocular-disease-recognition-odir5k\versions\2\ODIR-5K\ODIR-5K\Training Images\4136_right.jpg,2,Moderate DR
4137,left,4137_left.jpg,C:\Users\sures\.cache\kagglehub\datasets\andrewmvd\ocular-disease-recognition-odir5k\versions\2\ODIR-5K\ODIR-5K\Training Images\4137_left.jpg,3,Severe DR
4137,right,4137_right.jpg,C:\Users\sures\.cache\kagglehub\datasets\andrewmvd\ocular-disease-recognition-odir5k\versions\2\ODIR-5K\ODIR-5K\Training Images\4137_right.jpg,3,Severe DR
4138,left,4138_left.jpg,C:\Users\sures\.cache\kagglehub\datasets\andrewmvd\ocular-disease-recognition-odir5k\versions\2\ODIR-5K\ODIR-5K\Training Images\4138_left.jpg,1,Mild DR
4138,right,4138_right.jpg,C:\Users\sures\.cache\kagglehub\datasets\andrewmvd\ocular-disease-recognition-odir5k\versions\2\ODIR-5K\ODIR-5K\Training Images\4138_right.jpg,1,Mild DR
4140,left,4140_left.jpg,C:\Users\sures\.cache\kagglehub\datasets\andrewmvd\ocular-disease-recognition-odir5k\versions\2\ODIR-5K\ODIR-5K\Training Images\4140_left.jpg,2,Moderate DR
4140,right,4140_right.jpg,C:\Users\sures\.cache\kagglehub\datasets\andrewmvd\ocular-disease-recognition-odir5k\versions\2\ODIR-5K\ODIR-5K\Training Images\4140_right.jpg,2,Moderate DR
4141,left,4141_left.jpg,C:\Users\sures\.cache\kagglehub\datasets\andrewmvd\ocular-disease-recognition-odir5k\versions\2\ODIR-5K\ODIR-5K\Training Images\4141_left.jpg,0,No DR
4141,right,4141_right.jpg,C:\Users\sures\.cache\kagglehub\datasets\andrewmvd\ocular-disease-recognition-odir5k\versions\2\ODIR-5K\ODIR-5K\Training Images\4141_right.jpg,2,Moderate DR
4142,left,4142_left.jpg,C:\Users\sures\.cache\kagglehub\datasets\andrewmvd\ocular-disease-recognition-odir5k\versions\2\ODIR-5K\ODIR-5K\Training Images\4142_left.jpg,3,Severe DR
4142,right,4142_right.jpg,C:\Users\sures\.cache\kagglehub\datasets\andrewmvd\ocular-disease-recognition-odir5k\versions\2\ODIR-5K\ODIR-5K\Training Images\4142_right.jpg,3,Severe DR
4144,left,4144_left.jpg,C:\Users\sures\.cache\kagglehub\datasets\andrewmvd\ocular-disease-recognition-odir5k\versions\2\ODIR-5K\ODIR-5K\Training Images\4144_left.jpg,2,Moderate DR
4144,right,4144_right.jpg,C:\Users\sures\.cache\kagglehub\datasets\andrewmvd\ocular-disease-recognition-odir5k\versions\2\ODIR-5K\ODIR-5K\Training Images\4144_right.jpg,2,Moderate DR
4146,left,4146_left.jpg,C:\Users\sures\.cache\kagglehub\datasets\andrewmvd\ocular-disease-recognition-odir5k\versions\2\ODIR-5K\ODIR-5K\Training Images\4146_left.jpg,0,No DR
4146,right,4146_right.jpg,C:\Users\sures\.cache\kagglehub\datasets\andrewmvd\ocular-disease-recognition-odir5k\versions\2\ODIR-5K\ODIR-5K\Training Images\4146_right.jpg,2,Moderate DR
4147,left,4147_left.jpg,C:\Users\sures\.cache\kagglehub\datasets\andrewmvd\ocular-disease-recognition-odir5k\versions\2\ODIR-5K\ODIR-5K\Training Images\4147_left.jpg,1,Mild DR
4147,right,4147_right.jpg,C:\Users\sures\.cache\kagglehub\datasets\andrewmvd\ocular-disease-recognition-odir5k\versions\2\ODIR-5K\ODIR-5K\Training Images\4147_right.jpg,1,Mild DR
4148,left,4148_left.jpg,C:\Users\sures\.cache\kagglehub\datasets\andrewmvd\ocular-disease-recognition-odir5k\versions\2\ODIR-5K\ODIR-5K\Training Images\4148_left.jpg,1,Mild DR
4148,right,4148_right.jpg,C:\Users\sures\.cache\kagglehub\datasets\andrewmvd\ocular-disease-recognition-odir5k\versions\2\ODIR-5K\ODIR-5K\Training Images\4148_right.jpg,2,Moderate DR
4151,left,4151_left.jpg,C:\Users\sures\.cache\kagglehub\datasets\andrewmvd\ocular-disease-recognition-odir5k\versions\2\ODIR-5K\ODIR-5K\Training Images\4151_left.jpg,2,Moderate DR
4151,right,4151_right.jpg,C:\Users\sures\.cache\kagglehub\datasets\andrewmvd\ocular-disease-recognition-odir5k\versions\2\ODIR-5K\ODIR-5K\Training Images\4151_right.jpg,2,Moderate DR
4152,left,4152_left.jpg,C:\Users\sures\.cache\kagglehub\datasets\andrewmvd\ocular-disease-recognition-odir5k\versions\2\ODIR-5K\ODIR-5K\Training Images\4152_left.jpg,0,No DR
4152,right,4152_right.jpg,C:\Users\sures\.cache\kagglehub\datasets\andrewmvd\ocular-disease-recognition-odir5k\versions\2\ODIR-5K\ODIR-5K\Training Images\4152_right.jpg,1,Mild DR
4153,left,4153_left.jpg,C:\Users\sures\.cache\kagglehub\datasets\andrewmvd\ocular-disease-recognition-odir5k\versions\2\ODIR-5K\ODIR-5K\Training Images\4153_left.jpg,0,No DR
4153,right,4153_right.jpg,C:\Users\sures\.cache\kagglehub\datasets\andrewmvd\ocular-disease-recognition-odir5k\versions\2\ODIR-5K\ODIR-5K\Training Images\4153_right.jpg,1,Mild DR
4154,left,4154_left.jpg,C:\Users\sures\.cache\kagglehub\datasets\andrewmvd\ocular-disease-recognition-odir5k\versions\2\ODIR-5K\ODIR-5K\Training Images\4154_left.jpg,0,No DR
4154,right,4154_right.jpg,C:\Users\sures\.cache\kagglehub\datasets\andrewmvd\ocular-disease-recognition-odir5k\versions\2\ODIR-5K\ODIR-5K\Training Images\4154_right.jpg,1,Mild DR
4156,left,4156_left.jpg,C:\Users\sures\.cache\kagglehub\datasets\andrewmvd\ocular-disease-recognition-odir5k\versions\2\ODIR-5K\ODIR-5K\Training Images\4156_left.jpg,1,Mild DR
4156,right,4156_right.jpg,C:\Users\sures\.cache\kagglehub\datasets\andrewmvd\ocular-disease-recognition-odir5k\versions\2\ODIR-5K\ODIR-5K\Training Images\4156_right.jpg,0,No DR
4159,left,4159_left.jpg,C:\Users\sures\.cache\kagglehub\datasets\andrewmvd\ocular-disease-recognition-odir5k\versions\2\ODIR-5K\ODIR-5K\Training Images\4159_left.jpg,1,Mild DR
4159,right,4159_right.jpg,C:\Users\sures\.cache\kagglehub\datasets\andrewmvd\ocular-disease-recognition-odir5k\versions\2\ODIR-5K\ODIR-5K\Training Images\4159_right.jpg,0,No DR
4160,left,4160_left.jpg,C:\Users\sures\.cache\kagglehub\datasets\andrewmvd\ocular-disease-recognition-odir5k\versions\2\ODIR-5K\ODIR-5K\Training Images\4160_left.jpg,2,Moderate DR
4160,right,4160_right.jpg,C:\Users\sures\.cache\kagglehub\datasets\andrewmvd\ocular-disease-recognition-odir5k\versions\2\ODIR-5K\ODIR-5K\Training Images\4160_right.jpg,3,Severe DR
4161,left,4161_left.jpg,C:\Users\sures\.cache\kagglehub\datasets\andrewmvd\ocular-disease-recognition-odir5k\versions\2\ODIR-5K\ODIR-5K\Training Images\4161_left.jpg,2,Moderate DR
4161,right,4161_right.jpg,C:\Users\sures\.cache\kagglehub\datasets\andrewmvd\ocular-disease-recognition-odir5k\versions\2\ODIR-5K\ODIR-5K\Training Images\4161_right.jpg,2,Moderate DR
4162,left,4162_left.jpg,C:\Users\sures\.cache\kagglehub\datasets\andrewmvd\ocular-disease-recognition-odir5k\versions\2\ODIR-5K\ODIR-5K\Training Images\4162_left.jpg,2,Moderate DR
4162,right,4162_right.jpg,C:\Users\sures\.cache\kagglehub\datasets\andrewmvd\ocular-disease-recognition-odir5k\versions\2\ODIR-5K\ODIR-5K\Training Images\4162_right.jpg,1,Mild DR
4163,left,4163_left.jpg,C:\Users\sures\.cache\kagglehub\datasets\andrewmvd\ocular-disease-recognition-odir5k\versions\2\ODIR-5K\ODIR-5K\Training Images\4163_left.jpg,1,Mild DR
4163,right,4163_right.jpg,C:\Users\sures\.cache\kagglehub\datasets\andrewmvd\ocular-disease-recognition-odir5k\versions\2\ODIR-5K\ODIR-5K\Training Images\4163_right.jpg,0,No DR
4166,left,4166_left.jpg,C:\Users\sures\.cache\kagglehub\datasets\andrewmvd\ocular-disease-recognition-odir5k\versions\2\ODIR-5K\ODIR-5K\Training Images\4166_left.jpg,1,Mild DR
4166,right,4166_right.jpg,C:\Users\sures\.cache\kagglehub\datasets\andrewmvd\ocular-disease-recognition-odir5k\versions\2\ODIR-5K\ODIR-5K\Training Images\4166_right.jpg,1,Mild DR
4167,left,4167_left.jpg,C:\Users\sures\.cache\kagglehub\datasets\andrewmvd\ocular-disease-recognition-odir5k\versions\2\ODIR-5K\ODIR-5K\Training Images\4167_left.jpg,0,No DR
4167,right,4167_right.jpg,C:\Users\sures\.cache\kagglehub\datasets\andrewmvd\ocular-disease-recognition-odir5k\versions\2\ODIR-5K\ODIR-5K\Training Images\4167_right.jpg,1,Mild DR
4168,left,4168_left.jpg,C:\Users\sures\.cache\kagglehub\datasets\andrewmvd\ocular-disease-recognition-odir5k\versions\2\ODIR-5K\ODIR-5K\Training Images\4168_left.jpg,2,Moderate DR
4168,right,4168_right.jpg,C:\Users\sures\.cache\kagglehub\datasets\andrewmvd\ocular-disease-recognition-odir5k\versions\2\ODIR-5K\ODIR-5K\Training Images\4168_right.jpg,2,Moderate DR
4169,right,4169_right.jpg,C:\Users\sures\.cache\kagglehub\datasets\andrewmvd\ocular-disease-recognition-odir5k\versions\2\ODIR-5K\ODIR-5K\Training Images\4169_right.jpg,2,Moderate DR
4171,left,4171_left.jpg,C:\Users\sures\.cache\kagglehub\datasets\andrewmvd\ocular-disease-recognition-odir5k\versions\2\ODIR-5K\ODIR-5K\Training Images\4171_left.jpg,2,Moderate DR
4171,right,4171_right.jpg,C:\Users\sures\.cache\kagglehub\datasets\andrewmvd\ocular-disease-recognition-odir5k\versions\2\ODIR-5K\ODIR-5K\Training Images\4171_right.jpg,2,Moderate DR
4173,left,4173_left.jpg,C:\Users\sures\.cache\kagglehub\datasets\andrewmvd\ocular-disease-recognition-odir5k\versions\2\ODIR-5K\ODIR-5K\Training Images\4173_left.jpg,2,Moderate DR
4173,right,4173_right.jpg,C:\Users\sures\.cache\kagglehub\datasets\andrewmvd\ocular-disease-recognition-odir5k\versions\2\ODIR-5K\ODIR-5K\Training Images\4173_right.jpg,2,Moderate DR
4175,left,4175_left.jpg,C:\Users\sures\.cache\kagglehub\datasets\andrewmvd\ocular-disease-recognition-odir5k\versions\2\ODIR-5K\ODIR-5K\Training Images\4175_left.jpg,1,Mild DR
4175,right,4175_right.jpg,C:\Users\sures\.cache\kagglehub\datasets\andrewmvd\ocular-disease-recognition-odir5k\versions\2\ODIR-5K\ODIR-5K\Training Images\4175_right.jpg,2,Moderate DR
4176,left,4176_left.jpg,C:\Users\sures\.cache\kagglehub\datasets\andrewmvd\ocular-disease-recognition-odir5k\versions\2\ODIR-5K\ODIR-5K\Training Images\4176_left.jpg,0,No DR
4176,right,4176_right.jpg,C:\Users\sures\.cache\kagglehub\datasets\andrewmvd\ocular-disease-recognition-odir5k\versions\2\ODIR-5K\ODIR-5K\Training Images\4176_right.jpg,2,Moderate DR
4178,left,4178_left.jpg,C:\Users\sures\.cache\kagglehub\datasets\andrewmvd\ocular-disease-recognition-odir5k\versions\2\ODIR-5K\ODIR-5K\Training Images\4178_left.jpg,2,Moderate DR
4178,right,4178_right.jpg,C:\Users\sures\.cache\kagglehub\datasets\andrewmvd\ocular-disease-recognition-odir5k\versions\2\ODIR-5K\ODIR-5K\Training Images\4178_right.jpg,2,Moderate DR
4182,left,4182_left.jpg,C:\Users\sures\.cache\kagglehub\datasets\andrewmvd\ocular-disease-recognition-odir5k\versions\2\ODIR-5K\ODIR-5K\Training Images\4182_left.jpg,1,Mild DR
4182,right,4182_right.jpg,C:\Users\sures\.cache\kagglehub\datasets\andrewmvd\ocular-disease-recognition-odir5k\versions\2\ODIR-5K\ODIR-5K\Training Images\4182_right.jpg,0,No DR
4183,left,4183_left.jpg,C:\Users\sures\.cache\kagglehub\datasets\andrewmvd\ocular-disease-recognition-odir5k\versions\2\ODIR-5K\ODIR-5K\Training Images\4183_left.jpg,2,Moderate DR
4183,right,4183_right.jpg,C:\Users\sures\.cache\kagglehub\datasets\andrewmvd\ocular-disease-recognition-odir5k\versions\2\ODIR-5K\ODIR-5K\Training Images\4183_right.jpg,2,Moderate DR
4184,left,4184_left.jpg,C:\Users\sures\.cache\kagglehub\datasets\andrewmvd\ocular-disease-recognition-odir5k\versions\2\ODIR-5K\ODIR-5K\Training Images\4184_left.jpg,2,Moderate DR
4184,right,4184_right.jpg,C:\Users\sures\.cache\kagglehub\datasets\andrewmvd\ocular-disease-recognition-odir5k\versions\2\ODIR-5K\ODIR-5K\Training Images\4184_right.jpg,2,Moderate DR
4186,left,4186_left.jpg,C:\Users\sures\.cache\kagglehub\datasets\andrewmvd\ocular-disease-recognition-odir5k\versions\2\ODIR-5K\ODIR-5K\Training Images\4186_left.jpg,0,No DR
4186,right,4186_right.jpg,C:\Users\sures\.cache\kagglehub\datasets\andrewmvd\ocular-disease-recognition-odir5k\versions\2\ODIR-5K\ODIR-5K\Training Images\4186_right.jpg,1,Mild DR
4188,left,4188_left.jpg,C:\Users\sures\.cache\kagglehub\datasets\andrewmvd\ocular-disease-recognition-odir5k\versions\2\ODIR-5K\ODIR-5K\Training Images\4188_left.jpg,1,Mild DR
4188,right,4188_right.jpg,C:\Users\sures\.cache\kagglehub\datasets\andrewmvd\ocular-disease-recognition-odir5k\versions\2\ODIR-5K\ODIR-5K\Training Images\4188_right.jpg,1,Mild DR
4191,left,4191_left.jpg,C:\Users\sures\.cache\kagglehub\datasets\andrewmvd\ocular-disease-recognition-odir5k\versions\2\ODIR-5K\ODIR-5K\Training Images\4191_left.jpg,3,Severe DR
4191,right,4191_right.jpg,C:\Users\sures\.cache\kagglehub\datasets\andrewmvd\ocular-disease-recognition-odir5k\versions\2\ODIR-5K\ODIR-5K\Training Images\4191_right.jpg,3,Severe DR
4193,left,4193_left.jpg,C:\Users\sures\.cache\kagglehub\datasets\andrewmvd\ocular-disease-recognition-odir5k\versions\2\ODIR-5K\ODIR-5K\Training Images\4193_left.jpg,0,No DR
4193,right,4193_right.jpg,C:\Users\sures\.cache\kagglehub\datasets\andrewmvd\ocular-disease-recognition-odir5k\versions\2\ODIR-5K\ODIR-5K\Training Images\4193_right.jpg,2,Moderate DR
4194,left,4194_left.jpg,C:\Users\sures\.cache\kagglehub\datasets\andrewmvd\ocular-disease-recognition-odir5k\versions\2\ODIR-5K\ODIR-5K\Training Images\4194_left.jpg,1,Mild DR
4194,right,4194_right.jpg,C:\Users\sures\.cache\kagglehub\datasets\andrewmvd\ocular-disease-recognition-odir5k\versions\2\ODIR-5K\ODIR-5K\Training Images\4194_right.jpg,0,No DR
4196,left,4196_left.jpg,C:\Users\sures\.cache\kagglehub\datasets\andrewmvd\ocular-disease-recognition-odir5k\versions\2\ODIR-5K\ODIR-5K\Training Images\4196_left.jpg,2,Moderate DR
4196,right,4196_right.jpg,C:\Users\sures\.cache\kagglehub\datasets\andrewmvd\ocular-disease-recognition-odir5k\versions\2\ODIR-5K\ODIR-5K\Training Images\4196_right.jpg,2,Moderate DR
4200,left,4200_left.jpg,C:\Users\sures\.cache\kagglehub\datasets\andrewmvd\ocular-disease-recognition-odir5k\versions\2\ODIR-5K\ODIR-5K\Training Images\4200_left.jpg,0,No DR
4200,right,4200_right.jpg,C:\Users\sures\.cache\kagglehub\datasets\andrewmvd\ocular-disease-recognition-odir5k\versions\2\ODIR-5K\ODIR-5K\Training Images\4200_right.jpg,1,Mild DR
4201,left,4201_left.jpg,C:\Users\sures\.cache\kagglehub\datasets\andrewmvd\ocular-disease-recognition-odir5k\versions\2\ODIR-5K\ODIR-5K\Training Images\4201_left.jpg,1,Mild DR
4201,right,4201_right.jpg,C:\Users\sures\.cache\kagglehub\datasets\andrewmvd\ocular-disease-recognition-odir5k\versions\2\ODIR-5K\ODIR-5K\Training Images\4201_right.jpg,1,Mild DR
4202,right,4202_right.jpg,C:\Users\sures\.cache\kagglehub\datasets\andrewmvd\ocular-disease-recognition-odir5k\versions\2\ODIR-5K\ODIR-5K\Training Images\4202_right.jpg,2,Moderate DR
4203,left,4203_left.jpg,C:\Users\sures\.cache\kagglehub\datasets\andrewmvd\ocular-disease-recognition-odir5k\versions\2\ODIR-5K\ODIR-5K\Training Images\4203_left.jpg,0,No DR
4203,right,4203_right.jpg,C:\Users\sures\.cache\kagglehub\datasets\andrewmvd\ocular-disease-recognition-odir5k\versions\2\ODIR-5K\ODIR-5K\Training Images\4203_right.jpg,2,Moderate DR
4204,left,4204_left.jpg,C:\Users\sures\.cache\kagglehub\datasets\andrewmvd\ocular-disease-recognition-odir5k\versions\2\ODIR-5K\ODIR-5K\Training Images\4204_left.jpg,3,Severe DR
4204,right,4204_right.jpg,C:\Users\sures\.cache\kagglehub\datasets\andrewmvd\ocular-disease-recognition-odir5k\versions\2\ODIR-5K\ODIR-5K\Training Images\4204_right.jpg,3,Severe DR
4207,left,4207_left.jpg,C:\Users\sures\.cache\kagglehub\datasets\andrewmvd\ocular-disease-recognition-odir5k\versions\2\ODIR-5K\ODIR-5K\Training Images\4207_left.jpg,1,Mild DR
4208,left,4208_left.jpg,C:\Users\sures\.cache\kagglehub\datasets\andrewmvd\ocular-disease-recognition-odir5k\versions\2\ODIR-5K\ODIR-5K\Training Images\4208_left.jpg,0,No DR
4208,right,4208_right.jpg,C:\Users\sures\.cache\kagglehub\datasets\andrewmvd\ocular-disease-recognition-odir5k\versions\2\ODIR-5K\ODIR-5K\Training Images\4208_right.jpg,1,Mild DR
4209,left,4209_left.jpg,C:\Users\sures\.cache\kagglehub\datasets\andrewmvd\ocular-disease-recognition-odir5k\versions\2\ODIR-5K\ODIR-5K\Training Images\4209_left.jpg,0,No DR
4209,right,4209_right.jpg,C:\Users\sures\.cache\kagglehub\datasets\andrewmvd\ocular-disease-recognition-odir5k\versions\2\ODIR-5K\ODIR-5K\Training Images\4209_right.jpg,2,Moderate DR
4210,left,4210_left.jpg,C:\Users\sures\.cache\kagglehub\datasets\andrewmvd\ocular-disease-recognition-odir5k\versions\2\ODIR-5K\ODIR-5K\Training Images\4210_left.jpg,2,Moderate DR
4210,right,4210_right.jpg,C:\Users\sures\.cache\kagglehub\datasets\andrewmvd\ocular-disease-recognition-odir5k\versions\2\ODIR-5K\ODIR-5K\Training Images\4210_right.jpg,2,Moderate DR
4211,left,4211_left.jpg,C:\Users\sures\.cache\kagglehub\datasets\andrewmvd\ocular-disease-recognition-odir5k\versions\2\ODIR-5K\ODIR-5K\Training Images\4211_left.jpg,2,Moderate DR
4211,right,4211_right.jpg,C:\Users\sures\.cache\kagglehub\datasets\andrewmvd\ocular-disease-recognition-odir5k\versions\2\ODIR-5K\ODIR-5K\Training Images\4211_right.jpg,2,Moderate DR
4216,left,4216_left.jpg,C:\Users\sures\.cache\kagglehub\datasets\andrewmvd\ocular-disease-recognition-odir5k\versions\2\ODIR-5K\ODIR-5K\Training Images\4216_left.jpg,3,Severe DR
4216,right,4216_right.jpg,C:\Users\sures\.cache\kagglehub\datasets\andrewmvd\ocular-disease-recognition-odir5k\versions\2\ODIR-5K\ODIR-5K\Training Images\4216_right.jpg,3,Severe DR
4217,left,4217_left.jpg,C:\Users\sures\.cache\kagglehub\datasets\andrewmvd\ocular-disease-recognition-odir5k\versions\2\ODIR-5K\ODIR-5K\Training Images\4217_left.jpg,3,Severe DR
4217,right,4217_right.jpg,C:\Users\sures\.cache\kagglehub\datasets\andrewmvd\ocular-disease-recognition-odir5k\versions\2\ODIR-5K\ODIR-5K\Training Images\4217_right.jpg,3,Severe DR
4221,left,4221_left.jpg,C:\Users\sures\.cache\kagglehub\datasets\andrewmvd\ocular-disease-recognition-odir5k\versions\2\ODIR-5K\ODIR-5K\Training Images\4221_left.jpg,2,Moderate DR
4221,right,4221_right.jpg,C:\Users\sures\.cache\kagglehub\datasets\andrewmvd\ocular-disease-recognition-odir5k\versions\2\ODIR-5K\ODIR-5K\Training Images\4221_right.jpg,3,Severe DR
4224,left,4224_left.jpg,C:\Users\sures\.cache\kagglehub\datasets\andrewmvd\ocular-disease-recognition-odir5k\versions\2\ODIR-5K\ODIR-5K\Training Images\4224_left.jpg,0,No DR
4224,right,4224_right.jpg,C:\Users\sures\.cache\kagglehub\datasets\andrewmvd\ocular-disease-recognition-odir5k\versions\2\ODIR-5K\ODIR-5K\Training Images\4224_right.jpg,1,Mild DR
4225,left,4225_left.jpg,C:\Users\sures\.cache\kagglehub\datasets\andrewmvd\ocular-disease-recognition-odir5k\versions\2\ODIR-5K\ODIR-5K\Training Images\4225_left.jpg,0,No DR
4225,right,4225_right.jpg,C:\Users\sures\.cache\kagglehub\datasets\andrewmvd\ocular-disease-recognition-odir5k\versions\2\ODIR-5K\ODIR-5K\Training Images\4225_right.jpg,1,Mild DR
4226,left,4226_left.jpg,C:\Users\sures\.cache\kagglehub\datasets\andrewmvd\ocular-disease-recognition-odir5k\versions\2\ODIR-5K\ODIR-5K\Training Images\4226_left.jpg,1,Mild DR
4226,right,4226_right.jpg,C:\Users\sures\.cache\kagglehub\datasets\andrewmvd\ocular-disease-recognition-odir5k\versions\2\ODIR-5K\ODIR-5K\Training Images\4226_right.jpg,1,Mild DR
4227,left,4227_left.jpg,C:\Users\sures\.cache\kagglehub\datasets\andrewmvd\ocular-disease-recognition-odir5k\versions\2\ODIR-5K\ODIR-5K\Training Images\4227_left.jpg,2,Moderate DR
4227,right,4227_right.jpg,C:\Users\sures\.cache\kagglehub\datasets\andrewmvd\ocular-disease-recognition-odir5k\versions\2\ODIR-5K\ODIR-5K\Training Images\4227_right.jpg,1,Mild DR
4229,left,4229_left.jpg,C:\Users\sures\.cache\kagglehub\datasets\andrewmvd\ocular-disease-recognition-odir5k\versions\2\ODIR-5K\ODIR-5K\Training Images\4229_left.jpg,0,No DR
4229,right,4229_right.jpg,C:\Users\sures\.cache\kagglehub\datasets\andrewmvd\ocular-disease-recognition-odir5k\versions\2\ODIR-5K\ODIR-5K\Training Images\4229_right.jpg,2,Moderate DR
4230,left,4230_left.jpg,C:\Users\sures\.cache\kagglehub\datasets\andrewmvd\ocular-disease-recognition-odir5k\versions\2\ODIR-5K\ODIR-5K\Training Images\4230_left.jpg,0,No DR
4230,right,4230_right.jpg,C:\Users\sures\.cache\kagglehub\datasets\andrewmvd\ocular-disease-recognition-odir5k\versions\2\ODIR-5K\ODIR-5K\Training Images\4230_right.jpg,1,Mild DR
4232,left,4232_left.jpg,C:\Users\sures\.cache\kagglehub\datasets\andrewmvd\ocular-disease-recognition-odir5k\versions\2\ODIR-5K\ODIR-5K\Training Images\4232_left.jpg,1,Mild DR
4232,right,4232_right.jpg,C:\Users\sures\.cache\kagglehub\datasets\andrewmvd\ocular-disease-recognition-odir5k\versions\2\ODIR-5K\ODIR-5K\Training Images\4232_right.jpg,2,Moderate DR
4233,left,4233_left.jpg,C:\Users\sures\.cache\kagglehub\datasets\andrewmvd\ocular-disease-recognition-odir5k\versions\2\ODIR-5K\ODIR-5K\Training Images\4233_left.jpg,2,Moderate DR
4233,right,4233_right.jpg,C:\Users\sures\.cache\kagglehub\datasets\andrewmvd\ocular-disease-recognition-odir5k\versions\2\ODIR-5K\ODIR-5K\Training Images\4233_right.jpg,2,Moderate DR
4235,left,4235_left.jpg,C:\Users\sures\.cache\kagglehub\datasets\andrewmvd\ocular-disease-recognition-odir5k\versions\2\ODIR-5K\ODIR-5K\Training Images\4235_left.jpg,2,Moderate DR
4235,right,4235_right.jpg,C:\Users\sures\.cache\kagglehub\datasets\andrewmvd\ocular-disease-recognition-odir5k\versions\2\ODIR-5K\ODIR-5K\Training Images\4235_right.jpg,2,Moderate DR
4236,left,4236_left.jpg,C:\Users\sures\.cache\kagglehub\datasets\andrewmvd\ocular-disease-recognition-odir5k\versions\2\ODIR-5K\ODIR-5K\Training Images\4236_left.jpg,2,Moderate DR
4236,right,4236_right.jpg,C:\Users\sures\.cache\kagglehub\datasets\andrewmvd\ocular-disease-recognition-odir5k\versions\2\ODIR-5K\ODIR-5K\Training Images\4236_right.jpg,2,Moderate DR
4238,left,4238_left.jpg,C:\Users\sures\.cache\kagglehub\datasets\andrewmvd\ocular-disease-recognition-odir5k\versions\2\ODIR-5K\ODIR-5K\Training Images\4238_left.jpg,0,No DR
4238,right,4238_right.jpg,C:\Users\sures\.cache\kagglehub\datasets\andrewmvd\ocular-disease-recognition-odir5k\versions\2\ODIR-5K\ODIR-5K\Training Images\4238_right.jpg,2,Moderate DR
4239,left,4239_left.jpg,C:\Users\sures\.cache\kagglehub\datasets\andrewmvd\ocular-disease-recognition-odir5k\versions\2\ODIR-5K\ODIR-5K\Training Images\4239_left.jpg,1,Mild DR
4239,right,4239_right.jpg,C:\Users\sures\.cache\kagglehub\datasets\andrewmvd\ocular-disease-recognition-odir5k\versions\2\ODIR-5K\ODIR-5K\Training Images\4239_right.jpg,0,No DR
4242,left,4242_left.jpg,C:\Users\sures\.cache\kagglehub\datasets\andrewmvd\ocular-disease-recognition-odir5k\versions\2\ODIR-5K\ODIR-5K\Training Images\4242_left.jpg,0,No DR
4242,right,4242_right.jpg,C:\Users\sures\.cache\kagglehub\datasets\andrewmvd\ocular-disease-recognition-odir5k\versions\2\ODIR-5K\ODIR-5K\Training Images\4242_right.jpg,1,Mild DR
4245,left,4245_left.jpg,C:\Users\sures\.cache\kagglehub\datasets\andrewmvd\ocular-disease-recognition-odir5k\versions\2\ODIR-5K\ODIR-5K\Training Images\4245_left.jpg,0,No DR
4245,right,4245_right.jpg,C:\Users\sures\.cache\kagglehub\datasets\andrewmvd\ocular-disease-recognition-odir5k\versions\2\ODIR-5K\ODIR-5K\Training Images\4245_right.jpg,1,Mild DR
4246,left,4246_left.jpg,C:\Users\sures\.cache\kagglehub\datasets\andrewmvd\ocular-disease-recognition-odir5k\versions\2\ODIR-5K\ODIR-5K\Training Images\4246_left.jpg,2,Moderate DR
4246,right,4246_right.jpg,C:\Users\sures\.cache\kagglehub\datasets\andrewmvd\ocular-disease-recognition-odir5k\versions\2\ODIR-5K\ODIR-5K\Training Images\4246_right.jpg,1,Mild DR
4248,left,4248_left.jpg,C:\Users\sures\.cache\kagglehub\datasets\andrewmvd\ocular-disease-recognition-odir5k\versions\2\ODIR-5K\ODIR-5K\Training Images\4248_left.jpg,1,Mild DR
4248,right,4248_right.jpg,C:\Users\sures\.cache\kagglehub\datasets\andrewmvd\ocular-disease-recognition-odir5k\versions\2\ODIR-5K\ODIR-5K\Training Images\4248_right.jpg,0,No DR
4249,left,4249_left.jpg,C:\Users\sures\.cache\kagglehub\datasets\andrewmvd\ocular-disease-recognition-odir5k\versions\2\ODIR-5K\ODIR-5K\Training Images\4249_left.jpg,1,Mild DR
4249,right,4249_right.jpg,C:\Users\sures\.cache\kagglehub\datasets\andrewmvd\ocular-disease-recognition-odir5k\versions\2\ODIR-5K\ODIR-5K\Training Images\4249_right.jpg,2,Moderate DR
4251,left,4251_left.jpg,C:\Users\sures\.cache\kagglehub\datasets\andrewmvd\ocular-disease-recognition-odir5k\versions\2\ODIR-5K\ODIR-5K\Training Images\4251_left.jpg,1,Mild DR
4251,right,4251_right.jpg,C:\Users\sures\.cache\kagglehub\datasets\andrewmvd\ocular-disease-recognition-odir5k\versions\2\ODIR-5K\ODIR-5K\Training Images\4251_right.jpg,0,No DR
4252,left,4252_left.jpg,C:\Users\sures\.cache\kagglehub\datasets\andrewmvd\ocular-disease-recognition-odir5k\versions\2\ODIR-5K\ODIR-5K\Training Images\4252_left.jpg,1,Mild DR
4252,right,4252_right.jpg,C:\Users\sures\.cache\kagglehub\datasets\andrewmvd\ocular-disease-recognition-odir5k\versions\2\ODIR-5K\ODIR-5K\Training Images\4252_right.jpg,1,Mild DR
4253,left,4253_left.jpg,C:\Users\sures\.cache\kagglehub\datasets\andrewmvd\ocular-disease-recognition-odir5k\versions\2\ODIR-5K\ODIR-5K\Training Images\4253_left.jpg,0,No DR
4253,right,4253_right.jpg,C:\Users\sures\.cache\kagglehub\datasets\andrewmvd\ocular-disease-recognition-odir5k\versions\2\ODIR-5K\ODIR-5K\Training Images\4253_right.jpg,1,Mild DR
4254,left,4254_left.jpg,C:\Users\sures\.cache\kagglehub\datasets\andrewmvd\ocular-disease-recognition-odir5k\versions\2\ODIR-5K\ODIR-5K\Training Images\4254_left.jpg,1,Mild DR
4254,right,4254_right.jpg,C:\Users\sures\.cache\kagglehub\datasets\andrewmvd\ocular-disease-recognition-odir5k\versions\2\ODIR-5K\ODIR-5K\Training Images\4254_right.jpg,1,Mild DR
4255,left,4255_left.jpg,C:\Users\sures\.cache\kagglehub\datasets\andrewmvd\ocular-disease-recognition-odir5k\versions\2\ODIR-5K\ODIR-5K\Training Images\4255_left.jpg,2,Moderate DR
4255,right,4255_right.jpg,C:\Users\sures\.cache\kagglehub\datasets\andrewmvd\ocular-disease-recognition-odir5k\versions\2\ODIR-5K\ODIR-5K\Training Images\4255_right.jpg,1,Mild DR
4258,left,4258_left.jpg,C:\Users\sures\.cache\kagglehub\datasets\andrewmvd\ocular-disease-recognition-odir5k\versions\2\ODIR-5K\ODIR-5K\Training Images\4258_left.jpg,1,Mild DR
4258,right,4258_right.jpg,C:\Users\sures\.cache\kagglehub\datasets\andrewmvd\ocular-disease-recognition-odir5k\versions\2\ODIR-5K\ODIR-5K\Training Images\4258_right.jpg,2,Moderate DR
4260,left,4260_left.jpg,C:\Users\sures\.cache\kagglehub\datasets\andrewmvd\ocular-disease-recognition-odir5k\versions\2\ODIR-5K\ODIR-5K\Training Images\4260_left.jpg,1,Mild DR
4260,right,4260_right.jpg,C:\Users\sures\.cache\kagglehub\datasets\andrewmvd\ocular-disease-recognition-odir5k\versions\2\ODIR-5K\ODIR-5K\Training Images\4260_right.jpg,1,Mild DR
4261,left,4261_left.jpg,C:\Users\sures\.cache\kagglehub\datasets\andrewmvd\ocular-disease-recognition-odir5k\versions\2\ODIR-5K\ODIR-5K\Training Images\4261_left.jpg,0,No DR
4261,right,4261_right.jpg,C:\Users\sures\.cache\kagglehub\datasets\andrewmvd\ocular-disease-recognition-odir5k\versions\2\ODIR-5K\ODIR-5K\Training Images\4261_right.jpg,2,Moderate DR
4263,left,4263_left.jpg,C:\Users\sures\.cache\kagglehub\datasets\andrewmvd\ocular-disease-recognition-odir5k\versions\2\ODIR-5K\ODIR-5K\Training Images\4263_left.jpg,2,Moderate DR
4263,right,4263_right.jpg,C:\Users\sures\.cache\kagglehub\datasets\andrewmvd\ocular-disease-recognition-odir5k\versions\2\ODIR-5K\ODIR-5K\Training Images\4263_right.jpg,2,Moderate DR
4265,left,4265_left.jpg,C:\Users\sures\.cache\kagglehub\datasets\andrewmvd\ocular-disease-recognition-odir5k\versions\2\ODIR-5K\ODIR-5K\Training Images\4265_left.jpg,1,Mild DR
4265,right,4265_right.jpg,C:\Users\sures\.cache\kagglehub\datasets\andrewmvd\ocular-disease-recognition-odir5k\versions\2\ODIR-5K\ODIR-5K\Training Images\4265_right.jpg,1,Mild DR
4267,left,4267_left.jpg,C:\Users\sures\.cache\kagglehub\datasets\andrewmvd\ocular-disease-recognition-odir5k\versions\2\ODIR-5K\ODIR-5K\Training Images\4267_left.jpg,0,No DR
4267,right,4267_right.jpg,C:\Users\sures\.cache\kagglehub\datasets\andrewmvd\ocular-disease-recognition-odir5k\versions\2\ODIR-5K\ODIR-5K\Training Images\4267_right.jpg,1,Mild DR
4269,left,4269_left.jpg,C:\Users\sures\.cache\kagglehub\datasets\andrewmvd\ocular-disease-recognition-odir5k\versions\2\ODIR-5K\ODIR-5K\Training Images\4269_left.jpg,1,Mild DR
4269,right,4269_right.jpg,C:\Users\sures\.cache\kagglehub\datasets\andrewmvd\ocular-disease-recognition-odir5k\versions\2\ODIR-5K\ODIR-5K\Training Images\4269_right.jpg,0,No DR
4270,left,4270_left.jpg,C:\Users\sures\.cache\kagglehub\datasets\andrewmvd\ocular-disease-recognition-odir5k\versions\2\ODIR-5K\ODIR-5K\Training Images\4270_left.jpg,3,Severe DR
4270,right,4270_right.jpg,C:\Users\sures\.cache\kagglehub\datasets\andrewmvd\ocular-disease-recognition-odir5k\versions\2\ODIR-5K\ODIR-5K\Training Images\4270_right.jpg,3,Severe DR
4271,left,4271_left.jpg,C:\Users\sures\.cache\kagglehub\datasets\andrewmvd\ocular-disease-recognition-odir5k\versions\2\ODIR-5K\ODIR-5K\Training Images\4271_left.jpg,0,No DR
4271,right,4271_right.jpg,C:\Users\sures\.cache\kagglehub\datasets\andrewmvd\ocular-disease-recognition-odir5k\versions\2\ODIR-5K\ODIR-5K\Training Images\4271_right.jpg,2,Moderate DR
4272,left,4272_left.jpg,C:\Users\sures\.cache\kagglehub\datasets\andrewmvd\ocular-disease-recognition-odir5k\versions\2\ODIR-5K\ODIR-5K\Training Images\4272_left.jpg,2,Moderate DR
4272,right,4272_right.jpg,C:\Users\sures\.cache\kagglehub\datasets\andrewmvd\ocular-disease-recognition-odir5k\versions\2\ODIR-5K\ODIR-5K\Training Images\4272_right.jpg,0,No DR
4273,left,4273_left.jpg,C:\Users\sures\.cache\kagglehub\datasets\andrewmvd\ocular-disease-recognition-odir5k\versions\2\ODIR-5K\ODIR-5K\Training Images\4273_left.jpg,2,Moderate DR
4273,right,4273_right.jpg,C:\Users\sures\.cache\kagglehub\datasets\andrewmvd\ocular-disease-recognition-odir5k\versions\2\ODIR-5K\ODIR-5K\Training Images\4273_right.jpg,2,Moderate DR
4275,left,4275_left.jpg,C:\Users\sures\.cache\kagglehub\datasets\andrewmvd\ocular-disease-recognition-odir5k\versions\2\ODIR-5K\ODIR-5K\Training Images\4275_left.jpg,1,Mild DR
4275,right,4275_right.jpg,C:\Users\sures\.cache\kagglehub\datasets\andrewmvd\ocular-disease-recognition-odir5k\versions\2\ODIR-5K\ODIR-5K\Training Images\4275_right.jpg,0,No DR
4276,left,4276_left.jpg,C:\Users\sures\.cache\kagglehub\datasets\andrewmvd\ocular-disease-recognition-odir5k\versions\2\ODIR-5K\ODIR-5K\Training Images\4276_left.jpg,1,Mild DR
4276,right,4276_right.jpg,C:\Users\sures\.cache\kagglehub\datasets\andrewmvd\ocular-disease-recognition-odir5k\versions\2\ODIR-5K\ODIR-5K\Training Images\4276_right.jpg,0,No DR
4278,left,4278_left.jpg,C:\Users\sures\.cache\kagglehub\datasets\andrewmvd\ocular-disease-recognition-odir5k\versions\2\ODIR-5K\ODIR-5K\Training Images\4278_left.jpg,3,Severe DR
4278,right,4278_right.jpg,C:\Users\sures\.cache\kagglehub\datasets\andrewmvd\ocular-disease-recognition-odir5k\versions\2\ODIR-5K\ODIR-5K\Training Images\4278_right.jpg,2,Moderate DR
4281,left,4281_left.jpg,C:\Users\sures\.cache\kagglehub\datasets\andrewmvd\ocular-disease-recognition-odir5k\versions\2\ODIR-5K\ODIR-5K\Training Images\4281_left.jpg,2,Moderate DR
4281,right,4281_right.jpg,C:\Users\sures\.cache\kagglehub\datasets\andrewmvd\ocular-disease-recognition-odir5k\versions\2\ODIR-5K\ODIR-5K\Training Images\4281_right.jpg,2,Moderate DR
4284,left,4284_left.jpg,C:\Users\sures\.cache\kagglehub\datasets\andrewmvd\ocular-disease-recognition-odir5k\versions\2\ODIR-5K\ODIR-5K\Training Images\4284_left.jpg,2,Moderate DR
4284,right,4284_right.jpg,C:\Users\sures\.cache\kagglehub\datasets\andrewmvd\ocular-disease-recognition-odir5k\versions\2\ODIR-5K\ODIR-5K\Training Images\4284_right.jpg,2,Moderate DR
4285,left,4285_left.jpg,C:\Users\sures\.cache\kagglehub\datasets\andrewmvd\ocular-disease-recognition-odir5k\versions\2\ODIR-5K\ODIR-5K\Training Images\4285_left.jpg,1,Mild DR
4285,right,4285_right.jpg,C:\Users\sures\.cache\kagglehub\datasets\andrewmvd\ocular-disease-recognition-odir5k\versions\2\ODIR-5K\ODIR-5K\Training Images\4285_right.jpg,2,Moderate DR
4286,left,4286_left.jpg,C:\Users\sures\.cache\kagglehub\datasets\andrewmvd\ocular-disease-recognition-odir5k\versions\2\ODIR-5K\ODIR-5K\Training Images\4286_left.jpg,2,Moderate DR
4286,right,4286_right.jpg,C:\Users\sures\.cache\kagglehub\datasets\andrewmvd\ocular-disease-recognition-odir5k\versions\2\ODIR-5K\ODIR-5K\Training Images\4286_right.jpg,1,Mild DR
4287,left,4287_left.jpg,C:\Users\sures\.cache\kagglehub\datasets\andrewmvd\ocular-disease-recognition-odir5k\versions\2\ODIR-5K\ODIR-5K\Training Images\4287_left.jpg,0,No DR
4287,right,4287_right.jpg,C:\Users\sures\.cache\kagglehub\datasets\andrewmvd\ocular-disease-recognition-odir5k\versions\2\ODIR-5K\ODIR-5K\Training Images\4287_right.jpg,1,Mild DR
4288,left,4288_left.jpg,C:\Users\sures\.cache\kagglehub\datasets\andrewmvd\ocular-disease-recognition-odir5k\versions\2\ODIR-5K\ODIR-5K\Training Images\4288_left.jpg,0,No DR
4288,right,4288_right.jpg,C:\Users\sures\.cache\kagglehub\datasets\andrewmvd\ocular-disease-recognition-odir5k\versions\2\ODIR-5K\ODIR-5K\Training Images\4288_right.jpg,2,Moderate DR
4290,right,4290_right.jpg,C:\Users\sures\.cache\kagglehub\datasets\andrewmvd\ocular-disease-recognition-odir5k\versions\2\ODIR-5K\ODIR-5K\Training Images\4290_right.jpg,0,No DR
4291,left,4291_left.jpg,C:\Users\sures\.cache\kagglehub\datasets\andrewmvd\ocular-disease-recognition-odir5k\versions\2\ODIR-5K\ODIR-5K\Training Images\4291_left.jpg,2,Moderate DR
4291,right,4291_right.jpg,C:\Users\sures\.cache\kagglehub\datasets\andrewmvd\ocular-disease-recognition-odir5k\versions\2\ODIR-5K\ODIR-5K\Training Images\4291_right.jpg,2,Moderate DR
4292,left,4292_left.jpg,C:\Users\sures\.cache\kagglehub\datasets\andrewmvd\ocular-disease-recognition-odir5k\versions\2\ODIR-5K\ODIR-5K\Training Images\4292_left.jpg,0,No DR
4292,right,4292_right.jpg,C:\Users\sures\.cache\kagglehub\datasets\andrewmvd\ocular-disease-recognition-odir5k\versions\2\ODIR-5K\ODIR-5K\Training Images\4292_right.jpg,2,Moderate DR
4293,left,4293_left.jpg,C:\Users\sures\.cache\kagglehub\datasets\andrewmvd\ocular-disease-recognition-odir5k\versions\2\ODIR-5K\ODIR-5K\Training Images\4293_left.jpg,2,Moderate DR
4293,right,4293_right.jpg,C:\Users\sures\.cache\kagglehub\datasets\andrewmvd\ocular-disease-recognition-odir5k\versions\2\ODIR-5K\ODIR-5K\Training Images\4293_right.jpg,1,Mild DR
4294,left,4294_left.jpg,C:\Users\sures\.cache\kagglehub\datasets\andrewmvd\ocular-disease-recognition-odir5k\versions\2\ODIR-5K\ODIR-5K\Training Images\4294_left.jpg,4,Proliferative DR
4294,right,4294_right.jpg,C:\Users\sures\.cache\kagglehub\datasets\andrewmvd\ocular-disease-recognition-odir5k\versions\2\ODIR-5K\ODIR-5K\Training Images\4294_right.jpg,3,Severe DR
4295,left,4295_left.jpg,C:\Users\sures\.cache\kagglehub\datasets\andrewmvd\ocular-disease-recognition-odir5k\versions\2\ODIR-5K\ODIR-5K\Training Images\4295_left.jpg,1,Mild DR
4295,right,4295_right.jpg,C:\Users\sures\.cache\kagglehub\datasets\andrewmvd\ocular-disease-recognition-odir5k\versions\2\ODIR-5K\ODIR-5K\Training Images\4295_right.jpg,1,Mild DR
4296,left,4296_left.jpg,C:\Users\sures\.cache\kagglehub\datasets\andrewmvd\ocular-disease-recognition-odir5k\versions\2\ODIR-5K\ODIR-5K\Training Images\4296_left.jpg,2,Moderate DR
4296,right,4296_right.jpg,C:\Users\sures\.cache\kagglehub\datasets\andrewmvd\ocular-disease-recognition-odir5k\versions\2\ODIR-5K\ODIR-5K\Training Images\4296_right.jpg,2,Moderate DR
4297,left,4297_left.jpg,C:\Users\sures\.cache\kagglehub\datasets\andrewmvd\ocular-disease-recognition-odir5k\versions\2\ODIR-5K\ODIR-5K\Training Images\4297_left.jpg,0,No DR
4297,right,4297_right.jpg,C:\Users\sures\.cache\kagglehub\datasets\andrewmvd\ocular-disease-recognition-odir5k\versions\2\ODIR-5K\ODIR-5K\Training Images\4297_right.jpg,1,Mild DR
4298,left,4298_left.jpg,C:\Users\sures\.cache\kagglehub\datasets\andrewmvd\ocular-disease-recognition-odir5k\versions\2\ODIR-5K\ODIR-5K\Training Images\4298_left.jpg,0,No DR
4298,right,4298_right.jpg,C:\Users\sures\.cache\kagglehub\datasets\andrewmvd\ocular-disease-recognition-odir5k\versions\2\ODIR-5K\ODIR-5K\Training Images\4298_right.jpg,1,Mild DR
4299,left,4299_left.jpg,C:\Users\sures\.cache\kagglehub\datasets\andrewmvd\ocular-disease-recognition-odir5k\versions\2\ODIR-5K\ODIR-5K\Training Images\4299_left.jpg,2,Moderate DR
4299,right,4299_right.jpg,C:\Users\sures\.cache\kagglehub\datasets\andrewmvd\ocular-disease-recognition-odir5k\versions\2\ODIR-5K\ODIR-5K\Training Images\4299_right.jpg,2,Moderate DR
4301,left,4301_left.jpg,C:\Users\sures\.cache\kagglehub\datasets\andrewmvd\ocular-disease-recognition-odir5k\versions\2\ODIR-5K\ODIR-5K\Training Images\4301_left.jpg,2,Moderate DR
4301,right,4301_right.jpg,C:\Users\sures\.cache\kagglehub\datasets\andrewmvd\ocular-disease-recognition-odir5k\versions\2\ODIR-5K\ODIR-5K\Training Images\4301_right.jpg,2,Moderate DR
4302,left,4302_left.jpg,C:\Users\sures\.cache\kagglehub\datasets\andrewmvd\ocular-disease-recognition-odir5k\versions\2\ODIR-5K\ODIR-5K\Training Images\4302_left.jpg,1,Mild DR
4302,right,4302_right.jpg,C:\Users\sures\.cache\kagglehub\datasets\andrewmvd\ocular-disease-recognition-odir5k\versions\2\ODIR-5K\ODIR-5K\Training Images\4302_right.jpg,0,No DR
4303,left,4303_left.jpg,C:\Users\sures\.cache\kagglehub\datasets\andrewmvd\ocular-disease-recognition-odir5k\versions\2\ODIR-5K\ODIR-5K\Training Images\4303_left.jpg,2,Moderate DR
4303,right,4303_right.jpg,C:\Users\sures\.cache\kagglehub\datasets\andrewmvd\ocular-disease-recognition-odir5k\versions\2\ODIR-5K\ODIR-5K\Training Images\4303_right.jpg,2,Moderate DR
4304,left,4304_left.jpg,C:\Users\sures\.cache\kagglehub\datasets\andrewmvd\ocular-disease-recognition-odir5k\versions\2\ODIR-5K\ODIR-5K\Training Images\4304_left.jpg,2,Moderate DR
4304,right,4304_right.jpg,C:\Users\sures\.cache\kagglehub\datasets\andrewmvd\ocular-disease-recognition-odir5k\versions\2\ODIR-5K\ODIR-5K\Training Images\4304_right.jpg,2,Moderate DR
4305,left,4305_left.jpg,C:\Users\sures\.cache\kagglehub\datasets\andrewmvd\ocular-disease-recognition-odir5k\versions\2\ODIR-5K\ODIR-5K\Training Images\4305_left.jpg,2,Moderate DR
4305,right,4305_right.jpg,C:\Users\sures\.cache\kagglehub\datasets\andrewmvd\ocular-disease-recognition-odir5k\versions\2\ODIR-5K\ODIR-5K\Training Images\4305_right.jpg,2,Moderate DR
4307,left,4307_left.jpg,C:\Users\sures\.cache\kagglehub\datasets\andrewmvd\ocular-disease-recognition-odir5k\versions\2\ODIR-5K\ODIR-5K\Training Images\4307_left.jpg,2,Moderate DR
4307,right,4307_right.jpg,C:\Users\sures\.cache\kagglehub\datasets\andrewmvd\ocular-disease-recognition-odir5k\versions\2\ODIR-5K\ODIR-5K\Training Images\4307_right.jpg,2,Moderate DR
4308,left,4308_left.jpg,C:\Users\sures\.cache\kagglehub\datasets\andrewmvd\ocular-disease-recognition-odir5k\versions\2\ODIR-5K\ODIR-5K\Training Images\4308_left.jpg,0,No DR
4308,right,4308_right.jpg,C:\Users\sures\.cache\kagglehub\datasets\andrewmvd\ocular-disease-recognition-odir5k\versions\2\ODIR-5K\ODIR-5K\Training Images\4308_right.jpg,2,Moderate DR
4309,left,4309_left.jpg,C:\Users\sures\.cache\kagglehub\datasets\andrewmvd\ocular-disease-recognition-odir5k\versions\2\ODIR-5K\ODIR-5K\Training Images\4309_left.jpg,0,No DR
4309,right,4309_right.jpg,C:\Users\sures\.cache\kagglehub\datasets\andrewmvd\ocular-disease-recognition-odir5k\versions\2\ODIR-5K\ODIR-5K\Training Images\4309_right.jpg,1,Mild DR
4310,left,4310_left.jpg,C:\Users\sures\.cache\kagglehub\datasets\andrewmvd\ocular-disease-recognition-odir5k\versions\2\ODIR-5K\ODIR-5K\Training Images\4310_left.jpg,3,Severe DR
4310,right,4310_right.jpg,C:\Users\sures\.cache\kagglehub\datasets\andrewmvd\ocular-disease-recognition-odir5k\versions\2\ODIR-5K\ODIR-5K\Training Images\4310_right.jpg,3,Severe DR
4311,left,4311_left.jpg,C:\Users\sures\.cache\kagglehub\datasets\andrewmvd\ocular-disease-recognition-odir5k\versions\2\ODIR-5K\ODIR-5K\Training Images\4311_left.jpg,2,Moderate DR
4311,right,4311_right.jpg,C:\Users\sures\.cache\kagglehub\datasets\andrewmvd\ocular-disease-recognition-odir5k\versions\2\ODIR-5K\ODIR-5K\Training Images\4311_right.jpg,2,Moderate DR
4312,left,4312_left.jpg,C:\Users\sures\.cache\kagglehub\datasets\andrewmvd\ocular-disease-recognition-odir5k\versions\2\ODIR-5K\ODIR-5K\Training Images\4312_left.jpg,2,Moderate DR
4312,right,4312_right.jpg,C:\Users\sures\.cache\kagglehub\datasets\andrewmvd\ocular-disease-recognition-odir5k\versions\2\ODIR-5K\ODIR-5K\Training Images\4312_right.jpg,3,Severe DR
4313,left,4313_left.jpg,C:\Users\sures\.cache\kagglehub\datasets\andrewmvd\ocular-disease-recognition-odir5k\versions\2\ODIR-5K\ODIR-5K\Training Images\4313_left.jpg,1,Mild DR
4313,right,4313_right.jpg,C:\Users\sures\.cache\kagglehub\datasets\andrewmvd\ocular-disease-recognition-odir5k\versions\2\ODIR-5K\ODIR-5K\Training Images\4313_right.jpg,2,Moderate DR
4314,left,4314_left.jpg,C:\Users\sures\.cache\kagglehub\datasets\andrewmvd\ocular-disease-recognition-odir5k\versions\2\ODIR-5K\ODIR-5K\Training Images\4314_left.jpg,1,Mild DR
4314,right,4314_right.jpg,C:\Users\sures\.cache\kagglehub\datasets\andrewmvd\ocular-disease-recognition-odir5k\versions\2\ODIR-5K\ODIR-5K\Training Images\4314_right.jpg,1,Mild DR
4315,left,4315_left.jpg,C:\Users\sures\.cache\kagglehub\datasets\andrewmvd\ocular-disease-recognition-odir5k\versions\2\ODIR-5K\ODIR-5K\Training Images\4315_left.jpg,1,Mild DR
4315,right,4315_right.jpg,C:\Users\sures\.cache\kagglehub\datasets\andrewmvd\ocular-disease-recognition-odir5k\versions\2\ODIR-5K\ODIR-5K\Training Images\4315_right.jpg,1,Mild DR
4316,left,4316_left.jpg,C:\Users\sures\.cache\kagglehub\datasets\andrewmvd\ocular-disease-recognition-odir5k\versions\2\ODIR-5K\ODIR-5K\Training Images\4316_left.jpg,0,No DR
4316,right,4316_right.jpg,C:\Users\sures\.cache\kagglehub\datasets\andrewmvd\ocular-disease-recognition-odir5k\versions\2\ODIR-5K\ODIR-5K\Training Images\4316_right.jpg,2,Moderate DR
4317,left,4317_left.jpg,C:\Users\sures\.cache\kagglehub\datasets\andrewmvd\ocular-disease-recognition-odir5k\versions\2\ODIR-5K\ODIR-5K\Training Images\4317_left.jpg,2,Moderate DR
4317,right,4317_right.jpg,C:\Users\sures\.cache\kagglehub\datasets\andrewmvd\ocular-disease-recognition-odir5k\versions\2\ODIR-5K\ODIR-5K\Training Images\4317_right.jpg,2,Moderate DR
4318,left,4318_left.jpg,C:\Users\sures\.cache\kagglehub\datasets\andrewmvd\ocular-disease-recognition-odir5k\versions\2\ODIR-5K\ODIR-5K\Training Images\4318_left.jpg,2,Moderate DR
4318,right,4318_right.jpg,C:\Users\sures\.cache\kagglehub\datasets\andrewmvd\ocular-disease-recognition-odir5k\versions\2\ODIR-5K\ODIR-5K\Training Images\4318_right.jpg,2,Moderate DR
4320,left,4320_left.jpg,C:\Users\sures\.cache\kagglehub\datasets\andrewmvd\ocular-disease-recognition-odir5k\versions\2\ODIR-5K\ODIR-5K\Training Images\4320_left.jpg,2,Moderate DR
4320,right,4320_right.jpg,C:\Users\sures\.cache\kagglehub\datasets\andrewmvd\ocular-disease-recognition-odir5k\versions\2\ODIR-5K\ODIR-5K\Training Images\4320_right.jpg,2,Moderate DR
4321,left,4321_left.jpg,C:\Users\sures\.cache\kagglehub\datasets\andrewmvd\ocular-disease-recognition-odir5k\versions\2\ODIR-5K\ODIR-5K\Training Images\4321_left.jpg,2,Moderate DR
4321,right,4321_right.jpg,C:\Users\sures\.cache\kagglehub\datasets\andrewmvd\ocular-disease-recognition-odir5k\versions\2\ODIR-5K\ODIR-5K\Training Images\4321_right.jpg,2,Moderate DR
4323,left,4323_left.jpg,C:\Users\sures\.cache\kagglehub\datasets\andrewmvd\ocular-disease-recognition-odir5k\versions\2\ODIR-5K\ODIR-5K\Training Images\4323_left.jpg,2,Moderate DR
4323,right,4323_right.jpg,C:\Users\sures\.cache\kagglehub\datasets\andrewmvd\ocular-disease-recognition-odir5k\versions\2\ODIR-5K\ODIR-5K\Training Images\4323_right.jpg,3,Severe DR
4325,left,4325_left.jpg,C:\Users\sures\.cache\kagglehub\datasets\andrewmvd\ocular-disease-recognition-odir5k\versions\2\ODIR-5K\ODIR-5K\Training Images\4325_left.jpg,0,No DR
4325,right,4325_right.jpg,C:\Users\sures\.cache\kagglehub\datasets\andrewmvd\ocular-disease-recognition-odir5k\versions\2\ODIR-5K\ODIR-5K\Training Images\4325_right.jpg,1,Mild DR
4326,left,4326_left.jpg,C:\Users\sures\.cache\kagglehub\datasets\andrewmvd\ocular-disease-recognition-odir5k\versions\2\ODIR-5K\ODIR-5K\Training Images\4326_left.jpg,2,Moderate DR
4326,right,4326_right.jpg,C:\Users\sures\.cache\kagglehub\datasets\andrewmvd\ocular-disease-recognition-odir5k\versions\2\ODIR-5K\ODIR-5K\Training Images\4326_right.jpg,3,Severe DR
4327,left,4327_left.jpg,C:\Users\sures\.cache\kagglehub\datasets\andrewmvd\ocular-disease-recognition-odir5k\versions\2\ODIR-5K\ODIR-5K\Training Images\4327_left.jpg,1,Mild DR
4328,left,4328_left.jpg,C:\Users\sures\.cache\kagglehub\datasets\andrewmvd\ocular-disease-recognition-odir5k\versions\2\ODIR-5K\ODIR-5K\Training Images\4328_left.jpg,1,Mild DR
4328,right,4328_right.jpg,C:\Users\sures\.cache\kagglehub\datasets\andrewmvd\ocular-disease-recognition-odir5k\versions\2\ODIR-5K\ODIR-5K\Training Images\4328_right.jpg,0,No DR
4330,left,4330_left.jpg,C:\Users\sures\.cache\kagglehub\datasets\andrewmvd\ocular-disease-recognition-odir5k\versions\2\ODIR-5K\ODIR-5K\Training Images\4330_left.jpg,0,No DR
4330,right,4330_right.jpg,C:\Users\sures\.cache\kagglehub\datasets\andrewmvd\ocular-disease-recognition-odir5k\versions\2\ODIR-5K\ODIR-5K\Training Images\4330_right.jpg,1,Mild DR
4332,left,4332_left.jpg,C:\Users\sures\.cache\kagglehub\datasets\andrewmvd\ocular-disease-recognition-odir5k\versions\2\ODIR-5K\ODIR-5K\Training Images\4332_left.jpg,2,Moderate DR
4332,right,4332_right.jpg,C:\Users\sures\.cache\kagglehub\datasets\andrewmvd\ocular-disease-recognition-odir5k\versions\2\ODIR-5K\ODIR-5K\Training Images\4332_right.jpg,2,Moderate DR
4333,left,4333_left.jpg,C:\Users\sures\.cache\kagglehub\datasets\andrewmvd\ocular-disease-recognition-odir5k\versions\2\ODIR-5K\ODIR-5K\Training Images\4333_left.jpg,0,No DR
4333,right,4333_right.jpg,C:\Users\sures\.cache\kagglehub\datasets\andrewmvd\ocular-disease-recognition-odir5k\versions\2\ODIR-5K\ODIR-5K\Training Images\4333_right.jpg,1,Mild DR
4334,left,4334_left.jpg,C:\Users\sures\.cache\kagglehub\datasets\andrewmvd\ocular-disease-recognition-odir5k\versions\2\ODIR-5K\ODIR-5K\Training Images\4334_left.jpg,2,Moderate DR
4334,right,4334_right.jpg,C:\Users\sures\.cache\kagglehub\datasets\andrewmvd\ocular-disease-recognition-odir5k\versions\2\ODIR-5K\ODIR-5K\Training Images\4334_right.jpg,2,Moderate DR
4335,left,4335_left.jpg,C:\Users\sures\.cache\kagglehub\datasets\andrewmvd\ocular-disease-recognition-odir5k\versions\2\ODIR-5K\ODIR-5K\Training Images\4335_left.jpg,2,Moderate DR
4335,right,4335_right.jpg,C:\Users\sures\.cache\kagglehub\datasets\andrewmvd\ocular-disease-recognition-odir5k\versions\2\ODIR-5K\ODIR-5K\Training Images\4335_right.jpg,0,No DR
4336,left,4336_left.jpg,C:\Users\sures\.cache\kagglehub\datasets\andrewmvd\ocular-disease-recognition-odir5k\versions\2\ODIR-5K\ODIR-5K\Training Images\4336_left.jpg,0,No DR
4336,right,4336_right.jpg,C:\Users\sures\.cache\kagglehub\datasets\andrewmvd\ocular-disease-recognition-odir5k\versions\2\ODIR-5K\ODIR-5K\Training Images\4336_right.jpg,2,Moderate DR
4337,left,4337_left.jpg,C:\Users\sures\.cache\kagglehub\datasets\andrewmvd\ocular-disease-recognition-odir5k\versions\2\ODIR-5K\ODIR-5K\Training Images\4337_left.jpg,2,Moderate DR
4337,right,4337_right.jpg,C:\Users\sures\.cache\kagglehub\datasets\andrewmvd\ocular-disease-recognition-odir5k\versions\2\ODIR-5K\ODIR-5K\Training Images\4337_right.jpg,2,Moderate DR
4339,left,4339_left.jpg,C:\Users\sures\.cache\kagglehub\datasets\andrewmvd\ocular-disease-recognition-odir5k\versions\2\ODIR-5K\ODIR-5K\Training Images\4339_left.jpg,2,Moderate DR
4339,right,4339_right.jpg,C:\Users\sures\.cache\kagglehub\datasets\andrewmvd\ocular-disease-recognition-odir5k\versions\2\ODIR-5K\ODIR-5K\Training Images\4339_right.jpg,0,No DR
4340,left,4340_left.jpg,C:\Users\sures\.cache\kagglehub\datasets\andrewmvd\ocular-disease-recognition-odir5k\versions\2\ODIR-5K\ODIR-5K\Training Images\4340_left.jpg,1,Mild DR
4340,right,4340_right.jpg,C:\Users\sures\.cache\kagglehub\datasets\andrewmvd\ocular-disease-recognition-odir5k\versions\2\ODIR-5K\ODIR-5K\Training Images\4340_right.jpg,1,Mild DR
4341,left,4341_left.jpg,C:\Users\sures\.cache\kagglehub\datasets\andrewmvd\ocular-disease-recognition-odir5k\versions\2\ODIR-5K\ODIR-5K\Training Images\4341_left.jpg,3,Severe DR
4341,right,4341_right.jpg,C:\Users\sures\.cache\kagglehub\datasets\andrewmvd\ocular-disease-recognition-odir5k\versions\2\ODIR-5K\ODIR-5K\Training Images\4341_right.jpg,3,Severe DR
4342,left,4342_left.jpg,C:\Users\sures\.cache\kagglehub\datasets\andrewmvd\ocular-disease-recognition-odir5k\versions\2\ODIR-5K\ODIR-5K\Training Images\4342_left.jpg,1,Mild DR
4342,right,4342_right.jpg,C:\Users\sures\.cache\kagglehub\datasets\andrewmvd\ocular-disease-recognition-odir5k\versions\2\ODIR-5K\ODIR-5K\Training Images\4342_right.jpg,1,Mild DR
4343,left,4343_left.jpg,C:\Users\sures\.cache\kagglehub\datasets\andrewmvd\ocular-disease-recognition-odir5k\versions\2\ODIR-5K\ODIR-5K\Training Images\4343_left.jpg,0,No DR
4343,right,4343_right.jpg,C:\Users\sures\.cache\kagglehub\datasets\andrewmvd\ocular-disease-recognition-odir5k\versions\2\ODIR-5K\ODIR-5K\Training Images\4343_right.jpg,1,Mild DR
4344,left,4344_left.jpg,C:\Users\sures\.cache\kagglehub\datasets\andrewmvd\ocular-disease-recognition-odir5k\versions\2\ODIR-5K\ODIR-5K\Training Images\4344_left.jpg,3,Severe DR
4344,right,4344_right.jpg,C:\Users\sures\.cache\kagglehub\datasets\andrewmvd\ocular-disease-recognition-odir5k\versions\2\ODIR-5K\ODIR-5K\Training Images\4344_right.jpg,3,Severe DR
4347,left,4347_left.jpg,C:\Users\sures\.cache\kagglehub\datasets\andrewmvd\ocular-disease-recognition-odir5k\versions\2\ODIR-5K\ODIR-5K\Training Images\4347_left.jpg,2,Moderate DR
4347,right,4347_right.jpg,C:\Users\sures\.cache\kagglehub\datasets\andrewmvd\ocular-disease-recognition-odir5k\versions\2\ODIR-5K\ODIR-5K\Training Images\4347_right.jpg,2,Moderate DR
4348,left,4348_left.jpg,C:\Users\sures\.cache\kagglehub\datasets\andrewmvd\ocular-disease-recognition-odir5k\versions\2\ODIR-5K\ODIR-5K\Training Images\4348_left.jpg,0,No DR
4348,right,4348_right.jpg,C:\Users\sures\.cache\kagglehub\datasets\andrewmvd\ocular-disease-recognition-odir5k\versions\2\ODIR-5K\ODIR-5K\Training Images\4348_right.jpg,1,Mild DR
4351,left,4351_left.jpg,C:\Users\sures\.cache\kagglehub\datasets\andrewmvd\ocular-disease-recognition-odir5k\versions\2\ODIR-5K\ODIR-5K\Training Images\4351_left.jpg,1,Mild DR
4351,right,4351_right.jpg,C:\Users\sures\.cache\kagglehub\datasets\andrewmvd\ocular-disease-recognition-odir5k\versions\2\ODIR-5K\ODIR-5K\Training Images\4351_right.jpg,0,No DR
4353,left,4353_left.jpg,C:\Users\sures\.cache\kagglehub\datasets\andrewmvd\ocular-disease-recognition-odir5k\versions\2\ODIR-5K\ODIR-5K\Training Images\4353_left.jpg,2,Moderate DR
4353,right,4353_right.jpg,C:\Users\sures\.cache\kagglehub\datasets\andrewmvd\ocular-disease-recognition-odir5k\versions\2\ODIR-5K\ODIR-5K\Training Images\4353_right.jpg,2,Moderate DR
4355,left,4355_left.jpg,C:\Users\sures\.cache\kagglehub\datasets\andrewmvd\ocular-disease-recognition-odir5k\versions\2\ODIR-5K\ODIR-5K\Training Images\4355_left.jpg,0,No DR
4355,right,4355_right.jpg,C:\Users\sures\.cache\kagglehub\datasets\andrewmvd\ocular-disease-recognition-odir5k\versions\2\ODIR-5K\ODIR-5K\Training Images\4355_right.jpg,1,Mild DR
4356,left,4356_left.jpg,C:\Users\sures\.cache\kagglehub\datasets\andrewmvd\ocular-disease-recognition-odir5k\versions\2\ODIR-5K\ODIR-5K\Training Images\4356_left.jpg,1,Mild DR
4356,right,4356_right.jpg,C:\Users\sures\.cache\kagglehub\datasets\andrewmvd\ocular-disease-recognition-odir5k\versions\2\ODIR-5K\ODIR-5K\Training Images\4356_right.jpg,2,Moderate DR
4358,left,4358_left.jpg,C:\Users\sures\.cache\kagglehub\datasets\andrewmvd\ocular-disease-recognition-odir5k\versions\2\ODIR-5K\ODIR-5K\Training Images\4358_left.jpg,2,Moderate DR
4358,right,4358_right.jpg,C:\Users\sures\.cache\kagglehub\datasets\andrewmvd\ocular-disease-recognition-odir5k\versions\2\ODIR-5K\ODIR-5K\Training Images\4358_right.jpg,2,Moderate DR
4359,left,4359_left.jpg,C:\Users\sures\.cache\kagglehub\datasets\andrewmvd\ocular-disease-recognition-odir5k\versions\2\ODIR-5K\ODIR-5K\Training Images\4359_left.jpg,1,Mild DR
4359,right,4359_right.jpg,C:\Users\sures\.cache\kagglehub\datasets\andrewmvd\ocular-disease-recognition-odir5k\versions\2\ODIR-5K\ODIR-5K\Training Images\4359_right.jpg,1,Mild DR
4361,left,4361_left.jpg,C:\Users\sures\.cache\kagglehub\datasets\andrewmvd\ocular-disease-recognition-odir5k\versions\2\ODIR-5K\ODIR-5K\Training Images\4361_left.jpg,0,No DR
4361,right,4361_right.jpg,C:\Users\sures\.cache\kagglehub\datasets\andrewmvd\ocular-disease-recognition-odir5k\versions\2\ODIR-5K\ODIR-5K\Training Images\4361_right.jpg,1,Mild DR
4362,left,4362_left.jpg,C:\Users\sures\.cache\kagglehub\datasets\andrewmvd\ocular-disease-recognition-odir5k\versions\2\ODIR-5K\ODIR-5K\Training Images\4362_left.jpg,1,Mild DR
4362,right,4362_right.jpg,C:\Users\sures\.cache\kagglehub\datasets\andrewmvd\ocular-disease-recognition-odir5k\versions\2\ODIR-5K\ODIR-5K\Training Images\4362_right.jpg,0,No DR
4367,left,4367_left.jpg,C:\Users\sures\.cache\kagglehub\datasets\andrewmvd\ocular-disease-recognition-odir5k\versions\2\ODIR-5K\ODIR-5K\Training Images\4367_left.jpg,2,Moderate DR
4367,right,4367_right.jpg,C:\Users\sures\.cache\kagglehub\datasets\andrewmvd\ocular-disease-recognition-odir5k\versions\2\ODIR-5K\ODIR-5K\Training Images\4367_right.jpg,2,Moderate DR
4368,left,4368_left.jpg,C:\Users\sures\.cache\kagglehub\datasets\andrewmvd\ocular-disease-recognition-odir5k\versions\2\ODIR-5K\ODIR-5K\Training Images\4368_left.jpg,0,No DR
4368,right,4368_right.jpg,C:\Users\sures\.cache\kagglehub\datasets\andrewmvd\ocular-disease-recognition-odir5k\versions\2\ODIR-5K\ODIR-5K\Training Images\4368_right.jpg,2,Moderate DR
4372,left,4372_left.jpg,C:\Users\sures\.cache\kagglehub\datasets\andrewmvd\ocular-disease-recognition-odir5k\versions\2\ODIR-5K\ODIR-5K\Training Images\4372_left.jpg,2,Moderate DR
4372,right,4372_right.jpg,C:\Users\sures\.cache\kagglehub\datasets\andrewmvd\ocular-disease-recognition-odir5k\versions\2\ODIR-5K\ODIR-5K\Training Images\4372_right.jpg,2,Moderate DR
4374,left,4374_left.jpg,C:\Users\sures\.cache\kagglehub\datasets\andrewmvd\ocular-disease-recognition-odir5k\versions\2\ODIR-5K\ODIR-5K\Training Images\4374_left.jpg,0,No DR
4374,right,4374_right.jpg,C:\Users\sures\.cache\kagglehub\datasets\andrewmvd\ocular-disease-recognition-odir5k\versions\2\ODIR-5K\ODIR-5K\Training Images\4374_right.jpg,1,Mild DR
4375,left,4375_left.jpg,C:\Users\sures\.cache\kagglehub\datasets\andrewmvd\ocular-disease-recognition-odir5k\versions\2\ODIR-5K\ODIR-5K\Training Images\4375_left.jpg,1,Mild DR
4375,right,4375_right.jpg,C:\Users\sures\.cache\kagglehub\datasets\andrewmvd\ocular-disease-recognition-odir5k\versions\2\ODIR-5K\ODIR-5K\Training Images\4375_right.jpg,1,Mild DR
4377,left,4377_left.jpg,C:\Users\sures\.cache\kagglehub\datasets\andrewmvd\ocular-disease-recognition-odir5k\versions\2\ODIR-5K\ODIR-5K\Training Images\4377_left.jpg,0,No DR
4377,right,4377_right.jpg,C:\Users\sures\.cache\kagglehub\datasets\andrewmvd\ocular-disease-recognition-odir5k\versions\2\ODIR-5K\ODIR-5K\Training Images\4377_right.jpg,1,Mild DR
4379,left,4379_left.jpg,C:\Users\sures\.cache\kagglehub\datasets\andrewmvd\ocular-disease-recognition-odir5k\versions\2\ODIR-5K\ODIR-5K\Training Images\4379_left.jpg,1,Mild DR
4379,right,4379_right.jpg,C:\Users\sures\.cache\kagglehub\datasets\andrewmvd\ocular-disease-recognition-odir5k\versions\2\ODIR-5K\ODIR-5K\Training Images\4379_right.jpg,1,Mild DR
4380,left,4380_left.jpg,C:\Users\sures\.cache\kagglehub\datasets\andrewmvd\ocular-disease-recognition-odir5k\versions\2\ODIR-5K\ODIR-5K\Training Images\4380_left.jpg,1,Mild DR
4380,right,4380_right.jpg,C:\Users\sures\.cache\kagglehub\datasets\andrewmvd\ocular-disease-recognition-odir5k\versions\2\ODIR-5K\ODIR-5K\Training Images\4380_right.jpg,2,Moderate DR
4381,left,4381_left.jpg,C:\Users\sures\.cache\kagglehub\datasets\andrewmvd\ocular-disease-recognition-odir5k\versions\2\ODIR-5K\ODIR-5K\Training Images\4381_left.jpg,3,Severe DR
4381,right,4381_right.jpg,C:\Users\sures\.cache\kagglehub\datasets\andrewmvd\ocular-disease-recognition-odir5k\versions\2\ODIR-5K\ODIR-5K\Training Images\4381_right.jpg,3,Severe DR
4384,left,4384_left.jpg,C:\Users\sures\.cache\kagglehub\datasets\andrewmvd\ocular-disease-recognition-odir5k\versions\2\ODIR-5K\ODIR-5K\Training Images\4384_left.jpg,1,Mild DR
4384,right,4384_right.jpg,C:\Users\sures\.cache\kagglehub\datasets\andrewmvd\ocular-disease-recognition-odir5k\versions\2\ODIR-5K\ODIR-5K\Training Images\4384_right.jpg,2,Moderate DR
4386,left,4386_left.jpg,C:\Users\sures\.cache\kagglehub\datasets\andrewmvd\ocular-disease-recognition-odir5k\versions\2\ODIR-5K\ODIR-5K\Training Images\4386_left.jpg,3,Severe DR
4386,right,4386_right.jpg,C:\Users\sures\.cache\kagglehub\datasets\andrewmvd\ocular-disease-recognition-odir5k\versions\2\ODIR-5K\ODIR-5K\Training Images\4386_right.jpg,3,Severe DR
4387,left,4387_left.jpg,C:\Users\sures\.cache\kagglehub\datasets\andrewmvd\ocular-disease-recognition-odir5k\versions\2\ODIR-5K\ODIR-5K\Training Images\4387_left.jpg,0,No DR
4387,right,4387_right.jpg,C:\Users\sures\.cache\kagglehub\datasets\andrewmvd\ocular-disease-recognition-odir5k\versions\2\ODIR-5K\ODIR-5K\Training Images\4387_right.jpg,1,Mild DR
4389,left,4389_left.jpg,C:\Users\sures\.cache\kagglehub\datasets\andrewmvd\ocular-disease-recognition-odir5k\versions\2\ODIR-5K\ODIR-5K\Training Images\4389_left.jpg,2,Moderate DR
4389,right,4389_right.jpg,C:\Users\sures\.cache\kagglehub\datasets\andrewmvd\ocular-disease-recognition-odir5k\versions\2\ODIR-5K\ODIR-5K\Training Images\4389_right.jpg,0,No DR
4391,left,4391_left.jpg,C:\Users\sures\.cache\kagglehub\datasets\andrewmvd\ocular-disease-recognition-odir5k\versions\2\ODIR-5K\ODIR-5K\Training Images\4391_left.jpg,2,Moderate DR
4391,right,4391_right.jpg,C:\Users\sures\.cache\kagglehub\datasets\andrewmvd\ocular-disease-recognition-odir5k\versions\2\ODIR-5K\ODIR-5K\Training Images\4391_right.jpg,4,Proliferative DR
4392,left,4392_left.jpg,C:\Users\sures\.cache\kagglehub\datasets\andrewmvd\ocular-disease-recognition-odir5k\versions\2\ODIR-5K\ODIR-5K\Training Images\4392_left.jpg,0,No DR
4392,right,4392_right.jpg,C:\Users\sures\.cache\kagglehub\datasets\andrewmvd\ocular-disease-recognition-odir5k\versions\2\ODIR-5K\ODIR-5K\Training Images\4392_right.jpg,1,Mild DR
4393,left,4393_left.jpg,C:\Users\sures\.cache\kagglehub\datasets\andrewmvd\ocular-disease-recognition-odir5k\versions\2\ODIR-5K\ODIR-5K\Training Images\4393_left.jpg,3,Severe DR
4393,right,4393_right.jpg,C:\Users\sures\.cache\kagglehub\datasets\andrewmvd\ocular-disease-recognition-odir5k\versions\2\ODIR-5K\ODIR-5K\Training Images\4393_right.jpg,3,Severe DR
4395,left,4395_left.jpg,C:\Users\sures\.cache\kagglehub\datasets\andrewmvd\ocular-disease-recognition-odir5k\versions\2\ODIR-5K\ODIR-5K\Training Images\4395_left.jpg,1,Mild DR
4395,right,4395_right.jpg,C:\Users\sures\.cache\kagglehub\datasets\andrewmvd\ocular-disease-recognition-odir5k\versions\2\ODIR-5K\ODIR-5K\Training Images\4395_right.jpg,0,No DR
4398,left,4398_left.jpg,C:\Users\sures\.cache\kagglehub\datasets\andrewmvd\ocular-disease-recognition-odir5k\versions\2\ODIR-5K\ODIR-5K\Training Images\4398_left.jpg,2,Moderate DR
4398,right,4398_right.jpg,C:\Users\sures\.cache\kagglehub\datasets\andrewmvd\ocular-disease-recognition-odir5k\versions\2\ODIR-5K\ODIR-5K\Training Images\4398_right.jpg,2,Moderate DR
4400,left,4400_left.jpg,C:\Users\sures\.cache\kagglehub\datasets\andrewmvd\ocular-disease-recognition-odir5k\versions\2\ODIR-5K\ODIR-5K\Training Images\4400_left.jpg,1,Mild DR
4400,right,4400_right.jpg,C:\Users\sures\.cache\kagglehub\datasets\andrewmvd\ocular-disease-recognition-odir5k\versions\2\ODIR-5K\ODIR-5K\Training Images\4400_right.jpg,1,Mild DR
4404,left,4404_left.jpg,C:\Users\sures\.cache\kagglehub\datasets\andrewmvd\ocular-disease-recognition-odir5k\versions\2\ODIR-5K\ODIR-5K\Training Images\4404_left.jpg,2,Moderate DR
4404,right,4404_right.jpg,C:\Users\sures\.cache\kagglehub\datasets\andrewmvd\ocular-disease-recognition-odir5k\versions\2\ODIR-5K\ODIR-5K\Training Images\4404_right.jpg,2,Moderate DR
4407,left,4407_left.jpg,C:\Users\sures\.cache\kagglehub\datasets\andrewmvd\ocular-disease-recognition-odir5k\versions\2\ODIR-5K\ODIR-5K\Training Images\4407_left.jpg,3,Severe DR
4407,right,4407_right.jpg,C:\Users\sures\.cache\kagglehub\datasets\andrewmvd\ocular-disease-recognition-odir5k\versions\2\ODIR-5K\ODIR-5K\Training Images\4407_right.jpg,3,Severe DR
4408,left,4408_left.jpg,C:\Users\sures\.cache\kagglehub\datasets\andrewmvd\ocular-disease-recognition-odir5k\versions\2\ODIR-5K\ODIR-5K\Training Images\4408_left.jpg,1,Mild DR
4408,right,4408_right.jpg,C:\Users\sures\.cache\kagglehub\datasets\andrewmvd\ocular-disease-recognition-odir5k\versions\2\ODIR-5K\ODIR-5K\Training Images\4408_right.jpg,0,No DR
4411,left,4411_left.jpg,C:\Users\sures\.cache\kagglehub\datasets\andrewmvd\ocular-disease-recognition-odir5k\versions\2\ODIR-5K\ODIR-5K\Training Images\4411_left.jpg,1,Mild DR
4411,right,4411_right.jpg,C:\Users\sures\.cache\kagglehub\datasets\andrewmvd\ocular-disease-recognition-odir5k\versions\2\ODIR-5K\ODIR-5K\Training Images\4411_right.jpg,0,No DR
4412,left,4412_left.jpg,C:\Users\sures\.cache\kagglehub\datasets\andrewmvd\ocular-disease-recognition-odir5k\versions\2\ODIR-5K\ODIR-5K\Training Images\4412_left.jpg,2,Moderate DR
4412,right,4412_right.jpg,C:\Users\sures\.cache\kagglehub\datasets\andrewmvd\ocular-disease-recognition-odir5k\versions\2\ODIR-5K\ODIR-5K\Training Images\4412_right.jpg,1,Mild DR
4414,left,4414_left.jpg,C:\Users\sures\.cache\kagglehub\datasets\andrewmvd\ocular-disease-recognition-odir5k\versions\2\ODIR-5K\ODIR-5K\Training Images\4414_left.jpg,0,No DR
4414,right,4414_right.jpg,C:\Users\sures\.cache\kagglehub\datasets\andrewmvd\ocular-disease-recognition-odir5k\versions\2\ODIR-5K\ODIR-5K\Training Images\4414_right.jpg,1,Mild DR
4415,left,4415_left.jpg,C:\Users\sures\.cache\kagglehub\datasets\andrewmvd\ocular-disease-recognition-odir5k\versions\2\ODIR-5K\ODIR-5K\Training Images\4415_left.jpg,2,Moderate DR
4415,right,4415_right.jpg,C:\Users\sures\.cache\kagglehub\datasets\andrewmvd\ocular-disease-recognition-odir5k\versions\2\ODIR-5K\ODIR-5K\Training Images\4415_right.jpg,0,No DR
4417,left,4417_left.jpg,C:\Users\sures\.cache\kagglehub\datasets\andrewmvd\ocular-disease-recognition-odir5k\versions\2\ODIR-5K\ODIR-5K\Training Images\4417_left.jpg,0,No DR
4417,right,4417_right.jpg,C:\Users\sures\.cache\kagglehub\datasets\andrewmvd\ocular-disease-recognition-odir5k\versions\2\ODIR-5K\ODIR-5K\Training Images\4417_right.jpg,2,Moderate DR
4418,left,4418_left.jpg,C:\Users\sures\.cache\kagglehub\datasets\andrewmvd\ocular-disease-recognition-odir5k\versions\2\ODIR-5K\ODIR-5K\Training Images\4418_left.jpg,1,Mild DR
4418,right,4418_right.jpg,C:\Users\sures\.cache\kagglehub\datasets\andrewmvd\ocular-disease-recognition-odir5k\versions\2\ODIR-5K\ODIR-5K\Training Images\4418_right.jpg,1,Mild DR
4419,left,4419_left.jpg,C:\Users\sures\.cache\kagglehub\datasets\andrewmvd\ocular-disease-recognition-odir5k\versions\2\ODIR-5K\ODIR-5K\Training Images\4419_left.jpg,2,Moderate DR
4419,right,4419_right.jpg,C:\Users\sures\.cache\kagglehub\datasets\andrewmvd\ocular-disease-recognition-odir5k\versions\2\ODIR-5K\ODIR-5K\Training Images\4419_right.jpg,2,Moderate DR
4420,left,4420_left.jpg,C:\Users\sures\.cache\kagglehub\datasets\andrewmvd\ocular-disease-recognition-odir5k\versions\2\ODIR-5K\ODIR-5K\Training Images\4420_left.jpg,2,Moderate DR
4420,right,4420_right.jpg,C:\Users\sures\.cache\kagglehub\datasets\andrewmvd\ocular-disease-recognition-odir5k\versions\2\ODIR-5K\ODIR-5K\Training Images\4420_right.jpg,2,Moderate DR
4424,left,4424_left.jpg,C:\Users\sures\.cache\kagglehub\datasets\andrewmvd\ocular-disease-recognition-odir5k\versions\2\ODIR-5K\ODIR-5K\Training Images\4424_left.jpg,2,Moderate DR
4424,right,4424_right.jpg,C:\Users\sures\.cache\kagglehub\datasets\andrewmvd\ocular-disease-recognition-odir5k\versions\2\ODIR-5K\ODIR-5K\Training Images\4424_right.jpg,2,Moderate DR
4425,left,4425_left.jpg,C:\Users\sures\.cache\kagglehub\datasets\andrewmvd\ocular-disease-recognition-odir5k\versions\2\ODIR-5K\ODIR-5K\Training Images\4425_left.jpg,2,Moderate DR
4425,right,4425_right.jpg,C:\Users\sures\.cache\kagglehub\datasets\andrewmvd\ocular-disease-recognition-odir5k\versions\2\ODIR-5K\ODIR-5K\Training Images\4425_right.jpg,2,Moderate DR
4426,left,4426_left.jpg,C:\Users\sures\.cache\kagglehub\datasets\andrewmvd\ocular-disease-recognition-odir5k\versions\2\ODIR-5K\ODIR-5K\Training Images\4426_left.jpg,2,Moderate DR
4426,right,4426_right.jpg,C:\Users\sures\.cache\kagglehub\datasets\andrewmvd\ocular-disease-recognition-odir5k\versions\2\ODIR-5K\ODIR-5K\Training Images\4426_right.jpg,0,No DR
4428,left,4428_left.jpg,C:\Users\sures\.cache\kagglehub\datasets\andrewmvd\ocular-disease-recognition-odir5k\versions\2\ODIR-5K\ODIR-5K\Training Images\4428_left.jpg,1,Mild DR
4428,right,4428_right.jpg,C:\Users\sures\.cache\kagglehub\datasets\andrewmvd\ocular-disease-recognition-odir5k\versions\2\ODIR-5K\ODIR-5K\Training Images\4428_right.jpg,0,No DR
4429,left,4429_left.jpg,C:\Users\sures\.cache\kagglehub\datasets\andrewmvd\ocular-disease-recognition-odir5k\versions\2\ODIR-5K\ODIR-5K\Training Images\4429_left.jpg,2,Moderate DR
4429,right,4429_right.jpg,C:\Users\sures\.cache\kagglehub\datasets\andrewmvd\ocular-disease-recognition-odir5k\versions\2\ODIR-5K\ODIR-5K\Training Images\4429_right.jpg,2,Moderate DR
4431,left,4431_left.jpg,C:\Users\sures\.cache\kagglehub\datasets\andrewmvd\ocular-disease-recognition-odir5k\versions\2\ODIR-5K\ODIR-5K\Training Images\4431_left.jpg,2,Moderate DR
4431,right,4431_right.jpg,C:\Users\sures\.cache\kagglehub\datasets\andrewmvd\ocular-disease-recognition-odir5k\versions\2\ODIR-5K\ODIR-5K\Training Images\4431_right.jpg,2,Moderate DR
4432,left,4432_left.jpg,C:\Users\sures\.cache\kagglehub\datasets\andrewmvd\ocular-disease-recognition-odir5k\versions\2\ODIR-5K\ODIR-5K\Training Images\4432_left.jpg,2,Moderate DR
4432,right,4432_right.jpg,C:\Users\sures\.cache\kagglehub\datasets\andrewmvd\ocular-disease-recognition-odir5k\versions\2\ODIR-5K\ODIR-5K\Training Images\4432_right.jpg,2,Moderate DR
4433,left,4433_left.jpg,C:\Users\sures\.cache\kagglehub\datasets\andrewmvd\ocular-disease-recognition-odir5k\versions\2\ODIR-5K\ODIR-5K\Training Images\4433_left.jpg,1,Mild DR
4433,right,4433_right.jpg,C:\Users\sures\.cache\kagglehub\datasets\andrewmvd\ocular-disease-recognition-odir5k\versions\2\ODIR-5K\ODIR-5K\Training Images\4433_right.jpg,1,Mild DR
4438,left,4438_left.jpg,C:\Users\sures\.cache\kagglehub\datasets\andrewmvd\ocular-disease-recognition-odir5k\versions\2\ODIR-5K\ODIR-5K\Training Images\4438_left.jpg,0,No DR
4438,right,4438_right.jpg,C:\Users\sures\.cache\kagglehub\datasets\andrewmvd\ocular-disease-recognition-odir5k\versions\2\ODIR-5K\ODIR-5K\Training Images\4438_right.jpg,1,Mild DR
4439,left,4439_left.jpg,C:\Users\sures\.cache\kagglehub\datasets\andrewmvd\ocular-disease-recognition-odir5k\versions\2\ODIR-5K\ODIR-5K\Training Images\4439_left.jpg,2,Moderate DR
4439,right,4439_right.jpg,C:\Users\sures\.cache\kagglehub\datasets\andrewmvd\ocular-disease-recognition-odir5k\versions\2\ODIR-5K\ODIR-5K\Training Images\4439_right.jpg,1,Mild DR
4440,left,4440_left.jpg,C:\Users\sures\.cache\kagglehub\datasets\andrewmvd\ocular-disease-recognition-odir5k\versions\2\ODIR-5K\ODIR-5K\Training Images\4440_left.jpg,0,No DR
4440,right,4440_right.jpg,C:\Users\sures\.cache\kagglehub\datasets\andrewmvd\ocular-disease-recognition-odir5k\versions\2\ODIR-5K\ODIR-5K\Training Images\4440_right.jpg,2,Moderate DR
4442,right,4442_right.jpg,C:\Users\sures\.cache\kagglehub\datasets\andrewmvd\ocular-disease-recognition-odir5k\versions\2\ODIR-5K\ODIR-5K\Training Images\4442_right.jpg,2,Moderate DR
4444,left,4444_left.jpg,C:\Users\sures\.cache\kagglehub\datasets\andrewmvd\ocular-disease-recognition-odir5k\versions\2\ODIR-5K\ODIR-5K\Training Images\4444_left.jpg,1,Mild DR
4444,right,4444_right.jpg,C:\Users\sures\.cache\kagglehub\datasets\andrewmvd\ocular-disease-recognition-odir5k\versions\2\ODIR-5K\ODIR-5K\Training Images\4444_right.jpg,2,Moderate DR
4445,left,4445_left.jpg,C:\Users\sures\.cache\kagglehub\datasets\andrewmvd\ocular-disease-recognition-odir5k\versions\2\ODIR-5K\ODIR-5K\Training Images\4445_left.jpg,2,Moderate DR
4445,right,4445_right.jpg,C:\Users\sures\.cache\kagglehub\datasets\andrewmvd\ocular-disease-recognition-odir5k\versions\2\ODIR-5K\ODIR-5K\Training Images\4445_right.jpg,2,Moderate DR
4447,left,4447_left.jpg,C:\Users\sures\.cache\kagglehub\datasets\andrewmvd\ocular-disease-recognition-odir5k\versions\2\ODIR-5K\ODIR-5K\Training Images\4447_left.jpg,2,Moderate DR
4447,right,4447_right.jpg,C:\Users\sures\.cache\kagglehub\datasets\andrewmvd\ocular-disease-recognition-odir5k\versions\2\ODIR-5K\ODIR-5K\Training Images\4447_right.jpg,2,Moderate DR
4449,left,4449_left.jpg,C:\Users\sures\.cache\kagglehub\datasets\andrewmvd\ocular-disease-recognition-odir5k\versions\2\ODIR-5K\ODIR-5K\Training Images\4449_left.jpg,3,Severe DR
4449,right,4449_right.jpg,C:\Users\sures\.cache\kagglehub\datasets\andrewmvd\ocular-disease-recognition-odir5k\versions\2\ODIR-5K\ODIR-5K\Training Images\4449_right.jpg,3,Severe DR
4450,left,4450_left.jpg,C:\Users\sures\.cache\kagglehub\datasets\andrewmvd\ocular-disease-recognition-odir5k\versions\2\ODIR-5K\ODIR-5K\Training Images\4450_left.jpg,2,Moderate DR
4450,right,4450_right.jpg,C:\Users\sures\.cache\kagglehub\datasets\andrewmvd\ocular-disease-recognition-odir5k\versions\2\ODIR-5K\ODIR-5K\Training Images\4450_right.jpg,2,Moderate DR
4451,left,4451_left.jpg,C:\Users\sures\.cache\kagglehub\datasets\andrewmvd\ocular-disease-recognition-odir5k\versions\2\ODIR-5K\ODIR-5K\Training Images\4451_left.jpg,1,Mild DR
4451,right,4451_right.jpg,C:\Users\sures\.cache\kagglehub\datasets\andrewmvd\ocular-disease-recognition-odir5k\versions\2\ODIR-5K\ODIR-5K\Training Images\4451_right.jpg,1,Mild DR
4452,left,4452_left.jpg,C:\Users\sures\.cache\kagglehub\datasets\andrewmvd\ocular-disease-recognition-odir5k\versions\2\ODIR-5K\ODIR-5K\Training Images\4452_left.jpg,1,Mild DR
4452,right,4452_right.jpg,C:\Users\sures\.cache\kagglehub\datasets\andrewmvd\ocular-disease-recognition-odir5k\versions\2\ODIR-5K\ODIR-5K\Training Images\4452_right.jpg,0,No DR
4453,left,4453_left.jpg,C:\Users\sures\.cache\kagglehub\datasets\andrewmvd\ocular-disease-recognition-odir5k\versions\2\ODIR-5K\ODIR-5K\Training Images\4453_left.jpg,1,Mild DR
4453,right,4453_right.jpg,C:\Users\sures\.cache\kagglehub\datasets\andrewmvd\ocular-disease-recognition-odir5k\versions\2\ODIR-5K\ODIR-5K\Training Images\4453_right.jpg,0,No DR
4456,left,4456_left.jpg,C:\Users\sures\.cache\kagglehub\datasets\andrewmvd\ocular-disease-recognition-odir5k\versions\2\ODIR-5K\ODIR-5K\Training Images\4456_left.jpg,1,Mild DR
4456,right,4456_right.jpg,C:\Users\sures\.cache\kagglehub\datasets\andrewmvd\ocular-disease-recognition-odir5k\versions\2\ODIR-5K\ODIR-5K\Training Images\4456_right.jpg,2,Moderate DR
4460,right,4460_right.jpg,C:\Users\sures\.cache\kagglehub\datasets\andrewmvd\ocular-disease-recognition-odir5k\versions\2\ODIR-5K\ODIR-5K\Training Images\4460_right.jpg,2,Moderate DR
4461,left,4461_left.jpg,C:\Users\sures\.cache\kagglehub\datasets\andrewmvd\ocular-disease-recognition-odir5k\versions\2\ODIR-5K\ODIR-5K\Training Images\4461_left.jpg,1,Mild DR
4461,right,4461_right.jpg,C:\Users\sures\.cache\kagglehub\datasets\andrewmvd\ocular-disease-recognition-odir5k\versions\2\ODIR-5K\ODIR-5K\Training Images\4461_right.jpg,2,Moderate DR
4465,left,4465_left.jpg,C:\Users\sures\.cache\kagglehub\datasets\andrewmvd\ocular-disease-recognition-odir5k\versions\2\ODIR-5K\ODIR-5K\Training Images\4465_left.jpg,0,No DR
4465,right,4465_right.jpg,C:\Users\sures\.cache\kagglehub\datasets\andrewmvd\ocular-disease-recognition-odir5k\versions\2\ODIR-5K\ODIR-5K\Training Images\4465_right.jpg,1,Mild DR
4466,left,4466_left.jpg,C:\Users\sures\.cache\kagglehub\datasets\andrewmvd\ocular-disease-recognition-odir5k\versions\2\ODIR-5K\ODIR-5K\Training Images\4466_left.jpg,2,Moderate DR
4466,right,4466_right.jpg,C:\Users\sures\.cache\kagglehub\datasets\andrewmvd\ocular-disease-recognition-odir5k\versions\2\ODIR-5K\ODIR-5K\Training Images\4466_right.jpg,2,Moderate DR
4467,left,4467_left.jpg,C:\Users\sures\.cache\kagglehub\datasets\andrewmvd\ocular-disease-recognition-odir5k\versions\2\ODIR-5K\ODIR-5K\Training Images\4467_left.jpg,1,Mild DR
4467,right,4467_right.jpg,C:\Users\sures\.cache\kagglehub\datasets\andrewmvd\ocular-disease-recognition-odir5k\versions\2\ODIR-5K\ODIR-5K\Training Images\4467_right.jpg,2,Moderate DR
4469,left,4469_left.jpg,C:\Users\sures\.cache\kagglehub\datasets\andrewmvd\ocular-disease-recognition-odir5k\versions\2\ODIR-5K\ODIR-5K\Training Images\4469_left.jpg,0,No DR
4469,right,4469_right.jpg,C:\Users\sures\.cache\kagglehub\datasets\andrewmvd\ocular-disease-recognition-odir5k\versions\2\ODIR-5K\ODIR-5K\Training Images\4469_right.jpg,1,Mild DR
4471,left,4471_left.jpg,C:\Users\sures\.cache\kagglehub\datasets\andrewmvd\ocular-disease-recognition-odir5k\versions\2\ODIR-5K\ODIR-5K\Training Images\4471_left.jpg,2,Moderate DR
4471,right,4471_right.jpg,C:\Users\sures\.cache\kagglehub\datasets\andrewmvd\ocular-disease-recognition-odir5k\versions\2\ODIR-5K\ODIR-5K\Training Images\4471_right.jpg,2,Moderate DR
4473,left,4473_left.jpg,C:\Users\sures\.cache\kagglehub\datasets\andrewmvd\ocular-disease-recognition-odir5k\versions\2\ODIR-5K\ODIR-5K\Training Images\4473_left.jpg,2,Moderate DR
4473,right,4473_right.jpg,C:\Users\sures\.cache\kagglehub\datasets\andrewmvd\ocular-disease-recognition-odir5k\versions\2\ODIR-5K\ODIR-5K\Training Images\4473_right.jpg,2,Moderate DR
4474,left,4474_left.jpg,C:\Users\sures\.cache\kagglehub\datasets\andrewmvd\ocular-disease-recognition-odir5k\versions\2\ODIR-5K\ODIR-5K\Training Images\4474_left.jpg,1,Mild DR
4474,right,4474_right.jpg,C:\Users\sures\.cache\kagglehub\datasets\andrewmvd\ocular-disease-recognition-odir5k\versions\2\ODIR-5K\ODIR-5K\Training Images\4474_right.jpg,2,Moderate DR
4475,left,4475_left.jpg,C:\Users\sures\.cache\kagglehub\datasets\andrewmvd\ocular-disease-recognition-odir5k\versions\2\ODIR-5K\ODIR-5K\Training Images\4475_left.jpg,0,No DR
4475,right,4475_right.jpg,C:\Users\sures\.cache\kagglehub\datasets\andrewmvd\ocular-disease-recognition-odir5k\versions\2\ODIR-5K\ODIR-5K\Training Images\4475_right.jpg,1,Mild DR
4477,left,4477_left.jpg,C:\Users\sures\.cache\kagglehub\datasets\andrewmvd\ocular-disease-recognition-odir5k\versions\2\ODIR-5K\ODIR-5K\Training Images\4477_left.jpg,1,Mild DR
4477,right,4477_right.jpg,C:\Users\sures\.cache\kagglehub\datasets\andrewmvd\ocular-disease-recognition-odir5k\versions\2\ODIR-5K\ODIR-5K\Training Images\4477_right.jpg,1,Mild DR
4478,right,4478_right.jpg,C:\Users\sures\.cache\kagglehub\datasets\andrewmvd\ocular-disease-recognition-odir5k\versions\2\ODIR-5K\ODIR-5K\Training Images\4478_right.jpg,1,Mild DR
4480,left,4480_left.jpg,C:\Users\sures\.cache\kagglehub\datasets\andrewmvd\ocular-disease-recognition-odir5k\versions\2\ODIR-5K\ODIR-5K\Training Images\4480_left.jpg,2,Moderate DR
4480,right,4480_right.jpg,C:\Users\sures\.cache\kagglehub\datasets\andrewmvd\ocular-disease-recognition-odir5k\versions\2\ODIR-5K\ODIR-5K\Training Images\4480_right.jpg,2,Moderate DR
4481,left,4481_left.jpg,C:\Users\sures\.cache\kagglehub\datasets\andrewmvd\ocular-disease-recognition-odir5k\versions\2\ODIR-5K\ODIR-5K\Training Images\4481_left.jpg,2,Moderate DR
4481,right,4481_right.jpg,C:\Users\sures\.cache\kagglehub\datasets\andrewmvd\ocular-disease-recognition-odir5k\versions\2\ODIR-5K\ODIR-5K\Training Images\4481_right.jpg,1,Mild DR
4484,left,4484_left.jpg,C:\Users\sures\.cache\kagglehub\datasets\andrewmvd\ocular-disease-recognition-odir5k\versions\2\ODIR-5K\ODIR-5K\Training Images\4484_left.jpg,2,Moderate DR
4484,right,4484_right.jpg,C:\Users\sures\.cache\kagglehub\datasets\andrewmvd\ocular-disease-recognition-odir5k\versions\2\ODIR-5K\ODIR-5K\Training Images\4484_right.jpg,2,Moderate DR
4486,left,4486_left.jpg,C:\Users\sures\.cache\kagglehub\datasets\andrewmvd\ocular-disease-recognition-odir5k\versions\2\ODIR-5K\ODIR-5K\Training Images\4486_left.jpg,0,No DR
4486,right,4486_right.jpg,C:\Users\sures\.cache\kagglehub\datasets\andrewmvd\ocular-disease-recognition-odir5k\versions\2\ODIR-5K\ODIR-5K\Training Images\4486_right.jpg,1,Mild DR
4487,left,4487_left.jpg,C:\Users\sures\.cache\kagglehub\datasets\andrewmvd\ocular-disease-recognition-odir5k\versions\2\ODIR-5K\ODIR-5K\Training Images\4487_left.jpg,0,No DR
4487,right,4487_right.jpg,C:\Users\sures\.cache\kagglehub\datasets\andrewmvd\ocular-disease-recognition-odir5k\versions\2\ODIR-5K\ODIR-5K\Training Images\4487_right.jpg,1,Mild DR
4488,left,4488_left.jpg,C:\Users\sures\.cache\kagglehub\datasets\andrewmvd\ocular-disease-recognition-odir5k\versions\2\ODIR-5K\ODIR-5K\Training Images\4488_left.jpg,2,Moderate DR
4488,right,4488_right.jpg,C:\Users\sures\.cache\kagglehub\datasets\andrewmvd\ocular-disease-recognition-odir5k\versions\2\ODIR-5K\ODIR-5K\Training Images\4488_right.jpg,2,Moderate DR
4489,left,4489_left.jpg,C:\Users\sures\.cache\kagglehub\datasets\andrewmvd\ocular-disease-recognition-odir5k\versions\2\ODIR-5K\ODIR-5K\Training Images\4489_left.jpg,0,No DR
4489,right,4489_right.jpg,C:\Users\sures\.cache\kagglehub\datasets\andrewmvd\ocular-disease-recognition-odir5k\versions\2\ODIR-5K\ODIR-5K\Training Images\4489_right.jpg,2,Moderate DR
4492,left,4492_left.jpg,C:\Users\sures\.cache\kagglehub\datasets\andrewmvd\ocular-disease-recognition-odir5k\versions\2\ODIR-5K\ODIR-5K\Training Images\4492_left.jpg,3,Severe DR
4492,right,4492_right.jpg,C:\Users\sures\.cache\kagglehub\datasets\andrewmvd\ocular-disease-recognition-odir5k\versions\2\ODIR-5K\ODIR-5K\Training Images\4492_right.jpg,3,Severe DR
4493,left,4493_left.jpg,C:\Users\sures\.cache\kagglehub\datasets\andrewmvd\ocular-disease-recognition-odir5k\versions\2\ODIR-5K\ODIR-5K\Training Images\4493_left.jpg,2,Moderate DR
4493,right,4493_right.jpg,C:\Users\sures\.cache\kagglehub\datasets\andrewmvd\ocular-disease-recognition-odir5k\versions\2\ODIR-5K\ODIR-5K\Training Images\4493_right.jpg,2,Moderate DR
4494,left,4494_left.jpg,C:\Users\sures\.cache\kagglehub\datasets\andrewmvd\ocular-disease-recognition-odir5k\versions\2\ODIR-5K\ODIR-5K\Training Images\4494_left.jpg,1,Mild DR
4494,right,4494_right.jpg,C:\Users\sures\.cache\kagglehub\datasets\andrewmvd\ocular-disease-recognition-odir5k\versions\2\ODIR-5K\ODIR-5K\Training Images\4494_right.jpg,1,Mild DR
4495,left,4495_left.jpg,C:\Users\sures\.cache\kagglehub\datasets\andrewmvd\ocular-disease-recognition-odir5k\versions\2\ODIR-5K\ODIR-5K\Training Images\4495_left.jpg,1,Mild DR
4495,right,4495_right.jpg,C:\Users\sures\.cache\kagglehub\datasets\andrewmvd\ocular-disease-recognition-odir5k\versions\2\ODIR-5K\ODIR-5K\Training Images\4495_right.jpg,2,Moderate DR
4496,left,4496_left.jpg,C:\Users\sures\.cache\kagglehub\datasets\andrewmvd\ocular-disease-recognition-odir5k\versions\2\ODIR-5K\ODIR-5K\Training Images\4496_left.jpg,0,No DR
4496,right,4496_right.jpg,C:\Users\sures\.cache\kagglehub\datasets\andrewmvd\ocular-disease-recognition-odir5k\versions\2\ODIR-5K\ODIR-5K\Training Images\4496_right.jpg,1,Mild DR
4497,left,4497_left.jpg,C:\Users\sures\.cache\kagglehub\datasets\andrewmvd\ocular-disease-recognition-odir5k\versions\2\ODIR-5K\ODIR-5K\Training Images\4497_left.jpg,1,Mild DR
4497,right,4497_right.jpg,C:\Users\sures\.cache\kagglehub\datasets\andrewmvd\ocular-disease-recognition-odir5k\versions\2\ODIR-5K\ODIR-5K\Training Images\4497_right.jpg,1,Mild DR
4498,left,4498_left.jpg,C:\Users\sures\.cache\kagglehub\datasets\andrewmvd\ocular-disease-recognition-odir5k\versions\2\ODIR-5K\ODIR-5K\Training Images\4498_left.jpg,2,Moderate DR
4498,right,4498_right.jpg,C:\Users\sures\.cache\kagglehub\datasets\andrewmvd\ocular-disease-recognition-odir5k\versions\2\ODIR-5K\ODIR-5K\Training Images\4498_right.jpg,2,Moderate DR
4499,left,4499_left.jpg,C:\Users\sures\.cache\kagglehub\datasets\andrewmvd\ocular-disease-recognition-odir5k\versions\2\ODIR-5K\ODIR-5K\Training Images\4499_left.jpg,3,Severe DR
4499,right,4499_right.jpg,C:\Users\sures\.cache\kagglehub\datasets\andrewmvd\ocular-disease-recognition-odir5k\versions\2\ODIR-5K\ODIR-5K\Training Images\4499_right.jpg,3,Severe DR
4502,left,4502_left.jpg,C:\Users\sures\.cache\kagglehub\datasets\andrewmvd\ocular-disease-recognition-odir5k\versions\2\ODIR-5K\ODIR-5K\Training Images\4502_left.jpg,2,Moderate DR
4502,right,4502_right.jpg,C:\Users\sures\.cache\kagglehub\datasets\andrewmvd\ocular-disease-recognition-odir5k\versions\2\ODIR-5K\ODIR-5K\Training Images\4502_right.jpg,2,Moderate DR
4506,left,4506_left.jpg,C:\Users\sures\.cache\kagglehub\datasets\andrewmvd\ocular-disease-recognition-odir5k\versions\2\ODIR-5K\ODIR-5K\Training Images\4506_left.jpg,2,Moderate DR
4506,right,4506_right.jpg,C:\Users\sures\.cache\kagglehub\datasets\andrewmvd\ocular-disease-recognition-odir5k\versions\2\ODIR-5K\ODIR-5K\Training Images\4506_right.jpg,0,No DR
4507,left,4507_left.jpg,C:\Users\sures\.cache\kagglehub\datasets\andrewmvd\ocular-disease-recognition-odir5k\versions\2\ODIR-5K\ODIR-5K\Training Images\4507_left.jpg,2,Moderate DR
4507,right,4507_right.jpg,C:\Users\sures\.cache\kagglehub\datasets\andrewmvd\ocular-disease-recognition-odir5k\versions\2\ODIR-5K\ODIR-5K\Training Images\4507_right.jpg,1,Mild DR
4508,left,4508_left.jpg,C:\Users\sures\.cache\kagglehub\datasets\andrewmvd\ocular-disease-recognition-odir5k\versions\2\ODIR-5K\ODIR-5K\Training Images\4508_left.jpg,3,Severe DR
4508,right,4508_right.jpg,C:\Users\sures\.cache\kagglehub\datasets\andrewmvd\ocular-disease-recognition-odir5k\versions\2\ODIR-5K\ODIR-5K\Training Images\4508_right.jpg,3,Severe DR
4509,left,4509_left.jpg,C:\Users\sures\.cache\kagglehub\datasets\andrewmvd\ocular-disease-recognition-odir5k\versions\2\ODIR-5K\ODIR-5K\Training Images\4509_left.jpg,1,Mild DR
4509,right,4509_right.jpg,C:\Users\sures\.cache\kagglehub\datasets\andrewmvd\ocular-disease-recognition-odir5k\versions\2\ODIR-5K\ODIR-5K\Training Images\4509_right.jpg,2,Moderate DR
4511,left,4511_left.jpg,C:\Users\sures\.cache\kagglehub\datasets\andrewmvd\ocular-disease-recognition-odir5k\versions\2\ODIR-5K\ODIR-5K\Training Images\4511_left.jpg,2,Moderate DR
4511,right,4511_right.jpg,C:\Users\sures\.cache\kagglehub\datasets\andrewmvd\ocular-disease-recognition-odir5k\versions\2\ODIR-5K\ODIR-5K\Training Images\4511_right.jpg,2,Moderate DR
4512,left,4512_left.jpg,C:\Users\sures\.cache\kagglehub\datasets\andrewmvd\ocular-disease-recognition-odir5k\versions\2\ODIR-5K\ODIR-5K\Training Images\4512_left.jpg,0,No DR
4512,right,4512_right.jpg,C:\Users\sures\.cache\kagglehub\datasets\andrewmvd\ocular-disease-recognition-odir5k\versions\2\ODIR-5K\ODIR-5K\Training Images\4512_right.jpg,1,Mild DR
4513,left,4513_left.jpg,C:\Users\sures\.cache\kagglehub\datasets\andrewmvd\ocular-disease-recognition-odir5k\versions\2\ODIR-5K\ODIR-5K\Training Images\4513_left.jpg,1,Mild DR
4513,right,4513_right.jpg,C:\Users\sures\.cache\kagglehub\datasets\andrewmvd\ocular-disease-recognition-odir5k\versions\2\ODIR-5K\ODIR-5K\Training Images\4513_right.jpg,1,Mild DR
4515,left,4515_left.jpg,C:\Users\sures\.cache\kagglehub\datasets\andrewmvd\ocular-disease-recognition-odir5k\versions\2\ODIR-5K\ODIR-5K\Training Images\4515_left.jpg,3,Severe DR
4515,right,4515_right.jpg,C:\Users\sures\.cache\kagglehub\datasets\andrewmvd\ocular-disease-recognition-odir5k\versions\2\ODIR-5K\ODIR-5K\Training Images\4515_right.jpg,3,Severe DR
4516,left,4516_left.jpg,C:\Users\sures\.cache\kagglehub\datasets\andrewmvd\ocular-disease-recognition-odir5k\versions\2\ODIR-5K\ODIR-5K\Training Images\4516_left.jpg,1,Mild DR
4516,right,4516_right.jpg,C:\Users\sures\.cache\kagglehub\datasets\andrewmvd\ocular-disease-recognition-odir5k\versions\2\ODIR-5K\ODIR-5K\Training Images\4516_right.jpg,1,Mild DR
4519,left,4519_left.jpg,C:\Users\sures\.cache\kagglehub\datasets\andrewmvd\ocular-disease-recognition-odir5k\versions\2\ODIR-5K\ODIR-5K\Training Images\4519_left.jpg,2,Moderate DR
4519,right,4519_right.jpg,C:\Users\sures\.cache\kagglehub\datasets\andrewmvd\ocular-disease-recognition-odir5k\versions\2\ODIR-5K\ODIR-5K\Training Images\4519_right.jpg,2,Moderate DR
4522,right,4522_right.jpg,C:\Users\sures\.cache\kagglehub\datasets\andrewmvd\ocular-disease-recognition-odir5k\versions\2\ODIR-5K\ODIR-5K\Training Images\4522_right.jpg,3,Severe DR
4525,left,4525_left.jpg,C:\Users\sures\.cache\kagglehub\datasets\andrewmvd\ocular-disease-recognition-odir5k\versions\2\ODIR-5K\ODIR-5K\Training Images\4525_left.jpg,2,Moderate DR
4525,right,4525_right.jpg,C:\Users\sures\.cache\kagglehub\datasets\andrewmvd\ocular-disease-recognition-odir5k\versions\2\ODIR-5K\ODIR-5K\Training Images\4525_right.jpg,2,Moderate DR
4529,left,4529_left.jpg,C:\Users\sures\.cache\kagglehub\datasets\andrewmvd\ocular-disease-recognition-odir5k\versions\2\ODIR-5K\ODIR-5K\Training Images\4529_left.jpg,2,Moderate DR
4529,right,4529_right.jpg,C:\Users\sures\.cache\kagglehub\datasets\andrewmvd\ocular-disease-recognition-odir5k\versions\2\ODIR-5K\ODIR-5K\Training Images\4529_right.jpg,2,Moderate DR
4530,left,4530_left.jpg,C:\Users\sures\.cache\kagglehub\datasets\andrewmvd\ocular-disease-recognition-odir5k\versions\2\ODIR-5K\ODIR-5K\Training Images\4530_left.jpg,3,Severe DR
4530,right,4530_right.jpg,C:\Users\sures\.cache\kagglehub\datasets\andrewmvd\ocular-disease-recognition-odir5k\versions\2\ODIR-5K\ODIR-5K\Training Images\4530_right.jpg,2,Moderate DR
4532,left,4532_left.jpg,C:\Users\sures\.cache\kagglehub\datasets\andrewmvd\ocular-disease-recognition-odir5k\versions\2\ODIR-5K\ODIR-5K\Training Images\4532_left.jpg,1,Mild DR
4532,right,4532_right.jpg,C:\Users\sures\.cache\kagglehub\datasets\andrewmvd\ocular-disease-recognition-odir5k\versions\2\ODIR-5K\ODIR-5K\Training Images\4532_right.jpg,2,Moderate DR
4533,left,4533_left.jpg,C:\Users\sures\.cache\kagglehub\datasets\andrewmvd\ocular-disease-recognition-odir5k\versions\2\ODIR-5K\ODIR-5K\Training Images\4533_left.jpg,1,Mild DR
4533,right,4533_right.jpg,C:\Users\sures\.cache\kagglehub\datasets\andrewmvd\ocular-disease-recognition-odir5k\versions\2\ODIR-5K\ODIR-5K\Training Images\4533_right.jpg,2,Moderate DR
4535,left,4535_left.jpg,C:\Users\sures\.cache\kagglehub\datasets\andrewmvd\ocular-disease-recognition-odir5k\versions\2\ODIR-5K\ODIR-5K\Training Images\4535_left.jpg,0,No DR
4535,right,4535_right.jpg,C:\Users\sures\.cache\kagglehub\datasets\andrewmvd\ocular-disease-recognition-odir5k\versions\2\ODIR-5K\ODIR-5K\Training Images\4535_right.jpg,2,Moderate DR
4536,left,4536_left.jpg,C:\Users\sures\.cache\kagglehub\datasets\andrewmvd\ocular-disease-recognition-odir5k\versions\2\ODIR-5K\ODIR-5K\Training Images\4536_left.jpg,2,Moderate DR
4536,right,4536_right.jpg,C:\Users\sures\.cache\kagglehub\datasets\andrewmvd\ocular-disease-recognition-odir5k\versions\2\ODIR-5K\ODIR-5K\Training Images\4536_right.jpg,2,Moderate DR
4538,left,4538_left.jpg,C:\Users\sures\.cache\kagglehub\datasets\andrewmvd\ocular-disease-recognition-odir5k\versions\2\ODIR-5K\ODIR-5K\Training Images\4538_left.jpg,2,Moderate DR
4538,right,4538_right.jpg,C:\Users\sures\.cache\kagglehub\datasets\andrewmvd\ocular-disease-recognition-odir5k\versions\2\ODIR-5K\ODIR-5K\Training Images\4538_right.jpg,2,Moderate DR
4542,left,4542_left.jpg,C:\Users\sures\.cache\kagglehub\datasets\andrewmvd\ocular-disease-recognition-odir5k\versions\2\ODIR-5K\ODIR-5K\Training Images\4542_left.jpg,0,No DR
4542,right,4542_right.jpg,C:\Users\sures\.cache\kagglehub\datasets\andrewmvd\ocular-disease-recognition-odir5k\versions\2\ODIR-5K\ODIR-5K\Training Images\4542_right.jpg,1,Mild DR
4543,left,4543_left.jpg,C:\Users\sures\.cache\kagglehub\datasets\andrewmvd\ocular-disease-recognition-odir5k\versions\2\ODIR-5K\ODIR-5K\Training Images\4543_left.jpg,1,Mild DR
4543,right,4543_right.jpg,C:\Users\sures\.cache\kagglehub\datasets\andrewmvd\ocular-disease-recognition-odir5k\versions\2\ODIR-5K\ODIR-5K\Training Images\4543_right.jpg,0,No DR
4544,left,4544_left.jpg,C:\Users\sures\.cache\kagglehub\datasets\andrewmvd\ocular-disease-recognition-odir5k\versions\2\ODIR-5K\ODIR-5K\Training Images\4544_left.jpg,2,Moderate DR
4544,right,4544_right.jpg,C:\Users\sures\.cache\kagglehub\datasets\andrewmvd\ocular-disease-recognition-odir5k\versions\2\ODIR-5K\ODIR-5K\Training Images\4544_right.jpg,0,No DR
4545,left,4545_left.jpg,C:\Users\sures\.cache\kagglehub\datasets\andrewmvd\ocular-disease-recognition-odir5k\versions\2\ODIR-5K\ODIR-5K\Training Images\4545_left.jpg,2,Moderate DR
4545,right,4545_right.jpg,C:\Users\sures\.cache\kagglehub\datasets\andrewmvd\ocular-disease-recognition-odir5k\versions\2\ODIR-5K\ODIR-5K\Training Images\4545_right.jpg,1,Mild DR
4548,left,4548_left.jpg,C:\Users\sures\.cache\kagglehub\datasets\andrewmvd\ocular-disease-recognition-odir5k\versions\2\ODIR-5K\ODIR-5K\Training Images\4548_left.jpg,1,Mild DR
4548,right,4548_right.jpg,C:\Users\sures\.cache\kagglehub\datasets\andrewmvd\ocular-disease-recognition-odir5k\versions\2\ODIR-5K\ODIR-5K\Training Images\4548_right.jpg,0,No DR
4549,left,4549_left.jpg,C:\Users\sures\.cache\kagglehub\datasets\andrewmvd\ocular-disease-recognition-odir5k\versions\2\ODIR-5K\ODIR-5K\Training Images\4549_left.jpg,1,Mild DR
4549,right,4549_right.jpg,C:\Users\sures\.cache\kagglehub\datasets\andrewmvd\ocular-disease-recognition-odir5k\versions\2\ODIR-5K\ODIR-5K\Training Images\4549_right.jpg,2,Moderate DR
4550,left,4550_left.jpg,C:\Users\sures\.cache\kagglehub\datasets\andrewmvd\ocular-disease-recognition-odir5k\versions\2\ODIR-5K\ODIR-5K\Training Images\4550_left.jpg,2,Moderate DR
4550,right,4550_right.jpg,C:\Users\sures\.cache\kagglehub\datasets\andrewmvd\ocular-disease-recognition-odir5k\versions\2\ODIR-5K\ODIR-5K\Training Images\4550_right.jpg,2,Moderate DR
4552,left,4552_left.jpg,C:\Users\sures\.cache\kagglehub\datasets\andrewmvd\ocular-disease-recognition-odir5k\versions\2\ODIR-5K\ODIR-5K\Training Images\4552_left.jpg,2,Moderate DR
4552,right,4552_right.jpg,C:\Users\sures\.cache\kagglehub\datasets\andrewmvd\ocular-disease-recognition-odir5k\versions\2\ODIR-5K\ODIR-5K\Training Images\4552_right.jpg,1,Mild DR
4555,left,4555_left.jpg,C:\Users\sures\.cache\kagglehub\datasets\andrewmvd\ocular-disease-recognition-odir5k\versions\2\ODIR-5K\ODIR-5K\Training Images\4555_left.jpg,2,Moderate DR
4555,right,4555_right.jpg,C:\Users\sures\.cache\kagglehub\datasets\andrewmvd\ocular-disease-recognition-odir5k\versions\2\ODIR-5K\ODIR-5K\Training Images\4555_right.jpg,2,Moderate DR
4556,left,4556_left.jpg,C:\Users\sures\.cache\kagglehub\datasets\andrewmvd\ocular-disease-recognition-odir5k\versions\2\ODIR-5K\ODIR-5K\Training Images\4556_left.jpg,1,Mild DR
4556,right,4556_right.jpg,C:\Users\sures\.cache\kagglehub\datasets\andrewmvd\ocular-disease-recognition-odir5k\versions\2\ODIR-5K\ODIR-5K\Training Images\4556_right.jpg,0,No DR
4557,left,4557_left.jpg,C:\Users\sures\.cache\kagglehub\datasets\andrewmvd\ocular-disease-recognition-odir5k\versions\2\ODIR-5K\ODIR-5K\Training Images\4557_left.jpg,1,Mild DR
4557,right,4557_right.jpg,C:\Users\sures\.cache\kagglehub\datasets\andrewmvd\ocular-disease-recognition-odir5k\versions\2\ODIR-5K\ODIR-5K\Training Images\4557_right.jpg,1,Mild DR
4558,left,4558_left.jpg,C:\Users\sures\.cache\kagglehub\datasets\andrewmvd\ocular-disease-recognition-odir5k\versions\2\ODIR-5K\ODIR-5K\Training Images\4558_left.jpg,3,Severe DR
4558,right,4558_right.jpg,C:\Users\sures\.cache\kagglehub\datasets\andrewmvd\ocular-disease-recognition-odir5k\versions\2\ODIR-5K\ODIR-5K\Training Images\4558_right.jpg,3,Severe DR
4560,left,4560_left.jpg,C:\Users\sures\.cache\kagglehub\datasets\andrewmvd\ocular-disease-recognition-odir5k\versions\2\ODIR-5K\ODIR-5K\Training Images\4560_left.jpg,3,Severe DR
4560,right,4560_right.jpg,C:\Users\sures\.cache\kagglehub\datasets\andrewmvd\ocular-disease-recognition-odir5k\versions\2\ODIR-5K\ODIR-5K\Training Images\4560_right.jpg,3,Severe DR
4561,left,4561_left.jpg,C:\Users\sures\.cache\kagglehub\datasets\andrewmvd\ocular-disease-recognition-odir5k\versions\2\ODIR-5K\ODIR-5K\Training Images\4561_left.jpg,1,Mild DR
4561,right,4561_right.jpg,C:\Users\sures\.cache\kagglehub\datasets\andrewmvd\ocular-disease-recognition-odir5k\versions\2\ODIR-5K\ODIR-5K\Training Images\4561_right.jpg,1,Mild DR
4564,left,4564_left.jpg,C:\Users\sures\.cache\kagglehub\datasets\andrewmvd\ocular-disease-recognition-odir5k\versions\2\ODIR-5K\ODIR-5K\Training Images\4564_left.jpg,2,Moderate DR
4564,right,4564_right.jpg,C:\Users\sures\.cache\kagglehub\datasets\andrewmvd\ocular-disease-recognition-odir5k\versions\2\ODIR-5K\ODIR-5K\Training Images\4564_right.jpg,1,Mild DR
4565,left,4565_left.jpg,C:\Users\sures\.cache\kagglehub\datasets\andrewmvd\ocular-disease-recognition-odir5k\versions\2\ODIR-5K\ODIR-5K\Training Images\4565_left.jpg,2,Moderate DR
4565,right,4565_right.jpg,C:\Users\sures\.cache\kagglehub\datasets\andrewmvd\ocular-disease-recognition-odir5k\versions\2\ODIR-5K\ODIR-5K\Training Images\4565_right.jpg,2,Moderate DR
4566,left,4566_left.jpg,C:\Users\sures\.cache\kagglehub\datasets\andrewmvd\ocular-disease-recognition-odir5k\versions\2\ODIR-5K\ODIR-5K\Training Images\4566_left.jpg,2,Moderate DR
4566,right,4566_right.jpg,C:\Users\sures\.cache\kagglehub\datasets\andrewmvd\ocular-disease-recognition-odir5k\versions\2\ODIR-5K\ODIR-5K\Training Images\4566_right.jpg,2,Moderate DR
4567,left,4567_left.jpg,C:\Users\sures\.cache\kagglehub\datasets\andrewmvd\ocular-disease-recognition-odir5k\versions\2\ODIR-5K\ODIR-5K\Training Images\4567_left.jpg,1,Mild DR
4567,right,4567_right.jpg,C:\Users\sures\.cache\kagglehub\datasets\andrewmvd\ocular-disease-recognition-odir5k\versions\2\ODIR-5K\ODIR-5K\Training Images\4567_right.jpg,1,Mild DR
4568,left,4568_left.jpg,C:\Users\sures\.cache\kagglehub\datasets\andrewmvd\ocular-disease-recognition-odir5k\versions\2\ODIR-5K\ODIR-5K\Training Images\4568_left.jpg,2,Moderate DR
4568,right,4568_right.jpg,C:\Users\sures\.cache\kagglehub\datasets\andrewmvd\ocular-disease-recognition-odir5k\versions\2\ODIR-5K\ODIR-5K\Training Images\4568_right.jpg,2,Moderate DR
4570,left,4570_left.jpg,C:\Users\sures\.cache\kagglehub\datasets\andrewmvd\ocular-disease-recognition-odir5k\versions\2\ODIR-5K\ODIR-5K\Training Images\4570_left.jpg,0,No DR
4570,right,4570_right.jpg,C:\Users\sures\.cache\kagglehub\datasets\andrewmvd\ocular-disease-recognition-odir5k\versions\2\ODIR-5K\ODIR-5K\Training Images\4570_right.jpg,1,Mild DR
4571,left,4571_left.jpg,C:\Users\sures\.cache\kagglehub\datasets\andrewmvd\ocular-disease-recognition-odir5k\versions\2\ODIR-5K\ODIR-5K\Training Images\4571_left.jpg,0,No DR
4571,right,4571_right.jpg,C:\Users\sures\.cache\kagglehub\datasets\andrewmvd\ocular-disease-recognition-odir5k\versions\2\ODIR-5K\ODIR-5K\Training Images\4571_right.jpg,0,No DR
4573,left,4573_left.jpg,C:\Users\sures\.cache\kagglehub\datasets\andrewmvd\ocular-disease-recognition-odir5k\versions\2\ODIR-5K\ODIR-5K\Training Images\4573_left.jpg,1,Mild DR
4573,right,4573_right.jpg,C:\Users\sures\.cache\kagglehub\datasets\andrewmvd\ocular-disease-recognition-odir5k\versions\2\ODIR-5K\ODIR-5K\Training Images\4573_right.jpg,2,Moderate DR
4576,left,4576_left.jpg,C:\Users\sures\.cache\kagglehub\datasets\andrewmvd\ocular-disease-recognition-odir5k\versions\2\ODIR-5K\ODIR-5K\Training Images\4576_left.jpg,0,No DR
4576,right,4576_right.jpg,C:\Users\sures\.cache\kagglehub\datasets\andrewmvd\ocular-disease-recognition-odir5k\versions\2\ODIR-5K\ODIR-5K\Training Images\4576_right.jpg,1,Mild DR
4577,left,4577_left.jpg,C:\Users\sures\.cache\kagglehub\datasets\andrewmvd\ocular-disease-recognition-odir5k\versions\2\ODIR-5K\ODIR-5K\Training Images\4577_left.jpg,0,No DR
4577,right,4577_right.jpg,C:\Users\sures\.cache\kagglehub\datasets\andrewmvd\ocular-disease-recognition-odir5k\versions\2\ODIR-5K\ODIR-5K\Training Images\4577_right.jpg,1,Mild DR
4580,right,4580_right.jpg,C:\Users\sures\.cache\kagglehub\datasets\andrewmvd\ocular-disease-recognition-odir5k\versions\2\ODIR-5K\ODIR-5K\Training Images\4580_right.jpg,1,Mild DR
4582,left,4582_left.jpg,C:\Users\sures\.cache\kagglehub\datasets\andrewmvd\ocular-disease-recognition-odir5k\versions\2\ODIR-5K\ODIR-5K\Training Images\4582_left.jpg,3,Severe DR
4582,right,4582_right.jpg,C:\Users\sures\.cache\kagglehub\datasets\andrewmvd\ocular-disease-recognition-odir5k\versions\2\ODIR-5K\ODIR-5K\Training Images\4582_right.jpg,3,Severe DR
4584,left,4584_left.jpg,C:\Users\sures\.cache\kagglehub\datasets\andrewmvd\ocular-disease-recognition-odir5k\versions\2\ODIR-5K\ODIR-5K\Training Images\4584_left.jpg,1,Mild DR
4584,right,4584_right.jpg,C:\Users\sures\.cache\kagglehub\datasets\andrewmvd\ocular-disease-recognition-odir5k\versions\2\ODIR-5K\ODIR-5K\Training Images\4584_right.jpg,1,Mild DR
4585,left,4585_left.jpg,C:\Users\sures\.cache\kagglehub\datasets\andrewmvd\ocular-disease-recognition-odir5k\versions\2\ODIR-5K\ODIR-5K\Training Images\4585_left.jpg,1,Mild DR
4585,right,4585_right.jpg,C:\Users\sures\.cache\kagglehub\datasets\andrewmvd\ocular-disease-recognition-odir5k\versions\2\ODIR-5K\ODIR-5K\Training Images\4585_right.jpg,2,Moderate DR
4586,left,4586_left.jpg,C:\Users\sures\.cache\kagglehub\datasets\andrewmvd\ocular-disease-recognition-odir5k\versions\2\ODIR-5K\ODIR-5K\Training Images\4586_left.jpg,2,Moderate DR
4586,right,4586_right.jpg,C:\Users\sures\.cache\kagglehub\datasets\andrewmvd\ocular-disease-recognition-odir5k\versions\2\ODIR-5K\ODIR-5K\Training Images\4586_right.jpg,0,No DR
4587,left,4587_left.jpg,C:\Users\sures\.cache\kagglehub\datasets\andrewmvd\ocular-disease-recognition-odir5k\versions\2\ODIR-5K\ODIR-5K\Training Images\4587_left.jpg,2,Moderate DR
4587,right,4587_right.jpg,C:\Users\sures\.cache\kagglehub\datasets\andrewmvd\ocular-disease-recognition-odir5k\versions\2\ODIR-5K\ODIR-5K\Training Images\4587_right.jpg,2,Moderate DR
4588,left,4588_left.jpg,C:\Users\sures\.cache\kagglehub\datasets\andrewmvd\ocular-disease-recognition-odir5k\versions\2\ODIR-5K\ODIR-5K\Training Images\4588_left.jpg,1,Mild DR
4589,left,4589_left.jpg,C:\Users\sures\.cache\kagglehub\datasets\andrewmvd\ocular-disease-recognition-odir5k\versions\2\ODIR-5K\ODIR-5K\Training Images\4589_left.jpg,2,Moderate DR
4589,right,4589_right.jpg,C:\Users\sures\.cache\kagglehub\datasets\andrewmvd\ocular-disease-recognition-odir5k\versions\2\ODIR-5K\ODIR-5K\Training Images\4589_right.jpg,0,No DR
4590,left,4590_left.jpg,C:\Users\sures\.cache\kagglehub\datasets\andrewmvd\ocular-disease-recognition-odir5k\versions\2\ODIR-5K\ODIR-5K\Training Images\4590_left.jpg,1,Mild DR
4590,right,4590_right.jpg,C:\Users\sures\.cache\kagglehub\datasets\andrewmvd\ocular-disease-recognition-odir5k\versions\2\ODIR-5K\ODIR-5K\Training Images\4590_right.jpg,0,No DR
4593,left,4593_left.jpg,C:\Users\sures\.cache\kagglehub\datasets\andrewmvd\ocular-disease-recognition-odir5k\versions\2\ODIR-5K\ODIR-5K\Training Images\4593_left.jpg,3,Severe DR
4593,right,4593_right.jpg,C:\Users\sures\.cache\kagglehub\datasets\andrewmvd\ocular-disease-recognition-odir5k\versions\2\ODIR-5K\ODIR-5K\Training Images\4593_right.jpg,2,Moderate DR
4597,left,4597_left.jpg,C:\Users\sures\.cache\kagglehub\datasets\andrewmvd\ocular-disease-recognition-odir5k\versions\2\ODIR-5K\ODIR-5K\Training Images\4597_left.jpg,2,Moderate DR
4597,right,4597_right.jpg,C:\Users\sures\.cache\kagglehub\datasets\andrewmvd\ocular-disease-recognition-odir5k\versions\2\ODIR-5K\ODIR-5K\Training Images\4597_right.jpg,2,Moderate DR
4599,left,4599_left.jpg,C:\Users\sures\.cache\kagglehub\datasets\andrewmvd\ocular-disease-recognition-odir5k\versions\2\ODIR-5K\ODIR-5K\Training Images\4599_left.jpg,2,Moderate DR
4599,right,4599_right.jpg,C:\Users\sures\.cache\kagglehub\datasets\andrewmvd\ocular-disease-recognition-odir5k\versions\2\ODIR-5K\ODIR-5K\Training Images\4599_right.jpg,2,Moderate DR
4603,left,4603_left.jpg,C:\Users\sures\.cache\kagglehub\datasets\andrewmvd\ocular-disease-recognition-odir5k\versions\2\ODIR-5K\ODIR-5K\Training Images\4603_left.jpg,3,Severe DR
4603,right,4603_right.jpg,C:\Users\sures\.cache\kagglehub\datasets\andrewmvd\ocular-disease-recognition-odir5k\versions\2\ODIR-5K\ODIR-5K\Training Images\4603_right.jpg,3,Severe DR
4604,left,4604_left.jpg,C:\Users\sures\.cache\kagglehub\datasets\andrewmvd\ocular-disease-recognition-odir5k\versions\2\ODIR-5K\ODIR-5K\Training Images\4604_left.jpg,1,Mild DR
4604,right,4604_right.jpg,C:\Users\sures\.cache\kagglehub\datasets\andrewmvd\ocular-disease-recognition-odir5k\versions\2\ODIR-5K\ODIR-5K\Training Images\4604_right.jpg,1,Mild DR
4605,left,4605_left.jpg,C:\Users\sures\.cache\kagglehub\datasets\andrewmvd\ocular-disease-recognition-odir5k\versions\2\ODIR-5K\ODIR-5K\Training Images\4605_left.jpg,2,Moderate DR
4605,right,4605_right.jpg,C:\Users\sures\.cache\kagglehub\datasets\andrewmvd\ocular-disease-recognition-odir5k\versions\2\ODIR-5K\ODIR-5K\Training Images\4605_right.jpg,2,Moderate DR
4607,left,4607_left.jpg,C:\Users\sures\.cache\kagglehub\datasets\andrewmvd\ocular-disease-recognition-odir5k\versions\2\ODIR-5K\ODIR-5K\Training Images\4607_left.jpg,1,Mild DR
4607,right,4607_right.jpg,C:\Users\sures\.cache\kagglehub\datasets\andrewmvd\ocular-disease-recognition-odir5k\versions\2\ODIR-5K\ODIR-5K\Training Images\4607_right.jpg,1,Mild DR
4610,left,4610_left.jpg,C:\Users\sures\.cache\kagglehub\datasets\andrewmvd\ocular-disease-recognition-odir5k\versions\2\ODIR-5K\ODIR-5K\Training Images\4610_left.jpg,1,Mild DR
4610,right,4610_right.jpg,C:\Users\sures\.cache\kagglehub\datasets\andrewmvd\ocular-disease-recognition-odir5k\versions\2\ODIR-5K\ODIR-5K\Training Images\4610_right.jpg,2,Moderate DR
4611,left,4611_left.jpg,C:\Users\sures\.cache\kagglehub\datasets\andrewmvd\ocular-disease-recognition-odir5k\versions\2\ODIR-5K\ODIR-5K\Training Images\4611_left.jpg,2,Moderate DR
4611,right,4611_right.jpg,C:\Users\sures\.cache\kagglehub\datasets\andrewmvd\ocular-disease-recognition-odir5k\versions\2\ODIR-5K\ODIR-5K\Training Images\4611_right.jpg,2,Moderate DR
4612,left,4612_left.jpg,C:\Users\sures\.cache\kagglehub\datasets\andrewmvd\ocular-disease-recognition-odir5k\versions\2\ODIR-5K\ODIR-5K\Training Images\4612_left.jpg,2,Moderate DR
4612,right,4612_right.jpg,C:\Users\sures\.cache\kagglehub\datasets\andrewmvd\ocular-disease-recognition-odir5k\versions\2\ODIR-5K\ODIR-5K\Training Images\4612_right.jpg,2,Moderate DR
4613,left,4613_left.jpg,C:\Users\sures\.cache\kagglehub\datasets\andrewmvd\ocular-disease-recognition-odir5k\versions\2\ODIR-5K\ODIR-5K\Training Images\4613_left.jpg,2,Moderate DR
4613,right,4613_right.jpg,C:\Users\sures\.cache\kagglehub\datasets\andrewmvd\ocular-disease-recognition-odir5k\versions\2\ODIR-5K\ODIR-5K\Training Images\4613_right.jpg,2,Moderate DR
4614,left,4614_left.jpg,C:\Users\sures\.cache\kagglehub\datasets\andrewmvd\ocular-disease-recognition-odir5k\versions\2\ODIR-5K\ODIR-5K\Training Images\4614_left.jpg,0,No DR
4614,right,4614_right.jpg,C:\Users\sures\.cache\kagglehub\datasets\andrewmvd\ocular-disease-recognition-odir5k\versions\2\ODIR-5K\ODIR-5K\Training Images\4614_right.jpg,1,Mild DR
4615,left,4615_left.jpg,C:\Users\sures\.cache\kagglehub\datasets\andrewmvd\ocular-disease-recognition-odir5k\versions\2\ODIR-5K\ODIR-5K\Training Images\4615_left.jpg,2,Moderate DR
4615,right,4615_right.jpg,C:\Users\sures\.cache\kagglehub\datasets\andrewmvd\ocular-disease-recognition-odir5k\versions\2\ODIR-5K\ODIR-5K\Training Images\4615_right.jpg,3,Severe DR
4616,left,4616_left.jpg,C:\Users\sures\.cache\kagglehub\datasets\andrewmvd\ocular-disease-recognition-odir5k\versions\2\ODIR-5K\ODIR-5K\Training Images\4616_left.jpg,1,Mild DR
4616,right,4616_right.jpg,C:\Users\sures\.cache\kagglehub\datasets\andrewmvd\ocular-disease-recognition-odir5k\versions\2\ODIR-5K\ODIR-5K\Training Images\4616_right.jpg,1,Mild DR
4617,left,4617_left.jpg,C:\Users\sures\.cache\kagglehub\datasets\andrewmvd\ocular-disease-recognition-odir5k\versions\2\ODIR-5K\ODIR-5K\Training Images\4617_left.jpg,1,Mild DR
4617,right,4617_right.jpg,C:\Users\sures\.cache\kagglehub\datasets\andrewmvd\ocular-disease-recognition-odir5k\versions\2\ODIR-5K\ODIR-5K\Training Images\4617_right.jpg,1,Mild DR
4619,left,4619_left.jpg,C:\Users\sures\.cache\kagglehub\datasets\andrewmvd\ocular-disease-recognition-odir5k\versions\2\ODIR-5K\ODIR-5K\Training Images\4619_left.jpg,2,Moderate DR
4619,right,4619_right.jpg,C:\Users\sures\.cache\kagglehub\datasets\andrewmvd\ocular-disease-recognition-odir5k\versions\2\ODIR-5K\ODIR-5K\Training Images\4619_right.jpg,2,Moderate DR
4620,left,4620_left.jpg,C:\Users\sures\.cache\kagglehub\datasets\andrewmvd\ocular-disease-recognition-odir5k\versions\2\ODIR-5K\ODIR-5K\Training Images\4620_left.jpg,3,Severe DR
4620,right,4620_right.jpg,C:\Users\sures\.cache\kagglehub\datasets\andrewmvd\ocular-disease-recognition-odir5k\versions\2\ODIR-5K\ODIR-5K\Training Images\4620_right.jpg,3,Severe DR
4621,left,4621_left.jpg,C:\Users\sures\.cache\kagglehub\datasets\andrewmvd\ocular-disease-recognition-odir5k\versions\2\ODIR-5K\ODIR-5K\Training Images\4621_left.jpg,0,No DR
4621,right,4621_right.jpg,C:\Users\sures\.cache\kagglehub\datasets\andrewmvd\ocular-disease-recognition-odir5k\versions\2\ODIR-5K\ODIR-5K\Training Images\4621_right.jpg,1,Mild DR
4622,left,4622_left.jpg,C:\Users\sures\.cache\kagglehub\datasets\andrewmvd\ocular-disease-recognition-odir5k\versions\2\ODIR-5K\ODIR-5K\Training Images\4622_left.jpg,1,Mild DR
4622,right,4622_right.jpg,C:\Users\sures\.cache\kagglehub\datasets\andrewmvd\ocular-disease-recognition-odir5k\versions\2\ODIR-5K\ODIR-5K\Training Images\4622_right.jpg,1,Mild DR
4623,left,4623_left.jpg,C:\Users\sures\.cache\kagglehub\datasets\andrewmvd\ocular-disease-recognition-odir5k\versions\2\ODIR-5K\ODIR-5K\Training Images\4623_left.jpg,3,Severe DR
4623,right,4623_right.jpg,C:\Users\sures\.cache\kagglehub\datasets\andrewmvd\ocular-disease-recognition-odir5k\versions\2\ODIR-5K\ODIR-5K\Training Images\4623_right.jpg,3,Severe DR
4626,left,4626_left.jpg,C:\Users\sures\.cache\kagglehub\datasets\andrewmvd\ocular-disease-recognition-odir5k\versions\2\ODIR-5K\ODIR-5K\Training Images\4626_left.jpg,2,Moderate DR
4626,right,4626_right.jpg,C:\Users\sures\.cache\kagglehub\datasets\andrewmvd\ocular-disease-recognition-odir5k\versions\2\ODIR-5K\ODIR-5K\Training Images\4626_right.jpg,0,No DR
4627,left,4627_left.jpg,C:\Users\sures\.cache\kagglehub\datasets\andrewmvd\ocular-disease-recognition-odir5k\versions\2\ODIR-5K\ODIR-5K\Training Images\4627_left.jpg,1,Mild DR
4627,right,4627_right.jpg,C:\Users\sures\.cache\kagglehub\datasets\andrewmvd\ocular-disease-recognition-odir5k\versions\2\ODIR-5K\ODIR-5K\Training Images\4627_right.jpg,1,Mild DR
4628,left,4628_left.jpg,C:\Users\sures\.cache\kagglehub\datasets\andrewmvd\ocular-disease-recognition-odir5k\versions\2\ODIR-5K\ODIR-5K\Training Images\4628_left.jpg,1,Mild DR
4628,right,4628_right.jpg,C:\Users\sures\.cache\kagglehub\datasets\andrewmvd\ocular-disease-recognition-odir5k\versions\2\ODIR-5K\ODIR-5K\Training Images\4628_right.jpg,1,Mild DR
4630,left,4630_left.jpg,C:\Users\sures\.cache\kagglehub\datasets\andrewmvd\ocular-disease-recognition-odir5k\versions\2\ODIR-5K\ODIR-5K\Training Images\4630_left.jpg,2,Moderate DR
4630,right,4630_right.jpg,C:\Users\sures\.cache\kagglehub\datasets\andrewmvd\ocular-disease-recognition-odir5k\versions\2\ODIR-5K\ODIR-5K\Training Images\4630_right.jpg,2,Moderate DR
4631,left,4631_left.jpg,C:\Users\sures\.cache\kagglehub\datasets\andrewmvd\ocular-disease-recognition-odir5k\versions\2\ODIR-5K\ODIR-5K\Training Images\4631_left.jpg,3,Severe DR
4631,right,4631_right.jpg,C:\Users\sures\.cache\kagglehub\datasets\andrewmvd\ocular-disease-recognition-odir5k\versions\2\ODIR-5K\ODIR-5K\Training Images\4631_right.jpg,4,Proliferative DR
4632,left,4632_left.jpg,C:\Users\sures\.cache\kagglehub\datasets\andrewmvd\ocular-disease-recognition-odir5k\versions\2\ODIR-5K\ODIR-5K\Training Images\4632_left.jpg,3,Severe DR
4632,right,4632_right.jpg,C:\Users\sures\.cache\kagglehub\datasets\andrewmvd\ocular-disease-recognition-odir5k\versions\2\ODIR-5K\ODIR-5K\Training Images\4632_right.jpg,3,Severe DR
4633,left,4633_left.jpg,C:\Users\sures\.cache\kagglehub\datasets\andrewmvd\ocular-disease-recognition-odir5k\versions\2\ODIR-5K\ODIR-5K\Training Images\4633_left.jpg,2,Moderate DR
4633,right,4633_right.jpg,C:\Users\sures\.cache\kagglehub\datasets\andrewmvd\ocular-disease-recognition-odir5k\versions\2\ODIR-5K\ODIR-5K\Training Images\4633_right.jpg,2,Moderate DR
4635,left,4635_left.jpg,C:\Users\sures\.cache\kagglehub\datasets\andrewmvd\ocular-disease-recognition-odir5k\versions\2\ODIR-5K\ODIR-5K\Training Images\4635_left.jpg,2,Moderate DR
4635,right,4635_right.jpg,C:\Users\sures\.cache\kagglehub\datasets\andrewmvd\ocular-disease-recognition-odir5k\versions\2\ODIR-5K\ODIR-5K\Training Images\4635_right.jpg,2,Moderate DR
4636,left,4636_left.jpg,C:\Users\sures\.cache\kagglehub\datasets\andrewmvd\ocular-disease-recognition-odir5k\versions\2\ODIR-5K\ODIR-5K\Training Images\4636_left.jpg,2,Moderate DR
4636,right,4636_right.jpg,C:\Users\sures\.cache\kagglehub\datasets\andrewmvd\ocular-disease-recognition-odir5k\versions\2\ODIR-5K\ODIR-5K\Training Images\4636_right.jpg,2,Moderate DR
4637,left,4637_left.jpg,C:\Users\sures\.cache\kagglehub\datasets\andrewmvd\ocular-disease-recognition-odir5k\versions\2\ODIR-5K\ODIR-5K\Training Images\4637_left.jpg,0,No DR
4637,right,4637_right.jpg,C:\Users\sures\.cache\kagglehub\datasets\andrewmvd\ocular-disease-recognition-odir5k\versions\2\ODIR-5K\ODIR-5K\Training Images\4637_right.jpg,0,No DR
4639,left,4639_left.jpg,C:\Users\sures\.cache\kagglehub\datasets\andrewmvd\ocular-disease-recognition-odir5k\versions\2\ODIR-5K\ODIR-5K\Training Images\4639_left.jpg,0,No DR
4639,right,4639_right.jpg,C:\Users\sures\.cache\kagglehub\datasets\andrewmvd\ocular-disease-recognition-odir5k\versions\2\ODIR-5K\ODIR-5K\Training Images\4639_right.jpg,1,Mild DR
4640,left,4640_left.jpg,C:\Users\sures\.cache\kagglehub\datasets\andrewmvd\ocular-disease-recognition-odir5k\versions\2\ODIR-5K\ODIR-5K\Training Images\4640_left.jpg,2,Moderate DR
4640,right,4640_right.jpg,C:\Users\sures\.cache\kagglehub\datasets\andrewmvd\ocular-disease-recognition-odir5k\versions\2\ODIR-5K\ODIR-5K\Training Images\4640_right.jpg,1,Mild DR
4641,left,4641_left.jpg,C:\Users\sures\.cache\kagglehub\datasets\andrewmvd\ocular-disease-recognition-odir5k\versions\2\ODIR-5K\ODIR-5K\Training Images\4641_left.jpg,0,No DR
4641,right,4641_right.jpg,C:\Users\sures\.cache\kagglehub\datasets\andrewmvd\ocular-disease-recognition-odir5k\versions\2\ODIR-5K\ODIR-5K\Training Images\4641_right.jpg,1,Mild DR
4644,left,4644_left.jpg,C:\Users\sures\.cache\kagglehub\datasets\andrewmvd\ocular-disease-recognition-odir5k\versions\2\ODIR-5K\ODIR-5K\Training Images\4644_left.jpg,1,Mild DR
4644,right,4644_right.jpg,C:\Users\sures\.cache\kagglehub\datasets\andrewmvd\ocular-disease-recognition-odir5k\versions\2\ODIR-5K\ODIR-5K\Training Images\4644_right.jpg,0,No DR
4647,left,4647_left.jpg,C:\Users\sures\.cache\kagglehub\datasets\andrewmvd\ocular-disease-recognition-odir5k\versions\2\ODIR-5K\ODIR-5K\Training Images\4647_left.jpg,3,Severe DR
4647,right,4647_right.jpg,C:\Users\sures\.cache\kagglehub\datasets\andrewmvd\ocular-disease-recognition-odir5k\versions\2\ODIR-5K\ODIR-5K\Training Images\4647_right.jpg,3,Severe DR
4650,left,4650_left.jpg,C:\Users\sures\.cache\kagglehub\datasets\andrewmvd\ocular-disease-recognition-odir5k\versions\2\ODIR-5K\ODIR-5K\Training Images\4650_left.jpg,2,Moderate DR
4650,right,4650_right.jpg,C:\Users\sures\.cache\kagglehub\datasets\andrewmvd\ocular-disease-recognition-odir5k\versions\2\ODIR-5K\ODIR-5K\Training Images\4650_right.jpg,2,Moderate DR
4651,left,4651_left.jpg,C:\Users\sures\.cache\kagglehub\datasets\andrewmvd\ocular-disease-recognition-odir5k\versions\2\ODIR-5K\ODIR-5K\Training Images\4651_left.jpg,2,Moderate DR
4651,right,4651_right.jpg,C:\Users\sures\.cache\kagglehub\datasets\andrewmvd\ocular-disease-recognition-odir5k\versions\2\ODIR-5K\ODIR-5K\Training Images\4651_right.jpg,2,Moderate DR
4655,left,4655_left.jpg,C:\Users\sures\.cache\kagglehub\datasets\andrewmvd\ocular-disease-recognition-odir5k\versions\2\ODIR-5K\ODIR-5K\Training Images\4655_left.jpg,1,Mild DR
4655,right,4655_right.jpg,C:\Users\sures\.cache\kagglehub\datasets\andrewmvd\ocular-disease-recognition-odir5k\versions\2\ODIR-5K\ODIR-5K\Training Images\4655_right.jpg,1,Mild DR
4657,left,4657_left.jpg,C:\Users\sures\.cache\kagglehub\datasets\andrewmvd\ocular-disease-recognition-odir5k\versions\2\ODIR-5K\ODIR-5K\Training Images\4657_left.jpg,1,Mild DR
4657,right,4657_right.jpg,C:\Users\sures\.cache\kagglehub\datasets\andrewmvd\ocular-disease-recognition-odir5k\versions\2\ODIR-5K\ODIR-5K\Training Images\4657_right.jpg,1,Mild DR
4658,left,4658_left.jpg,C:\Users\sures\.cache\kagglehub\datasets\andrewmvd\ocular-disease-recognition-odir5k\versions\2\ODIR-5K\ODIR-5K\Training Images\4658_left.jpg,2,Moderate DR
4658,right,4658_right.jpg,C:\Users\sures\.cache\kagglehub\datasets\andrewmvd\ocular-disease-recognition-odir5k\versions\2\ODIR-5K\ODIR-5K\Training Images\4658_right.jpg,2,Moderate DR
4660,left,4660_left.jpg,C:\Users\sures\.cache\kagglehub\datasets\andrewmvd\ocular-disease-recognition-odir5k\versions\2\ODIR-5K\ODIR-5K\Training Images\4660_left.jpg,1,Mild DR
4660,right,4660_right.jpg,C:\Users\sures\.cache\kagglehub\datasets\andrewmvd\ocular-disease-recognition-odir5k\versions\2\ODIR-5K\ODIR-5K\Training Images\4660_right.jpg,0,No DR
4669,left,4669_left.jpg,C:\Users\sures\.cache\kagglehub\datasets\andrewmvd\ocular-disease-recognition-odir5k\versions\2\ODIR-5K\ODIR-5K\Training Images\4669_left.jpg,3,Severe DR
4669,right,4669_right.jpg,C:\Users\sures\.cache\kagglehub\datasets\andrewmvd\ocular-disease-recognition-odir5k\versions\2\ODIR-5K\ODIR-5K\Training Images\4669_right.jpg,2,Moderate DR
4670,left,4670_left.jpg,C:\Users\sures\.cache\kagglehub\datasets\andrewmvd\ocular-disease-recognition-odir5k\versions\2\ODIR-5K\ODIR-5K\Training Images\4670_left.jpg,1,Mild DR
4670,right,4670_right.jpg,C:\Users\sures\.cache\kagglehub\datasets\andrewmvd\ocular-disease-recognition-odir5k\versions\2\ODIR-5K\ODIR-5K\Training Images\4670_right.jpg,2,Moderate DR
4672,left,4672_left.jpg,C:\Users\sures\.cache\kagglehub\datasets\andrewmvd\ocular-disease-recognition-odir5k\versions\2\ODIR-5K\ODIR-5K\Training Images\4672_left.jpg,0,No DR
4672,right,4672_right.jpg,C:\Users\sures\.cache\kagglehub\datasets\andrewmvd\ocular-disease-recognition-odir5k\versions\2\ODIR-5K\ODIR-5K\Training Images\4672_right.jpg,1,Mild DR
4673,left,4673_left.jpg,C:\Users\sures\.cache\kagglehub\datasets\andrewmvd\ocular-disease-recognition-odir5k\versions\2\ODIR-5K\ODIR-5K\Training Images\4673_left.jpg,2,Moderate DR
4673,right,4673_right.jpg,C:\Users\sures\.cache\kagglehub\datasets\andrewmvd\ocular-disease-recognition-odir5k\versions\2\ODIR-5K\ODIR-5K\Training Images\4673_right.jpg,2,Moderate DR
4678,left,4678_left.jpg,C:\Users\sures\.cache\kagglehub\datasets\andrewmvd\ocular-disease-recognition-odir5k\versions\2\ODIR-5K\ODIR-5K\Training Images\4678_left.jpg,1,Mild DR
4678,right,4678_right.jpg,C:\Users\sures\.cache\kagglehub\datasets\andrewmvd\ocular-disease-recognition-odir5k\versions\2\ODIR-5K\ODIR-5K\Training Images\4678_right.jpg,1,Mild DR
4679,left,4679_left.jpg,C:\Users\sures\.cache\kagglehub\datasets\andrewmvd\ocular-disease-recognition-odir5k\versions\2\ODIR-5K\ODIR-5K\Training Images\4679_left.jpg,2,Moderate DR
4679,right,4679_right.jpg,C:\Users\sures\.cache\kagglehub\datasets\andrewmvd\ocular-disease-recognition-odir5k\versions\2\ODIR-5K\ODIR-5K\Training Images\4679_right.jpg,2,Moderate DR
4682,left,4682_left.jpg,C:\Users\sures\.cache\kagglehub\datasets\andrewmvd\ocular-disease-recognition-odir5k\versions\2\ODIR-5K\ODIR-5K\Training Images\4682_left.jpg,1,Mild DR
4682,right,4682_right.jpg,C:\Users\sures\.cache\kagglehub\datasets\andrewmvd\ocular-disease-recognition-odir5k\versions\2\ODIR-5K\ODIR-5K\Training Images\4682_right.jpg,2,Moderate DR
4683,left,4683_left.jpg,C:\Users\sures\.cache\kagglehub\datasets\andrewmvd\ocular-disease-recognition-odir5k\versions\2\ODIR-5K\ODIR-5K\Training Images\4683_left.jpg,0,No DR
4683,right,4683_right.jpg,C:\Users\sures\.cache\kagglehub\datasets\andrewmvd\ocular-disease-recognition-odir5k\versions\2\ODIR-5K\ODIR-5K\Training Images\4683_right.jpg,1,Mild DR
4686,left,4686_left.jpg,C:\Users\sures\.cache\kagglehub\datasets\andrewmvd\ocular-disease-recognition-odir5k\versions\2\ODIR-5K\ODIR-5K\Training Images\4686_left.jpg,3,Severe DR
4686,right,4686_right.jpg,C:\Users\sures\.cache\kagglehub\datasets\andrewmvd\ocular-disease-recognition-odir5k\versions\2\ODIR-5K\ODIR-5K\Training Images\4686_right.jpg,4,Proliferative DR
4688,left,4688_left.jpg,C:\Users\sures\.cache\kagglehub\datasets\andrewmvd\ocular-disease-recognition-odir5k\versions\2\ODIR-5K\ODIR-5K\Training Images\4688_left.jpg,2,Moderate DR
4688,right,4688_right.jpg,C:\Users\sures\.cache\kagglehub\datasets\andrewmvd\ocular-disease-recognition-odir5k\versions\2\ODIR-5K\ODIR-5K\Training Images\4688_right.jpg,2,Moderate DR
4689,left,4689_left.jpg,C:\Users\sures\.cache\kagglehub\datasets\andrewmvd\ocular-disease-recognition-odir5k\versions\2\ODIR-5K\ODIR-5K\Training Images\4689_left.jpg,1,Mild DR
4689,right,4689_right.jpg,C:\Users\sures\.cache\kagglehub\datasets\andrewmvd\ocular-disease-recognition-odir5k\versions\2\ODIR-5K\ODIR-5K\Training Images\4689_right.jpg,0,No DR
4690,left,4690_left.jpg,C:\Users\sures\.cache\kagglehub\datasets\andrewmvd\ocular-disease-recognition-odir5k\versions\2\ODIR-5K\ODIR-5K\Training Images\4690_left.jpg,1,Mild DR
4690,right,4690_right.jpg,C:\Users\sures\.cache\kagglehub\datasets\andrewmvd\ocular-disease-recognition-odir5k\versions\2\ODIR-5K\ODIR-5K\Training Images\4690_right.jpg,1,Mild DR
25,left,25_left.jpg,C:\Users\sures\.cache\kagglehub\datasets\andrewmvd\ocular-disease-recognition-odir5k\versions\2\ODIR-5K\ODIR-5K\Training Images\25_left.jpg,0,No DR
41,left,41_left.jpg,C:\Users\sures\.cache\kagglehub\datasets\andrewmvd\ocular-disease-recognition-odir5k\versions\2\ODIR-5K\ODIR-5K\Training Images\41_left.jpg,2,Moderate DR
41,right,41_right.jpg,C:\Users\sures\.cache\kagglehub\datasets\andrewmvd\ocular-disease-recognition-odir5k\versions\2\ODIR-5K\ODIR-5K\Training Images\41_right.jpg,2,Moderate DR
63,left,63_left.jpg,C:\Users\sures\.cache\kagglehub\datasets\andrewmvd\ocular-disease-recognition-odir5k\versions\2\ODIR-5K\ODIR-5K\Training Images\63_left.jpg,0,No DR
70,right,70_right.jpg,C:\Users\sures\.cache\kagglehub\datasets\andrewmvd\ocular-disease-recognition-odir5k\versions\2\ODIR-5K\ODIR-5K\Training Images\70_right.jpg,0,No DR
92,left,92_left.jpg,C:\Users\sures\.cache\kagglehub\datasets\andrewmvd\ocular-disease-recognition-odir5k\versions\2\ODIR-5K\ODIR-5K\Training Images\92_left.jpg,0,No DR
124,left,124_left.jpg,C:\Users\sures\.cache\kagglehub\datasets\andrewmvd\ocular-disease-recognition-odir5k\versions\2\ODIR-5K\ODIR-5K\Training Images\124_left.jpg,0,No DR
151,left,151_left.jpg,C:\Users\sures\.cache\kagglehub\datasets\andrewmvd\ocular-disease-recognition-odir5k\versions\2\ODIR-5K\ODIR-5K\Training Images\151_left.jpg,0,No DR
151,right,151_right.jpg,C:\Users\sures\.cache\kagglehub\datasets\andrewmvd\ocular-disease-recognition-odir5k\versions\2\ODIR-5K\ODIR-5K\Training Images\151_right.jpg,4,Proliferative DR
154,right,154_right.jpg,C:\Users\sures\.cache\kagglehub\datasets\andrewmvd\ocular-disease-recognition-odir5k\versions\2\ODIR-5K\ODIR-5K\Training Images\154_right.jpg,0,No DR
155,left,155_left.jpg,C:\Users\sures\.cache\kagglehub\datasets\andrewmvd\ocular-disease-recognition-odir5k\versions\2\ODIR-5K\ODIR-5K\Training Images\155_left.jpg,0,No DR
197,left,197_left.jpg,C:\Users\sures\.cache\kagglehub\datasets\andrewmvd\ocular-disease-recognition-odir5k\versions\2\ODIR-5K\ODIR-5K\Training Images\197_left.jpg,0,No DR
241,left,241_left.jpg,C:\Users\sures\.cache\kagglehub\datasets\andrewmvd\ocular-disease-recognition-odir5k\versions\2\ODIR-5K\ODIR-5K\Training Images\241_left.jpg,0,No DR
267,left,267_left.jpg,C:\Users\sures\.cache\kagglehub\datasets\andrewmvd\ocular-disease-recognition-odir5k\versions\2\ODIR-5K\ODIR-5K\Training Images\267_left.jpg,1,Mild DR
267,right,267_right.jpg,C:\Users\sures\.cache\kagglehub\datasets\andrewmvd\ocular-disease-recognition-odir5k\versions\2\ODIR-5K\ODIR-5K\Training Images\267_right.jpg,0,No DR
290,left,290_left.jpg,C:\Users\sures\.cache\kagglehub\datasets\andrewmvd\ocular-disease-recognition-odir5k\versions\2\ODIR-5K\ODIR-5K\Training Images\290_left.jpg,0,No DR
307,left,307_left.jpg,C:\Users\sures\.cache\kagglehub\datasets\andrewmvd\ocular-disease-recognition-odir5k\versions\2\ODIR-5K\ODIR-5K\Training Images\307_left.jpg,0,No DR
317,left,317_left.jpg,C:\Users\sures\.cache\kagglehub\datasets\andrewmvd\ocular-disease-recognition-odir5k\versions\2\ODIR-5K\ODIR-5K\Training Images\317_left.jpg,0,No DR
320,left,320_left.jpg,C:\Users\sures\.cache\kagglehub\datasets\andrewmvd\ocular-disease-recognition-odir5k\versions\2\ODIR-5K\ODIR-5K\Training Images\320_left.jpg,1,Mild DR
328,left,328_left.jpg,C:\Users\sures\.cache\kagglehub\datasets\andrewmvd\ocular-disease-recognition-odir5k\versions\2\ODIR-5K\ODIR-5K\Training Images\328_left.jpg,2,Moderate DR
328,right,328_right.jpg,C:\Users\sures\.cache\kagglehub\datasets\andrewmvd\ocular-disease-recognition-odir5k\versions\2\ODIR-5K\ODIR-5K\Training Images\328_right.jpg,2,Moderate DR
346,left,346_left.jpg,C:\Users\sures\.cache\kagglehub\datasets\andrewmvd\ocular-disease-recognition-odir5k\versions\2\ODIR-5K\ODIR-5K\Training Images\346_left.jpg,0,No DR
362,left,362_left.jpg,C:\Users\sures\.cache\kagglehub\datasets\andrewmvd\ocular-disease-recognition-odir5k\versions\2\ODIR-5K\ODIR-5K\Training Images\362_left.jpg,0,No DR
395,right,395_right.jpg,C:\Users\sures\.cache\kagglehub\datasets\andrewmvd\ocular-disease-recognition-odir5k\versions\2\ODIR-5K\ODIR-5K\Training Images\395_right.jpg,0,No DR
429,left,429_left.jpg,C:\Users\sures\.cache\kagglehub\datasets\andrewmvd\ocular-disease-recognition-odir5k\versions\2\ODIR-5K\ODIR-5K\Training Images\429_left.jpg,0,No DR
432,left,432_left.jpg,C:\Users\sures\.cache\kagglehub\datasets\andrewmvd\ocular-disease-recognition-odir5k\versions\2\ODIR-5K\ODIR-5K\Training Images\432_left.jpg,0,No DR
459,left,459_left.jpg,C:\Users\sures\.cache\kagglehub\datasets\andrewmvd\ocular-disease-recognition-odir5k\versions\2\ODIR-5K\ODIR-5K\Training Images\459_left.jpg,0,No DR
467,left,467_left.jpg,C:\Users\sures\.cache\kagglehub\datasets\andrewmvd\ocular-disease-recognition-odir5k\versions\2\ODIR-5K\ODIR-5K\Training Images\467_left.jpg,0,No DR
467,right,467_right.jpg,C:\Users\sures\.cache\kagglehub\datasets\andrewmvd\ocular-disease-recognition-odir5k\versions\2\ODIR-5K\ODIR-5K\Training Images\467_right.jpg,2,Moderate DR
493,left,493_left.jpg,C:\Users\sures\.cache\kagglehub\datasets\andrewmvd\ocular-disease-recognition-odir5k\versions\2\ODIR-5K\ODIR-5K\Training Images\493_left.jpg,2,Moderate DR
493,right,493_right.jpg,C:\Users\sures\.cache\kagglehub\datasets\andrewmvd\ocular-disease-recognition-odir5k\versions\2\ODIR-5K\ODIR-5K\Training Images\493_right.jpg,1,Mild DR
529,left,529_left.jpg,C:\Users\sures\.cache\kagglehub\datasets\andrewmvd\ocular-disease-recognition-odir5k\versions\2\ODIR-5K\ODIR-5K\Training Images\529_left.jpg,0,No DR
536,left,536_left.jpg,C:\Users\sures\.cache\kagglehub\datasets\andrewmvd\ocular-disease-recognition-odir5k\versions\2\ODIR-5K\ODIR-5K\Training Images\536_left.jpg,0,No DR
588,left,588_left.jpg,C:\Users\sures\.cache\kagglehub\datasets\andrewmvd\ocular-disease-recognition-odir5k\versions\2\ODIR-5K\ODIR-5K\Training Images\588_left.jpg,0,No DR
595,left,595_left.jpg,C:\Users\sures\.cache\kagglehub\datasets\andrewmvd\ocular-disease-recognition-odir5k\versions\2\ODIR-5K\ODIR-5K\Training Images\595_left.jpg,2,Moderate DR
595,right,595_right.jpg,C:\Users\sures\.cache\kagglehub\datasets\andrewmvd\ocular-disease-recognition-odir5k\versions\2\ODIR-5K\ODIR-5K\Training Images\595_right.jpg,2,Moderate DR
600,left,600_left.jpg,C:\Users\sures\.cache\kagglehub\datasets\andrewmvd\ocular-disease-recognition-odir5k\versions\2\ODIR-5K\ODIR-5K\Training Images\600_left.jpg,1,Mild DR
600,right,600_right.jpg,C:\Users\sures\.cache\kagglehub\datasets\andrewmvd\ocular-disease-recognition-odir5k\versions\2\ODIR-5K\ODIR-5K\Training Images\600_right.jpg,2,Moderate DR
658,left,658_left.jpg,C:\Users\sures\.cache\kagglehub\datasets\andrewmvd\ocular-disease-recognition-odir5k\versions\2\ODIR-5K\ODIR-5K\Training Images\658_left.jpg,0,No DR
659,right,659_right.jpg,C:\Users\sures\.cache\kagglehub\datasets\andrewmvd\ocular-disease-recognition-odir5k\versions\2\ODIR-5K\ODIR-5K\Training Images\659_right.jpg,0,No DR
736,left,736_left.jpg,C:\Users\sures\.cache\kagglehub\datasets\andrewmvd\ocular-disease-recognition-odir5k\versions\2\ODIR-5K\ODIR-5K\Training Images\736_left.jpg,0,No DR
757,left,757_left.jpg,C:\Users\sures\.cache\kagglehub\datasets\andrewmvd\ocular-disease-recognition-odir5k\versions\2\ODIR-5K\ODIR-5K\Training Images\757_left.jpg,2,Moderate DR
770,left,770_left.jpg,C:\Users\sures\.cache\kagglehub\datasets\andrewmvd\ocular-disease-recognition-odir5k\versions\2\ODIR-5K\ODIR-5K\Training Images\770_left.jpg,0,No DR
804,left,804_left.jpg,C:\Users\sures\.cache\kagglehub\datasets\andrewmvd\ocular-disease-recognition-odir5k\versions\2\ODIR-5K\ODIR-5K\Training Images\804_left.jpg,0,No DR
806,left,806_left.jpg,C:\Users\sures\.cache\kagglehub\datasets\andrewmvd\ocular-disease-recognition-odir5k\versions\2\ODIR-5K\ODIR-5K\Training Images\806_left.jpg,1,Mild DR
817,left,817_left.jpg,C:\Users\sures\.cache\kagglehub\datasets\andrewmvd\ocular-disease-recognition-odir5k\versions\2\ODIR-5K\ODIR-5K\Training Images\817_left.jpg,1,Mild DR
827,left,827_left.jpg,C:\Users\sures\.cache\kagglehub\datasets\andrewmvd\ocular-disease-recognition-odir5k\versions\2\ODIR-5K\ODIR-5K\Training Images\827_left.jpg,0,No DR
830,right,830_right.jpg,C:\Users\sures\.cache\kagglehub\datasets\andrewmvd\ocular-disease-recognition-odir5k\versions\2\ODIR-5K\ODIR-5K\Training Images\830_right.jpg,1,Mild DR
836,left,836_left.jpg,C:\Users\sures\.cache\kagglehub\datasets\andrewmvd\ocular-disease-recognition-odir5k\versions\2\ODIR-5K\ODIR-5K\Training Images\836_left.jpg,2,Moderate DR
836,right,836_right.jpg,C:\Users\sures\.cache\kagglehub\datasets\andrewmvd\ocular-disease-recognition-odir5k\versions\2\ODIR-5K\ODIR-5K\Training Images\836_right.jpg,1,Mild DR
839,left,839_left.jpg,C:\Users\sures\.cache\kagglehub\datasets\andrewmvd\ocular-disease-recognition-odir5k\versions\2\ODIR-5K\ODIR-5K\Training Images\839_left.jpg,1,Mild DR
842,left,842_left.jpg,C:\Users\sures\.cache\kagglehub\datasets\andrewmvd\ocular-disease-recognition-odir5k\versions\2\ODIR-5K\ODIR-5K\Training Images\842_left.jpg,1,Mild DR
866,left,866_left.jpg,C:\Users\sures\.cache\kagglehub\datasets\andrewmvd\ocular-disease-recognition-odir5k\versions\2\ODIR-5K\ODIR-5K\Training Images\866_left.jpg,0,No DR
867,right,867_right.jpg,C:\Users\sures\.cache\kagglehub\datasets\andrewmvd\ocular-disease-recognition-odir5k\versions\2\ODIR-5K\ODIR-5K\Training Images\867_right.jpg,0,No DR
900,left,900_left.jpg,C:\Users\sures\.cache\kagglehub\datasets\andrewmvd\ocular-disease-recognition-odir5k\versions\2\ODIR-5K\ODIR-5K\Training Images\900_left.jpg,0,No DR
914,left,914_left.jpg,C:\Users\sures\.cache\kagglehub\datasets\andrewmvd\ocular-disease-recognition-odir5k\versions\2\ODIR-5K\ODIR-5K\Training Images\914_left.jpg,2,Moderate DR
914,right,914_right.jpg,C:\Users\sures\.cache\kagglehub\datasets\andrewmvd\ocular-disease-recognition-odir5k\versions\2\ODIR-5K\ODIR-5K\Training Images\914_right.jpg,2,Moderate DR
915,left,915_left.jpg,C:\Users\sures\.cache\kagglehub\datasets\andrewmvd\ocular-disease-recognition-odir5k\versions\2\ODIR-5K\ODIR-5K\Training Images\915_left.jpg,0,No DR
920,left,920_left.jpg,C:\Users\sures\.cache\kagglehub\datasets\andrewmvd\ocular-disease-recognition-odir5k\versions\2\ODIR-5K\ODIR-5K\Training Images\920_left.jpg,2,Moderate DR
920,right,920_right.jpg,C:\Users\sures\.cache\kagglehub\datasets\andrewmvd\ocular-disease-recognition-odir5k\versions\2\ODIR-5K\ODIR-5K\Training Images\920_right.jpg,2,Moderate DR
944,left,944_left.jpg,C:\Users\sures\.cache\kagglehub\datasets\andrewmvd\ocular-disease-recognition-odir5k\versions\2\ODIR-5K\ODIR-5K\Training Images\944_left.jpg,2,Moderate DR
956,left,956_left.jpg,C:\Users\sures\.cache\kagglehub\datasets\andrewmvd\ocular-disease-recognition-odir5k\versions\2\ODIR-5K\ODIR-5K\Training Images\956_left.jpg,2,Moderate DR
969,right,969_right.jpg,C:\Users\sures\.cache\kagglehub\datasets\andrewmvd\ocular-disease-recognition-odir5k\versions\2\ODIR-5K\ODIR-5K\Training Images\969_right.jpg,0,No DR
975,left,975_left.jpg,C:\Users\sures\.cache\kagglehub\datasets\andrewmvd\ocular-disease-recognition-odir5k\versions\2\ODIR-5K\ODIR-5K\Training Images\975_left.jpg,0,No DR
984,left,984_left.jpg,C:\Users\sures\.cache\kagglehub\datasets\andrewmvd\ocular-disease-recognition-odir5k\versions\2\ODIR-5K\ODIR-5K\Training Images\984_left.jpg,0,No DR
994,left,994_left.jpg,C:\Users\sures\.cache\kagglehub\datasets\andrewmvd\ocular-disease-recognition-odir5k\versions\2\ODIR-5K\ODIR-5K\Training Images\994_left.jpg,0,No DR
1089,left,1089_left.jpg,C:\Users\sures\.cache\kagglehub\datasets\andrewmvd\ocular-disease-recognition-odir5k\versions\2\ODIR-5K\ODIR-5K\Training Images\1089_left.jpg,0,No DR
1123,left,1123_left.jpg,C:\Users\sures\.cache\kagglehub\datasets\andrewmvd\ocular-disease-recognition-odir5k\versions\2\ODIR-5K\ODIR-5K\Training Images\1123_left.jpg,0,No DR
1137,left,1137_left.jpg,C:\Users\sures\.cache\kagglehub\datasets\andrewmvd\ocular-disease-recognition-odir5k\versions\2\ODIR-5K\ODIR-5K\Training Images\1137_left.jpg,0,No DR
1162,left,1162_left.jpg,C:\Users\sures\.cache\kagglehub\datasets\andrewmvd\ocular-disease-recognition-odir5k\versions\2\ODIR-5K\ODIR-5K\Training Images\1162_left.jpg,0,No DR
1228,left,1228_left.jpg,C:\Users\sures\.cache\kagglehub\datasets\andrewmvd\ocular-disease-recognition-odir5k\versions\2\ODIR-5K\ODIR-5K\Training Images\1228_left.jpg,1,Mild DR
1228,right,1228_right.jpg,C:\Users\sures\.cache\kagglehub\datasets\andrewmvd\ocular-disease-recognition-odir5k\versions\2\ODIR-5K\ODIR-5K\Training Images\1228_right.jpg,1,Mild DR
1274,left,1274_left.jpg,C:\Users\sures\.cache\kagglehub\datasets\andrewmvd\ocular-disease-recognition-odir5k\versions\2\ODIR-5K\ODIR-5K\Training Images\1274_left.jpg,0,No DR
1442,left,1442_left.jpg,C:\Users\sures\.cache\kagglehub\datasets\andrewmvd\ocular-disease-recognition-odir5k\versions\2\ODIR-5K\ODIR-5K\Training Images\1442_left.jpg,1,Mild DR
1965,left,1965_left.jpg,C:\Users\sures\.cache\kagglehub\datasets\andrewmvd\ocular-disease-recognition-odir5k\versions\2\ODIR-5K\ODIR-5K\Training Images\1965_left.jpg,2,Moderate DR
1965,right,1965_right.jpg,C:\Users\sures\.cache\kagglehub\datasets\andrewmvd\ocular-disease-recognition-odir5k\versions\2\ODIR-5K\ODIR-5K\Training Images\1965_right.jpg,2,Moderate DR
2010,left,2010_left.jpg,C:\Users\sures\.cache\kagglehub\datasets\andrewmvd\ocular-disease-recognition-odir5k\versions\2\ODIR-5K\ODIR-5K\Training Images\2010_left.jpg,2,Moderate DR
2010,right,2010_right.jpg,C:\Users\sures\.cache\kagglehub\datasets\andrewmvd\ocular-disease-recognition-odir5k\versions\2\ODIR-5K\ODIR-5K\Training Images\2010_right.jpg,0,No DR
2107,right,2107_right.jpg,C:\Users\sures\.cache\kagglehub\datasets\andrewmvd\ocular-disease-recognition-odir5k\versions\2\ODIR-5K\ODIR-5K\Training Images\2107_right.jpg,2,Moderate DR
2159,right,2159_right.jpg,C:\Users\sures\.cache\kagglehub\datasets\andrewmvd\ocular-disease-recognition-odir5k\versions\2\ODIR-5K\ODIR-5K\Training Images\2159_right.jpg,0,No DR
2350,left,2350_left.jpg,C:\Users\sures\.cache\kagglehub\datasets\andrewmvd\ocular-disease-recognition-odir5k\versions\2\ODIR-5K\ODIR-5K\Training Images\2350_left.jpg,0,No DR
2350,right,2350_right.jpg,C:\Users\sures\.cache\kagglehub\datasets\andrewmvd\ocular-disease-recognition-odir5k\versions\2\ODIR-5K\ODIR-5K\Training Images\2350_right.jpg,0,No DR
2428,left,2428_left.jpg,C:\Users\sures\.cache\kagglehub\datasets\andrewmvd\ocular-disease-recognition-odir5k\versions\2\ODIR-5K\ODIR-5K\Training Images\2428_left.jpg,0,No DR
2428,right,2428_right.jpg,C:\Users\sures\.cache\kagglehub\datasets\andrewmvd\ocular-disease-recognition-odir5k\versions\2\ODIR-5K\ODIR-5K\Training Images\2428_right.jpg,0,No DR
2448,left,2448_left.jpg,C:\Users\sures\.cache\kagglehub\datasets\andrewmvd\ocular-disease-recognition-odir5k\versions\2\ODIR-5K\ODIR-5K\Training Images\2448_left.jpg,0,No DR
2448,right,2448_right.jpg,C:\Users\sures\.cache\kagglehub\datasets\andrewmvd\ocular-disease-recognition-odir5k\versions\2\ODIR-5K\ODIR-5K\Training Images\2448_right.jpg,0,No DR
2478,left,2478_left.jpg,C:\Users\sures\.cache\kagglehub\datasets\andrewmvd\ocular-disease-recognition-odir5k\versions\2\ODIR-5K\ODIR-5K\Training Images\2478_left.jpg,0,No DR
2478,right,2478_right.jpg,C:\Users\sures\.cache\kagglehub\datasets\andrewmvd\ocular-disease-recognition-odir5k\versions\2\ODIR-5K\ODIR-5K\Training Images\2478_right.jpg,0,No DR
2515,left,2515_left.jpg,C:\Users\sures\.cache\kagglehub\datasets\andrewmvd\ocular-disease-recognition-odir5k\versions\2\ODIR-5K\ODIR-5K\Training Images\2515_left.jpg,0,No DR
2515,right,2515_right.jpg,C:\Users\sures\.cache\kagglehub\datasets\andrewmvd\ocular-disease-recognition-odir5k\versions\2\ODIR-5K\ODIR-5K\Training Images\2515_right.jpg,0,No DR
2516,left,2516_left.jpg,C:\Users\sures\.cache\kagglehub\datasets\andrewmvd\ocular-disease-recognition-odir5k\versions\2\ODIR-5K\ODIR-5K\Training Images\2516_left.jpg,0,No DR
2516,right,2516_right.jpg,C:\Users\sures\.cache\kagglehub\datasets\andrewmvd\ocular-disease-recognition-odir5k\versions\2\ODIR-5K\ODIR-5K\Training Images\2516_right.jpg,0,No DR
2721,left,2721_left.jpg,C:\Users\sures\.cache\kagglehub\datasets\andrewmvd\ocular-disease-recognition-odir5k\versions\2\ODIR-5K\ODIR-5K\Training Images\2721_left.jpg,0,No DR
2721,right,2721_right.jpg,C:\Users\sures\.cache\kagglehub\datasets\andrewmvd\ocular-disease-recognition-odir5k\versions\2\ODIR-5K\ODIR-5K\Training Images\2721_right.jpg,0,No DR
2724,left,2724_left.jpg,C:\Users\sures\.cache\kagglehub\datasets\andrewmvd\ocular-disease-recognition-odir5k\versions\2\ODIR-5K\ODIR-5K\Training Images\2724_left.jpg,0,No DR
2724,right,2724_right.jpg,C:\Users\sures\.cache\kagglehub\datasets\andrewmvd\ocular-disease-recognition-odir5k\versions\2\ODIR-5K\ODIR-5K\Training Images\2724_right.jpg,0,No DR
2727,left,2727_left.jpg,C:\Users\sures\.cache\kagglehub\datasets\andrewmvd\ocular-disease-recognition-odir5k\versions\2\ODIR-5K\ODIR-5K\Training Images\2727_left.jpg,0,No DR
2727,right,2727_right.jpg,C:\Users\sures\.cache\kagglehub\datasets\andrewmvd\ocular-disease-recognition-odir5k\versions\2\ODIR-5K\ODIR-5K\Training Images\2727_right.jpg,0,No DR
2729,left,2729_left.jpg,C:\Users\sures\.cache\kagglehub\datasets\andrewmvd\ocular-disease-recognition-odir5k\versions\2\ODIR-5K\ODIR-5K\Training Images\2729_left.jpg,0,No DR
2729,right,2729_right.jpg,C:\Users\sures\.cache\kagglehub\datasets\andrewmvd\ocular-disease-recognition-odir5k\versions\2\ODIR-5K\ODIR-5K\Training Images\2729_right.jpg,0,No DR
2747,left,2747_left.jpg,C:\Users\sures\.cache\kagglehub\datasets\andrewmvd\ocular-disease-recognition-odir5k\versions\2\ODIR-5K\ODIR-5K\Training Images\2747_left.jpg,0,No DR
2747,right,2747_right.jpg,C:\Users\sures\.cache\kagglehub\datasets\andrewmvd\ocular-disease-recognition-odir5k\versions\2\ODIR-5K\ODIR-5K\Training Images\2747_right.jpg,0,No DR
2757,left,2757_left.jpg,C:\Users\sures\.cache\kagglehub\datasets\andrewmvd\ocular-disease-recognition-odir5k\versions\2\ODIR-5K\ODIR-5K\Training Images\2757_left.jpg,0,No DR
2757,right,2757_right.jpg,C:\Users\sures\.cache\kagglehub\datasets\andrewmvd\ocular-disease-recognition-odir5k\versions\2\ODIR-5K\ODIR-5K\Training Images\2757_right.jpg,0,No DR
2831,left,2831_left.jpg,C:\Users\sures\.cache\kagglehub\datasets\andrewmvd\ocular-disease-recognition-odir5k\versions\2\ODIR-5K\ODIR-5K\Training Images\2831_left.jpg,0,No DR
2831,right,2831_right.jpg,C:\Users\sures\.cache\kagglehub\datasets\andrewmvd\ocular-disease-recognition-odir5k\versions\2\ODIR-5K\ODIR-5K\Training Images\2831_right.jpg,0,No DR
2968,left,2968_left.jpg,C:\Users\sures\.cache\kagglehub\datasets\andrewmvd\ocular-disease-recognition-odir5k\versions\2\ODIR-5K\ODIR-5K\Training Images\2968_left.jpg,0,No DR
2968,right,2968_right.jpg,C:\Users\sures\.cache\kagglehub\datasets\andrewmvd\ocular-disease-recognition-odir5k\versions\2\ODIR-5K\ODIR-5K\Training Images\2968_right.jpg,0,No DR
3021,left,3021_left.jpg,C:\Users\sures\.cache\kagglehub\datasets\andrewmvd\ocular-disease-recognition-odir5k\versions\2\ODIR-5K\ODIR-5K\Training Images\3021_left.jpg,0,No DR
3021,right,3021_right.jpg,C:\Users\sures\.cache\kagglehub\datasets\andrewmvd\ocular-disease-recognition-odir5k\versions\2\ODIR-5K\ODIR-5K\Training Images\3021_right.jpg,0,No DR
3049,left,3049_left.jpg,C:\Users\sures\.cache\kagglehub\datasets\andrewmvd\ocular-disease-recognition-odir5k\versions\2\ODIR-5K\ODIR-5K\Training Images\3049_left.jpg,0,No DR
3049,right,3049_right.jpg,C:\Users\sures\.cache\kagglehub\datasets\andrewmvd\ocular-disease-recognition-odir5k\versions\2\ODIR-5K\ODIR-5K\Training Images\3049_right.jpg,0,No DR
3119,left,3119_left.jpg,C:\Users\sures\.cache\kagglehub\datasets\andrewmvd\ocular-disease-recognition-odir5k\versions\2\ODIR-5K\ODIR-5K\Training Images\3119_left.jpg,0,No DR
3119,right,3119_right.jpg,C:\Users\sures\.cache\kagglehub\datasets\andrewmvd\ocular-disease-recognition-odir5k\versions\2\ODIR-5K\ODIR-5K\Training Images\3119_right.jpg,0,No DR
3154,left,3154_left.jpg,C:\Users\sures\.cache\kagglehub\datasets\andrewmvd\ocular-disease-recognition-odir5k\versions\2\ODIR-5K\ODIR-5K\Training Images\3154_left.jpg,0,No DR
3154,right,3154_right.jpg,C:\Users\sures\.cache\kagglehub\datasets\andrewmvd\ocular-disease-recognition-odir5k\versions\2\ODIR-5K\ODIR-5K\Training Images\3154_right.jpg,0,No DR
3204,left,3204_left.jpg,C:\Users\sures\.cache\kagglehub\datasets\andrewmvd\ocular-disease-recognition-odir5k\versions\2\ODIR-5K\ODIR-5K\Training Images\3204_left.jpg,0,No DR
3204,right,3204_right.jpg,C:\Users\sures\.cache\kagglehub\datasets\andrewmvd\ocular-disease-recognition-odir5k\versions\2\ODIR-5K\ODIR-5K\Training Images\3204_right.jpg,0,No DR
3263,left,3263_left.jpg,C:\Users\sures\.cache\kagglehub\datasets\andrewmvd\ocular-disease-recognition-odir5k\versions\2\ODIR-5K\ODIR-5K\Training Images\3263_left.jpg,0,No DR
3263,right,3263_right.jpg,C:\Users\sures\.cache\kagglehub\datasets\andrewmvd\ocular-disease-recognition-odir5k\versions\2\ODIR-5K\ODIR-5K\Training Images\3263_right.jpg,0,No DR
3292,left,3292_left.jpg,C:\Users\sures\.cache\kagglehub\datasets\andrewmvd\ocular-disease-recognition-odir5k\versions\2\ODIR-5K\ODIR-5K\Training Images\3292_left.jpg,0,No DR
3292,right,3292_right.jpg,C:\Users\sures\.cache\kagglehub\datasets\andrewmvd\ocular-disease-recognition-odir5k\versions\2\ODIR-5K\ODIR-5K\Training Images\3292_right.jpg,0,No DR
3325,left,3325_left.jpg,C:\Users\sures\.cache\kagglehub\datasets\andrewmvd\ocular-disease-recognition-odir5k\versions\2\ODIR-5K\ODIR-5K\Training Images\3325_left.jpg,0,No DR
3325,right,3325_right.jpg,C:\Users\sures\.cache\kagglehub\datasets\andrewmvd\ocular-disease-recognition-odir5k\versions\2\ODIR-5K\ODIR-5K\Training Images\3325_right.jpg,0,No DR
3369,left,3369_left.jpg,C:\Users\sures\.cache\kagglehub\datasets\andrewmvd\ocular-disease-recognition-odir5k\versions\2\ODIR-5K\ODIR-5K\Training Images\3369_left.jpg,0,No DR
3369,right,3369_right.jpg,C:\Users\sures\.cache\kagglehub\datasets\andrewmvd\ocular-disease-recognition-odir5k\versions\2\ODIR-5K\ODIR-5K\Training Images\3369_right.jpg,0,No DR
3398,left,3398_left.jpg,C:\Users\sures\.cache\kagglehub\datasets\andrewmvd\ocular-disease-recognition-odir5k\versions\2\ODIR-5K\ODIR-5K\Training Images\3398_left.jpg,0,No DR
3398,right,3398_right.jpg,C:\Users\sures\.cache\kagglehub\datasets\andrewmvd\ocular-disease-recognition-odir5k\versions\2\ODIR-5K\ODIR-5K\Training Images\3398_right.jpg,0,No DR
3947,left,3947_left.jpg,C:\Users\sures\.cache\kagglehub\datasets\andrewmvd\ocular-disease-recognition-odir5k\versions\2\ODIR-5K\ODIR-5K\Training Images\3947_left.jpg,2,Moderate DR
4058,left,4058_left.jpg,C:\Users\sures\.cache\kagglehub\datasets\andrewmvd\ocular-disease-recognition-odir5k\versions\2\ODIR-5K\ODIR-5K\Training Images\4058_left.jpg,0,No DR
4091,left,4091_left.jpg,C:\Users\sures\.cache\kagglehub\datasets\andrewmvd\ocular-disease-recognition-odir5k\versions\2\ODIR-5K\ODIR-5K\Training Images\4091_left.jpg,2,Moderate DR
4091,right,4091_right.jpg,C:\Users\sures\.cache\kagglehub\datasets\andrewmvd\ocular-disease-recognition-odir5k\versions\2\ODIR-5K\ODIR-5K\Training Images\4091_right.jpg,2,Moderate DR
4124,left,4124_left.jpg,C:\Users\sures\.cache\kagglehub\datasets\andrewmvd\ocular-disease-recognition-odir5k\versions\2\ODIR-5K\ODIR-5K\Training Images\4124_left.jpg,2,Moderate DR
4180,left,4180_left.jpg,C:\Users\sures\.cache\kagglehub\datasets\andrewmvd\ocular-disease-recognition-odir5k\versions\2\ODIR-5K\ODIR-5K\Training Images\4180_left.jpg,2,Moderate DR
4198,left,4198_left.jpg,C:\Users\sures\.cache\kagglehub\datasets\andrewmvd\ocular-disease-recognition-odir5k\versions\2\ODIR-5K\ODIR-5K\Training Images\4198_left.jpg,2,Moderate DR
4243,left,4243_left.jpg,C:\Users\sures\.cache\kagglehub\datasets\andrewmvd\ocular-disease-recognition-odir5k\versions\2\ODIR-5K\ODIR-5K\Training Images\4243_left.jpg,3,Severe DR
4243,right,4243_right.jpg,C:\Users\sures\.cache\kagglehub\datasets\andrewmvd\ocular-disease-recognition-odir5k\versions\2\ODIR-5K\ODIR-5K\Training Images\4243_right.jpg,2,Moderate DR
4262,left,4262_left.jpg,C:\Users\sures\.cache\kagglehub\datasets\andrewmvd\ocular-disease-recognition-odir5k\versions\2\ODIR-5K\ODIR-5K\Training Images\4262_left.jpg,1,Mild DR
4319,left,4319_left.jpg,C:\Users\sures\.cache\kagglehub\datasets\andrewmvd\ocular-disease-recognition-odir5k\versions\2\ODIR-5K\ODIR-5K\Training Images\4319_left.jpg,2,Moderate DR
4394,left,4394_left.jpg,C:\Users\sures\.cache\kagglehub\datasets\andrewmvd\ocular-disease-recognition-odir5k\versions\2\ODIR-5K\ODIR-5K\Training Images\4394_left.jpg,1,Mild DR
4427,left,4427_left.jpg,C:\Users\sures\.cache\kagglehub\datasets\andrewmvd\ocular-disease-recognition-odir5k\versions\2\ODIR-5K\ODIR-5K\Training Images\4427_left.jpg,1,Mild DR
4551,left,4551_left.jpg,C:\Users\sures\.cache\kagglehub\datasets\andrewmvd\ocular-disease-recognition-odir5k\versions\2\ODIR-5K\ODIR-5K\Training Images\4551_left.jpg,1,Mild DR
